-- phpMyAdmin SQL Dump
-- version 4.9.5
-- https://www.phpmyadmin.net/
--
-- Host: localhost:3306
-- Generation Time: Aug 18, 2020 at 12:09 PM
-- Server version: 5.7.31
-- PHP Version: 7.3.6

SET SQL_MODE = "NO_AUTO_VALUE_ON_ZERO";
SET AUTOCOMMIT = 0;
START TRANSACTION;
SET time_zone = "+00:00";


/*!40101 SET @OLD_CHARACTER_SET_CLIENT=@@CHARACTER_SET_CLIENT */;
/*!40101 SET @OLD_CHARACTER_SET_RESULTS=@@CHARACTER_SET_RESULTS */;
/*!40101 SET @OLD_COLLATION_CONNECTION=@@COLLATION_CONNECTION */;
/*!40101 SET NAMES utf8mb4 */;

--
-- Database: `nettheme_laravelg`
--

--
-- Truncate table before insert `banners`
--

TRUNCATE TABLE `banners`;
--
-- Dumping data for table `banners`
--

INSERT INTO `banners` (`banners_id`, `banners_title`, `banners_url`, `banners_image`, `banners_group`, `banners_html_text`, `expires_impressions`, `expires_date`, `date_scheduled`, `date_added`, `date_status_change`, `status`, `type`, `banners_slug`, `created_at`, `updated_at`, `languages_id`) VALUES
(1, 'Fruits & Vegetable', '50', '264', '', NULL, 0, '2022-05-31 00:00:00', NULL, '0000-00-00 00:00:00', NULL, 1, 'product', '', '2020-05-11 10:52:25', '2020-05-11 10:52:25', 1),
(2, 'Dairy Products', '50', '267', '', NULL, 0, '2022-05-25 00:00:00', NULL, '0000-00-00 00:00:00', NULL, 1, 'product', '', '2020-05-11 10:52:46', '2020-05-11 10:52:46', 1),
(3, 'Snacks', '50', '266', '', NULL, 0, '2022-10-31 00:00:00', NULL, '0000-00-00 00:00:00', NULL, 1, 'product', '', '2020-05-11 10:53:44', '2020-05-11 10:53:44', 1);

--
-- Truncate table before insert `banners_history`
--

TRUNCATE TABLE `banners_history`;
--
-- Truncate table before insert `categories`
--

TRUNCATE TABLE `categories`;
--
-- Dumping data for table `categories`
--

INSERT INTO `categories` (`categories_id`, `categories_image`, `categories_icon`, `parent_id`, `sort_order`, `date_added`, `last_modified`, `categories_slug`, `categories_status`, `created_at`, `updated_at`) VALUES
(-1, '120', '120', 0, NULL, NULL, NULL, 'uncategorized', 1, NULL, NULL),
(1, '257', '120', 0, NULL, NULL, NULL, 'beverages', 1, '2019-11-27 01:26:28', '2020-05-15 01:25:14'),
(2, '256', '122', 0, NULL, NULL, NULL, 'eggs-dairy', 1, '2019-11-27 01:27:33', '2020-05-15 01:25:10'),
(3, '259', '125', 0, NULL, NULL, NULL, 'fruits-and-vegetables', 1, '2019-11-27 01:28:08', '2020-05-15 01:25:07'),
(4, '258', '128', 0, NULL, NULL, NULL, 'meat', 1, '2019-11-27 01:29:03', '2020-05-15 01:25:02'),
(5, '260', '130', 0, NULL, NULL, NULL, 'snacks-candy', 1, '2019-11-27 01:29:32', '2020-05-15 01:24:58'),
(6, '206', '205', 0, NULL, NULL, NULL, 'sprouts', 1, '2020-04-28 01:19:48', '2020-05-15 01:24:55'),
(7, '208', '207', 0, NULL, NULL, NULL, 'farm-foods', 1, '2020-04-28 01:20:44', '2020-05-15 01:24:01'),
(8, '210', '209', 0, NULL, NULL, NULL, 'food-grains', 1, '2020-04-28 01:21:32', '2020-05-15 01:23:52');

--
-- Truncate table before insert `categories_description`
--

TRUNCATE TABLE `categories_description`;
--
-- Dumping data for table `categories_description`
--

INSERT INTO `categories_description` (`categories_description_id`, `categories_id`, `language_id`, `categories_name`, `categories_description`) VALUES
(1, 1, 1, 'Beverages', 'Lorem ipsum dolor sit amet, consectetur adipiscing elit. Morbi venenatis felis tempus feugiat maximus'),
(2, 1, 2, 'مشروبات', 'وريم ايبسوم دولار سيت أميت ,كونسيكتيتور أدايبا يسكينج أليايت,سيت دو أيوسمود تيمبور أنكايديديونتيوت لابوري ات دولار ماجنا أليكيوا'),
(3, 2, 1, 'Eggs & Dairy', 'Lorem ipsum dolor sit amet, consectetur adipiscing elit. Morbi venenatis felis tempus feugiat maximus'),
(4, 2, 2, 'البيض ومنتجات الألبان', 'وريم ايبسوم دولار سيت أميت ,كونسيكتيتور أدايبا يسكينج أليايت,سيت دو أيوسمود تيمبور أنكايديديونتيوت لابوري ات دولار ماجنا أليكيوا'),
(5, 3, 1, 'Fruits and Vegetables', 'Lorem ipsum dolor sit amet, consectetur adipiscing elit. Morbi venenatis felis tempus feugiat maximus'),
(6, 3, 2, 'فواكه وخضراوات', 'وريم ايبسوم دولار سيت أميت ,كونسيكتيتور أدايبا يسكينج أليايت,سيت دو أيوسمود تيمبور أنكايديديونتيوت لابوري ات دولار ماجنا أليكيوا'),
(7, 4, 1, 'Meat', 'Lorem ipsum dolor sit amet, consectetur adipiscing elit. Morbi venenatis felis tempus feugiat maximus'),
(8, 4, 2, 'لحم', 'وريم ايبسوم دولار سيت أميت ,كونسيكتيتور أدايبا يسكينج أليايت,سيت دو أيوسمود تيمبور أنكايديديونتيوت لابوري ات دولار ماجنا أليكيوا'),
(9, 5, 1, 'Snacks & Candy', 'Lorem ipsum dolor sit amet, consectetur adipiscing elit. Morbi venenatis felis tempus feugiat maximus'),
(10, 5, 2, 'الوجبات الخفيفة والحلوى', 'وريم ايبسوم دولار سيت أميت ,كونسيكتيتور أدايبا يسكينج أليايت,سيت دو أيوسمود تيمبور أنكايديديونتيوت لابوري ات دولار ماجنا أليكيوا'),
(11, 6, 1, 'Sprouts', 'Lorem ipsum dolor sit amet, consectetur adipiscing elit. Morbi venenatis felis tempus feugiat maximus'),
(12, 6, 2, 'براعم', 'وريم ايبسوم دولار سيت أميت ,كونسيكتيتور أدايبا يسكينج أليايت,سيت دو أيوسمود تيمبور أنكايديديونتيوت لابوري ات دولار ماجنا أليكيوا'),
(13, 7, 1, 'Farm Foods', 'Lorem ipsum dolor sit amet, consectetur adipiscing elit. Morbi venenatis felis tempus feugiat maximus'),
(14, 7, 2, 'أغذية المزرعة', 'وريم ايبسوم دولار سيت أميت ,كونسيكتيتور أدايبا يسكينج أليايت,سيت دو أيوسمود تيمبور أنكايديديونتيوت لابوري ات دولار ماجنا أليكيوا'),
(15, 8, 1, 'Food Grains', 'Lorem ipsum dolor sit amet, consectetur adipiscing elit. Morbi venenatis felis tempus feugiat maximus'),
(16, 8, 2, 'حبوب الطعام', 'وريم ايبسوم دولار سيت أميت ,كونسيكتيتور أدايبا يسكينج أليايت,سيت دو أيوسمود تيمبور أنكايديديونتيوت لابوري ات دولار ماجنا أليكيوا'),
(17, -1, 1, 'uncategorized', 'uncategorized'),
(18, -1, 2, 'uncategorized', 'uncategorized');

--
-- Truncate table before insert `categories_role`
--

TRUNCATE TABLE `categories_role`;
--
-- Truncate table before insert `constant_banners`
--

TRUNCATE TABLE `constant_banners`;
--
-- Dumping data for table `constant_banners`
--

INSERT INTO `constant_banners` (`banners_id`, `banners_title`, `banners_url`, `banners_image`, `date_added`, `status`, `languages_id`, `type`) VALUES
(1, '1', '/shop', '279', '2020-05-07 21:42:20', 1, 1, '1'),
(2, '2', '/shop', '280', '2020-05-07 21:42:50', 1, 1, '2'),
(3, 'banner1', '', '174', '2019-09-08 18:43:34', 1, 1, '3'),
(4, 'banner1', '', '175', '2019-09-08 18:43:42', 1, 1, '4'),
(5, 'banner1', '', '176', '2019-09-08 18:44:15', 1, 1, '5'),
(6, 'banner2_3_4', '', '177', '2019-09-10 08:50:55', 1, 1, '6'),
(7, '7', '', '196', '2020-07-07 10:29:55', 1, 1, '7'),
(8, '8', '', '175', '2020-07-07 09:41:40', 1, 1, '8'),
(9, '9', '', '174', '2020-07-07 09:42:46', 1, 1, '9'),
(10, 'banner5_6', '', '185', '2019-09-10 09:31:13', 1, 1, '10'),
(11, 'banner5_6', '', '184', '2019-09-10 09:31:24', 1, 1, '11'),
(12, 'banner5_6', '', '182', '2019-09-10 09:31:35', 1, 1, '12'),
(13, 'banner5_6', '', '192', '2019-09-10 09:32:18', 1, 1, '13'),
(14, 'banner5_6', '', '183', '2019-09-10 09:32:28', 1, 1, '14'),
(15, 'banner7_8', '', '189', '2019-09-10 09:52:02', 1, 1, '15'),
(16, 'banner7_8', '', '186', '2019-09-10 09:52:29', 1, 1, '16'),
(17, 'banner7_8', '', '187', '2019-09-10 09:47:56', 1, 1, '17'),
(18, 'banner7_8', '', '188', '2019-09-10 09:48:05', 1, 1, '18'),
(19, 'banner9', '', '190', '2019-09-10 10:19:03', 1, 1, '19'),
(20, 'banner9', '', '191', '2019-09-10 10:19:13', 1, 1, '20'),
(21, 'banner10_11_12', '', '193', '2019-09-10 10:26:12', 1, 1, '21'),
(22, 'banner10_11_12', '', '192', '2019-09-10 10:26:30', 1, 1, '22'),
(23, 'banner10_11_12', '', '195', '2019-09-10 10:26:41', 1, 1, '23'),
(24, 'banner10_11_12', '', '196', '2019-09-10 10:26:54', 1, 1, '24'),
(25, 'banner13_14_15', '', '200', '2019-09-10 11:01:09', 1, 1, '25'),
(26, 'banner13_14_15', '', '197', '2019-09-10 11:01:27', 1, 1, '26'),
(27, 'banner13_14_15', '', '199', '2019-09-10 11:02:12', 1, 1, '27'),
(28, 'banner13_14_15', '', '198', '2019-09-10 11:02:23', 1, 1, '28'),
(29, 'banner13_14_15', '', '201', '2019-09-10 11:02:36', 1, 1, '29'),
(30, 'banner16_17', '', '202', '2019-09-10 11:19:45', 1, 1, '30'),
(31, 'banner16_17', '', '204', '2019-09-10 11:19:58', 1, 1, '31'),
(32, 'banner16_17', '', '203', '2019-09-10 11:21:00', 1, 1, '32'),
(33, '33', '', '190', '2020-07-07 12:01:53', 1, 1, '33'),
(34, '34', '', '191', '2020-07-07 12:02:34', 1, 1, '34'),
(35, 'banner18_19', '', '182', '2019-09-10 11:31:04', 1, 1, '35'),
(36, 'banner18_19', '', '192', '2019-09-10 11:31:20', 1, 1, '36'),
(37, 'banner18_19', '', '199', '2019-09-10 11:31:54', 1, 1, '37'),
(38, 'banner18_19', '', '201', '2019-09-10 11:32:06', 1, 1, '38'),
(39, 'ad_banner1', '', '107', '2019-09-11 06:17:45', 1, 1, '39'),
(40, 'ad_banner2', '', '106', '2019-09-11 06:17:58', 1, 1, '40'),
(41, 'style0', '', '114', '0000-00-00 00:00:00', 1, 2, '1'),
(42, 'style0', '', '114', '0000-00-00 00:00:00', 1, 2, '2'),
(43, '3', '', '285', '2020-07-07 12:30:14', 1, 2, '3'),
(44, '4', '', '286', '2020-07-07 12:45:06', 1, 2, '4'),
(45, '5', '', '287', '2020-07-07 12:46:32', 1, 2, '5'),
(46, '6', '', '284', '2020-07-07 12:57:41', 1, 2, '6'),
(47, '7', '', '288', '2020-07-07 12:58:55', 1, 2, '7'),
(48, '8', '', '286', '2020-07-07 13:00:32', 1, 2, '8'),
(49, '9', '', '285', '2020-07-07 13:00:49', 1, 2, '9'),
(50, '10', '', '286', '2020-07-07 13:03:08', 1, 2, '10'),
(51, '11', '', '287', '2020-07-07 13:04:24', 1, 2, '11'),
(52, '12', '', '285', '2020-07-07 13:06:05', 1, 2, '12'),
(53, '13', '', '289', '2020-07-07 13:08:56', 1, 2, '13'),
(54, '14', '', '290', '2020-07-07 13:11:41', 1, 2, '14'),
(55, '15', '', '290', '2020-07-07 13:28:12', 1, 2, '15'),
(56, '16', '', '285', '2020-07-07 13:28:44', 1, 2, '16'),
(57, '17', '', '286', '2020-07-07 13:29:09', 1, 2, '17'),
(58, '18', '', '291', '2020-07-07 13:30:33', 1, 2, '18'),
(59, '19', '', '284', '2020-07-07 13:31:57', 1, 2, '19'),
(60, '20', '', '292', '2020-07-07 13:33:02', 1, 2, '20'),
(61, '21', '', '283', '2020-07-07 13:34:28', 1, 2, '21'),
(62, '22', '', '289', '2020-07-07 13:35:02', 1, 2, '22'),
(63, '23', '', '285', '2020-07-07 13:35:30', 1, 2, '23'),
(64, '24', '', '288', '2020-07-07 13:35:44', 1, 2, '24'),
(65, '25', '', '288', '2020-07-07 13:37:43', 1, 2, '25'),
(66, '26', '', '293', '2020-07-07 13:38:48', 1, 2, '26'),
(67, '27', '', '286', '2020-07-07 13:39:21', 1, 2, '27'),
(68, '28', '', '285', '2020-07-07 13:39:38', 1, 2, '28'),
(69, '29', '', '292', '2020-07-07 13:40:07', 1, 2, '29'),
(70, '30', '', '284', '2020-07-07 13:41:32', 1, 2, '30'),
(71, '31', '', '282', '2020-07-07 13:42:06', 1, 2, '31'),
(72, '32', '', '288', '2020-07-07 13:42:26', 1, 2, '32'),
(73, '33', '', '293', '2020-07-07 13:43:55', 1, 2, '33'),
(74, '34', '', '292', '2020-07-07 13:44:30', 1, 2, '34'),
(75, '35', '', '285', '2020-07-07 13:45:07', 1, 2, '35'),
(76, '36', '', '289', '2020-07-07 13:45:41', 1, 2, '36'),
(77, '37', '', '286', '2020-07-07 13:46:24', 1, 2, '37'),
(78, '38', '', '292', '2020-07-07 13:47:05', 1, 2, '38'),
(79, 'ad_banner1', '', '107', '0000-00-00 00:00:00', 1, 2, '39'),
(80, 'ad_banner2', '', '106', '0000-00-00 00:00:00', 1, 2, '40'),
(81, 'ad_banner3', '', '107', '2020-02-26 02:10:11', 1, 1, '41'),
(82, 'ad_banner3', '', '107', '2020-02-26 04:08:08', 1, 2, '41'),
(83, 'ad_banner3', '', '107', '2020-02-26 02:10:11', 1, 1, '41'),
(84, 'ad_banner3', '', '107', '2020-02-26 04:08:08', 1, 2, '41'),
(85, 'ad_banner3', '', '107', '2020-02-26 02:10:11', 1, 1, '41'),
(86, 'ad_banner3', '', '107', '2020-02-26 04:08:08', 1, 2, '41');

--
-- Truncate table before insert `countries`
--

TRUNCATE TABLE `countries`;
--
-- Dumping data for table `countries`
--

INSERT INTO `countries` (`countries_id`, `countries_name`, `countries_iso_code_2`, `countries_iso_code_3`, `address_format_id`, `country_code`) VALUES
(1, 'Afghanistan', 'AF', 'AFG', 1, NULL),
(2, 'Albania', 'AL', 'ALB', 1, NULL),
(3, 'Algeria', 'DZ', 'DZA', 1, NULL),
(4, 'American Samoa', 'AS', 'ASM', 1, NULL),
(5, 'Andorra', 'AD', 'AND', 1, NULL),
(6, 'Angola', 'AO', 'AGO', 1, NULL),
(7, 'Anguilla', 'AI', 'AIA', 1, NULL),
(8, 'Antarctica', 'AQ', 'ATA', 1, NULL),
(9, 'Antigua and Barbuda', 'AG', 'ATG', 1, NULL),
(10, 'Argentina', 'AR', 'ARG', 1, NULL),
(11, 'Armenia', 'AM', 'ARM', 1, NULL),
(12, 'Aruba', 'AW', 'ABW', 1, NULL),
(13, 'Australia', 'AU', 'AUS', 1, NULL),
(14, 'Austria', 'AT', 'AUT', 5, NULL),
(15, 'Azerbaijan', 'AZ', 'AZE', 1, NULL),
(16, 'Bahamas', 'BS', 'BHS', 1, NULL),
(17, 'Bahrain', 'BH', 'BHR', 1, NULL),
(18, 'Bangladesh', 'BD', 'BGD', 1, NULL),
(19, 'Barbados', 'BB', 'BRB', 1, NULL),
(20, 'Belarus', 'BY', 'BLR', 1, NULL),
(21, 'Belgium', 'BE', 'BEL', 1, NULL),
(22, 'Belize', 'BZ', 'BLZ', 1, NULL),
(23, 'Benin', 'BJ', 'BEN', 1, NULL),
(24, 'Bermuda', 'BM', 'BMU', 1, NULL),
(25, 'Bhutan', 'BT', 'BTN', 1, NULL),
(26, 'Bolivia', 'BO', 'BOL', 1, NULL),
(27, 'Bosnia and Herzegowina', 'BA', 'BIH', 1, NULL),
(28, 'Botswana', 'BW', 'BWA', 1, NULL),
(29, 'Bouvet Island', 'BV', 'BVT', 1, NULL),
(30, 'Brazil', 'BR', 'BRA', 1, NULL),
(31, 'British Indian Ocean Territory', 'IO', 'IOT', 1, NULL),
(32, 'Brunei Darussalam', 'BN', 'BRN', 1, NULL),
(33, 'Bulgaria', 'BG', 'BGR', 1, NULL),
(34, 'Burkina Faso', 'BF', 'BFA', 1, NULL),
(35, 'Burundi', 'BI', 'BDI', 1, NULL),
(36, 'Cambodia', 'KH', 'KHM', 1, NULL),
(37, 'Cameroon', 'CM', 'CMR', 1, NULL),
(38, 'Canada', 'CA', 'CAN', 1, NULL),
(39, 'Cape Verde', 'CV', 'CPV', 1, NULL),
(40, 'Cayman Islands', 'KY', 'CYM', 1, NULL),
(41, 'Central African Republic', 'CF', 'CAF', 1, NULL),
(42, 'Chad', 'TD', 'TCD', 1, NULL),
(43, 'Chile', 'CL', 'CHL', 1, NULL),
(44, 'China', 'CN', 'CHN', 1, NULL),
(45, 'Christmas Island', 'CX', 'CXR', 1, NULL),
(46, 'Cocos (Keeling) Islands', 'CC', 'CCK', 1, NULL),
(47, 'Colombia', 'CO', 'COL', 1, NULL),
(48, 'Comoros', 'KM', 'COM', 1, NULL),
(49, 'Congo', 'CG', 'COG', 1, NULL),
(50, 'Cook Islands', 'CK', 'COK', 1, NULL),
(51, 'Costa Rica', 'CR', 'CRI', 1, NULL),
(52, 'Cote D\'Ivoire', 'CI', 'CIV', 1, NULL),
(53, 'Croatia', 'HR', 'HRV', 1, NULL),
(54, 'Cuba', 'CU', 'CUB', 1, NULL),
(55, 'Cyprus', 'CY', 'CYP', 1, NULL),
(56, 'Czech Republic', 'CZ', 'CZE', 1, NULL),
(57, 'Denmark', 'DK', 'DNK', 1, NULL),
(58, 'Djibouti', 'DJ', 'DJI', 1, NULL),
(59, 'Dominica', 'DM', 'DMA', 1, NULL),
(60, 'Dominican Republic', 'DO', 'DOM', 1, NULL),
(61, 'East Timor', 'TP', 'TMP', 1, NULL),
(62, 'Ecuador', 'EC', 'ECU', 1, NULL),
(63, 'Egypt', 'EG', 'EGY', 1, NULL),
(64, 'El Salvador', 'SV', 'SLV', 1, NULL),
(65, 'Equatorial Guinea', 'GQ', 'GNQ', 1, NULL),
(66, 'Eritrea', 'ER', 'ERI', 1, NULL),
(67, 'Estonia', 'EE', 'EST', 1, NULL),
(68, 'Ethiopia', 'ET', 'ETH', 1, NULL),
(69, 'Falkland Islands (Malvinas)', 'FK', 'FLK', 1, NULL),
(70, 'Faroe Islands', 'FO', 'FRO', 1, NULL),
(71, 'Fiji', 'FJ', 'FJI', 1, NULL),
(72, 'Finland', 'FI', 'FIN', 1, NULL),
(73, 'France', 'FR', 'FRA', 1, NULL),
(74, 'France, Metropolitan', 'FX', 'FXX', 1, NULL),
(75, 'French Guiana', 'GF', 'GUF', 1, NULL),
(76, 'French Polynesia', 'PF', 'PYF', 1, NULL),
(77, 'French Southern Territories', 'TF', 'ATF', 1, NULL),
(78, 'Gabon', 'GA', 'GAB', 1, NULL),
(79, 'Gambia', 'GM', 'GMB', 1, NULL),
(80, 'Georgia', 'GE', 'GEO', 1, NULL),
(81, 'Germany', 'DE', 'DEU', 5, NULL),
(82, 'Ghana', 'GH', 'GHA', 1, NULL),
(83, 'Gibraltar', 'GI', 'GIB', 1, NULL),
(84, 'Greece', 'GR', 'GRC', 1, NULL),
(85, 'Greenland', 'GL', 'GRL', 1, NULL),
(86, 'Grenada', 'GD', 'GRD', 1, NULL),
(87, 'Guadeloupe', 'GP', 'GLP', 1, NULL),
(88, 'Guam', 'GU', 'GUM', 1, NULL),
(89, 'Guatemala', 'GT', 'GTM', 1, NULL),
(90, 'Guinea', 'GN', 'GIN', 1, NULL),
(91, 'Guinea-bissau', 'GW', 'GNB', 1, NULL),
(92, 'Guyana', 'GY', 'GUY', 1, NULL),
(93, 'Haiti', 'HT', 'HTI', 1, NULL),
(94, 'Heard and Mc Donald Islands', 'HM', 'HMD', 1, NULL),
(95, 'Honduras', 'HN', 'HND', 1, NULL),
(96, 'Hong Kong', 'HK', 'HKG', 1, NULL),
(97, 'Hungary', 'HU', 'HUN', 1, NULL),
(98, 'Iceland', 'IS', 'ISL', 1, NULL),
(99, 'India', 'IN', 'IND', 1, NULL),
(100, 'Indonesia', 'ID', 'IDN', 1, NULL),
(101, 'Iran (Islamic Republic of)', 'IR', 'IRN', 1, NULL),
(102, 'Iraq', 'IQ', 'IRQ', 1, NULL),
(103, 'Ireland', 'IE', 'IRL', 1, NULL),
(104, 'Israel', 'IL', 'ISR', 1, NULL),
(105, 'Italy', 'IT', 'ITA', 1, NULL),
(106, 'Jamaica', 'JM', 'JAM', 1, NULL),
(107, 'Japan', 'JP', 'JPN', 1, NULL),
(108, 'Jordan', 'JO', 'JOR', 1, NULL),
(109, 'Kazakhstan', 'KZ', 'KAZ', 1, NULL),
(110, 'Kenya', 'KE', 'KEN', 1, NULL),
(111, 'Kiribati', 'KI', 'KIR', 1, NULL),
(112, 'Korea, Democratic People\'s Republic of', 'KP', 'PRK', 1, NULL),
(113, 'Korea, Republic of', 'KR', 'KOR', 1, NULL),
(114, 'Kuwait', 'KW', 'KWT', 1, NULL),
(115, 'Kyrgyzstan', 'KG', 'KGZ', 1, NULL),
(116, 'Lao People\'s Democratic Republic', 'LA', 'LAO', 1, NULL),
(117, 'Latvia', 'LV', 'LVA', 1, NULL),
(118, 'Lebanon', 'LB', 'LBN', 1, NULL),
(119, 'Lesotho', 'LS', 'LSO', 1, NULL),
(120, 'Liberia', 'LR', 'LBR', 1, NULL),
(121, 'Libyan Arab Jamahiriya', 'LY', 'LBY', 1, NULL),
(122, 'Liechtenstein', 'LI', 'LIE', 1, NULL),
(123, 'Lithuania', 'LT', 'LTU', 1, NULL),
(124, 'Luxembourg', 'LU', 'LUX', 1, NULL),
(125, 'Macau', 'MO', 'MAC', 1, NULL),
(126, 'Macedonia, The Former Yugoslav Republic of', 'MK', 'MKD', 1, NULL),
(127, 'Madagascar', 'MG', 'MDG', 1, NULL),
(128, 'Malawi', 'MW', 'MWI', 1, NULL),
(129, 'Malaysia', 'MY', 'MYS', 1, NULL),
(130, 'Maldives', 'MV', 'MDV', 1, NULL),
(131, 'Mali', 'ML', 'MLI', 1, NULL),
(132, 'Malta', 'MT', 'MLT', 1, NULL),
(133, 'Marshall Islands', 'MH', 'MHL', 1, NULL),
(134, 'Martinique', 'MQ', 'MTQ', 1, NULL),
(135, 'Mauritania', 'MR', 'MRT', 1, NULL),
(136, 'Mauritius', 'MU', 'MUS', 1, NULL),
(137, 'Mayotte', 'YT', 'MYT', 1, NULL),
(138, 'Mexico', 'MX', 'MEX', 1, NULL),
(139, 'Micronesia, Federated States of', 'FM', 'FSM', 1, NULL),
(140, 'Moldova, Republic of', 'MD', 'MDA', 1, NULL),
(141, 'Monaco', 'MC', 'MCO', 1, NULL),
(142, 'Mongolia', 'MN', 'MNG', 1, NULL),
(143, 'Montserrat', 'MS', 'MSR', 1, NULL),
(144, 'Morocco', 'MA', 'MAR', 1, NULL),
(145, 'Mozambique', 'MZ', 'MOZ', 1, NULL),
(146, 'Myanmar', 'MM', 'MMR', 1, NULL),
(147, 'Namibia', 'NA', 'NAM', 1, NULL),
(148, 'Nauru', 'NR', 'NRU', 1, NULL),
(149, 'Nepal', 'NP', 'NPL', 1, NULL),
(150, 'Netherlands', 'NL', 'NLD', 1, NULL),
(151, 'Netherlands Antilles', 'AN', 'ANT', 1, NULL),
(152, 'New Caledonia', 'NC', 'NCL', 1, NULL),
(153, 'New Zealand', 'NZ', 'NZL', 1, NULL),
(154, 'Nicaragua', 'NI', 'NIC', 1, NULL),
(155, 'Niger', 'NE', 'NER', 1, NULL),
(156, 'Nigeria', 'NG', 'NGA', 1, NULL),
(157, 'Niue', 'NU', 'NIU', 1, NULL),
(158, 'Norfolk Island', 'NF', 'NFK', 1, NULL),
(159, 'Northern Mariana Islands', 'MP', 'MNP', 1, NULL),
(160, 'Norway', 'NO', 'NOR', 1, NULL),
(161, 'Oman', 'OM', 'OMN', 1, NULL),
(162, 'Pakistan', 'PK', 'PAK', 1, NULL),
(163, 'Palau', 'PW', 'PLW', 1, NULL),
(164, 'Panama', 'PA', 'PAN', 1, NULL),
(165, 'Papua New Guinea', 'PG', 'PNG', 1, NULL),
(166, 'Paraguay', 'PY', 'PRY', 1, NULL),
(167, 'Peru', 'PE', 'PER', 1, NULL),
(168, 'Philippines', 'PH', 'PHL', 1, NULL),
(169, 'Pitcairn', 'PN', 'PCN', 1, NULL),
(170, 'Poland', 'PL', 'POL', 1, NULL),
(171, 'Portugal', 'PT', 'PRT', 1, NULL),
(172, 'Puerto Rico', 'PR', 'PRI', 1, NULL),
(173, 'Qatar', 'QA', 'QAT', 1, NULL),
(174, 'Reunion', 'RE', 'REU', 1, NULL),
(175, 'Romania', 'RO', 'ROM', 1, NULL),
(176, 'Russian Federation', 'RU', 'RUS', 1, NULL),
(177, 'Rwanda', 'RW', 'RWA', 1, NULL),
(178, 'Saint Kitts and Nevis', 'KN', 'KNA', 1, NULL),
(179, 'Saint Lucia', 'LC', 'LCA', 1, NULL),
(180, 'Saint Vincent and the Grenadines', 'VC', 'VCT', 1, NULL),
(181, 'Samoa', 'WS', 'WSM', 1, NULL),
(182, 'San Marino', 'SM', 'SMR', 1, NULL),
(183, 'Sao Tome and Principe', 'ST', 'STP', 1, NULL),
(184, 'Saudi Arabia', 'SA', 'SAU', 1, NULL),
(185, 'Senegal', 'SN', 'SEN', 1, NULL),
(186, 'Seychelles', 'SC', 'SYC', 1, NULL),
(187, 'Sierra Leone', 'SL', 'SLE', 1, NULL),
(188, 'Singapore', 'SG', 'SGP', 4, NULL),
(189, 'Slovakia (Slovak Republic)', 'SK', 'SVK', 1, NULL),
(190, 'Slovenia', 'SI', 'SVN', 1, NULL),
(191, 'Solomon Islands', 'SB', 'SLB', 1, NULL),
(192, 'Somalia', 'SO', 'SOM', 1, NULL),
(193, 'South Africa', 'ZA', 'ZAF', 1, NULL),
(194, 'South Georgia and the South Sandwich Islands', 'GS', 'SGS', 1, NULL),
(195, 'Spain', 'ES', 'ESP', 3, NULL),
(196, 'Sri Lanka', 'LK', 'LKA', 1, NULL),
(197, 'St. Helena', 'SH', 'SHN', 1, NULL),
(198, 'St. Pierre and Miquelon', 'PM', 'SPM', 1, NULL),
(199, 'Sudan', 'SD', 'SDN', 1, NULL),
(200, 'Suriname', 'SR', 'SUR', 1, NULL),
(201, 'Svalbard and Jan Mayen Islands', 'SJ', 'SJM', 1, NULL),
(202, 'Swaziland', 'SZ', 'SWZ', 1, NULL),
(203, 'Sweden', 'SE', 'SWE', 1, NULL),
(204, 'Switzerland', 'CH', 'CHE', 1, NULL),
(205, 'Syrian Arab Republic', 'SY', 'SYR', 1, NULL),
(206, 'Taiwan', 'TW', 'TWN', 1, NULL),
(207, 'Tajikistan', 'TJ', 'TJK', 1, NULL),
(208, 'Tanzania, United Republic of', 'TZ', 'TZA', 1, NULL),
(209, 'Thailand', 'TH', 'THA', 1, NULL),
(210, 'Togo', 'TG', 'TGO', 1, NULL),
(211, 'Tokelau', 'TK', 'TKL', 1, NULL),
(212, 'Tonga', 'TO', 'TON', 1, NULL),
(213, 'Trinidad and Tobago', 'TT', 'TTO', 1, NULL),
(214, 'Tunisia', 'TN', 'TUN', 1, NULL),
(215, 'Turkey', 'TR', 'TUR', 1, NULL),
(216, 'Turkmenistan', 'TM', 'TKM', 1, NULL),
(217, 'Turks and Caicos Islands', 'TC', 'TCA', 1, NULL),
(218, 'Tuvalu', 'TV', 'TUV', 1, NULL),
(219, 'Uganda', 'UG', 'UGA', 1, NULL),
(220, 'Ukraine', 'UA', 'UKR', 1, NULL),
(221, 'United Arab Emirates', 'AE', 'ARE', 1, NULL),
(222, 'United Kingdom', 'GB', 'GBR', 1, NULL),
(223, 'United States', 'US', 'USA', 2, NULL),
(224, 'United States Minor Outlying Islands', 'UM', 'UMI', 1, NULL),
(225, 'Uruguay', 'UY', 'URY', 1, NULL),
(226, 'Uzbekistan', 'UZ', 'UZB', 1, NULL),
(227, 'Vanuatu', 'VU', 'VUT', 1, NULL),
(228, 'Vatican City State (Holy See)', 'VA', 'VAT', 1, NULL),
(229, 'Venezuela', 'VE', 'VEN', 1, NULL),
(230, 'Viet Nam', 'VN', 'VNM', 1, NULL),
(231, 'Virgin Islands (British)', 'VG', 'VGB', 1, NULL),
(232, 'Virgin Islands (U.S.)', 'VI', 'VIR', 1, NULL),
(233, 'Wallis and Futuna Islands', 'WF', 'WLF', 1, NULL),
(234, 'Western Sahara', 'EH', 'ESH', 1, NULL),
(235, 'Yemen', 'YE', 'YEM', 1, NULL),
(236, 'Yugoslavia', 'YU', 'YUG', 1, NULL),
(237, 'Zaire', 'ZR', 'ZAR', 1, NULL),
(238, 'Zambia', 'ZM', 'ZMB', 1, NULL),
(239, 'Zimbabwe', 'ZW', 'ZWE', 1, NULL);

--
-- Truncate table before insert `coupons`
--

TRUNCATE TABLE `coupons`;
--
-- Truncate table before insert `currencies`
--

TRUNCATE TABLE `currencies`;
--
-- Dumping data for table `currencies`
--

INSERT INTO `currencies` (`id`, `title`, `code`, `symbol_left`, `symbol_right`, `decimal_point`, `thousands_point`, `decimal_places`, `created_at`, `updated_at`, `value`, `is_default`, `status`, `is_current`) VALUES
(1, 'U.S. Dollar', 'USD', '$', NULL, NULL, NULL, '2', '2019-09-06 08:33:11', '2019-09-06 08:33:11', 1.00000000, 1, 1, 1),
(9, 'AED', 'AED', 'د.إ', NULL, NULL, NULL, '2', '2019-10-11 12:09:42', '2019-10-11 12:09:42', 3.67000000, 0, 1, 1);

--
-- Truncate table before insert `currency_record`
--

TRUNCATE TABLE `currency_record`;
--
-- Dumping data for table `currency_record`
--

INSERT INTO `currency_record` (`id`, `code`, `currency_name`) VALUES
(1, 'AED', 'United Arab Emirates Dirham'),
(2, 'AFN', 'Afghan Afghani'),
(3, 'ALL', 'Albanian Lek'),
(4, 'AMD', 'Armenian Dram'),
(5, 'ANG', 'Netherlands Antillean Guilder'),
(6, 'AOA', 'Angolan Kwanza'),
(7, 'ARS', 'Argentine Peso'),
(8, 'AUD', 'Australian Dollar'),
(9, 'AWG', 'Aruban Florin'),
(10, 'AZN', 'Azerbaijani Manat'),
(11, 'BAM', 'Bosnia-Herzegovina Convertible Mark'),
(12, 'BBD', 'Barbadian Dollar'),
(13, 'BDT', 'Bangladeshi Taka'),
(14, 'BGN', 'Bulgarian Lev'),
(15, 'BHD', 'Bahraini Dinar'),
(16, 'BIF', 'Burundian Franc'),
(17, 'BMD', 'Bermudan Dollar'),
(18, 'BND', 'Brunei Dollar'),
(19, 'BOB', 'Bolivian Boliviano'),
(20, 'BRL', 'Brazilian Real'),
(21, 'BSD', 'Bahamian Dollar'),
(22, 'BTC', 'Bitcoin'),
(23, 'BTN', 'Bhutanese Ngultrum'),
(24, 'BWP', 'Botswanan Pula'),
(25, 'BYN', 'Belarusian Ruble'),
(26, 'BZD', 'Belize Dollar'),
(27, 'CAD', 'Canadian Dollar'),
(28, 'CDF', 'Congolese Franc'),
(29, 'CHF', 'Swiss Franc'),
(30, 'CLF', 'Chilean Unit of Account (UF)'),
(31, 'CLP', 'Chilean Peso'),
(32, 'CNH', 'Chinese Yuan (Offshore)'),
(33, 'CNY', 'Chinese Yuan'),
(34, 'COP', 'Colombian Peso'),
(35, 'CRC', 'Costa Rican Colón'),
(36, 'CUC', 'Cuban Convertible Peso'),
(37, 'CUP', 'Cuban Peso'),
(38, 'CVE', 'Cape Verdean Escudo'),
(39, 'CZK', 'Czech Republic Koruna'),
(40, 'DJF', 'Djiboutian Franc'),
(41, 'DKK', 'Danish Krone'),
(42, 'DOP', 'Dominican Peso'),
(43, 'DZD', 'Algerian Dinar'),
(44, 'EGP', 'Egyptian Pound'),
(45, 'ERN', 'Eritrean Nakfa'),
(46, 'ETB', 'Ethiopian Birr'),
(47, 'EUR', 'Euro'),
(48, 'FJD', 'Fijian Dollar'),
(49, 'FKP', 'Falkland Islands Pound'),
(50, 'GBP', 'British Pound Sterling'),
(51, 'GEL', 'Georgian Lari'),
(52, 'GGP', 'Guernsey Pound'),
(53, 'GHS', 'Ghanaian Cedi'),
(54, 'GIP', 'Gibraltar Pound'),
(55, 'GMD', 'Gambian Dalasi'),
(56, 'GNF', 'Guinean Franc'),
(57, 'GTQ', 'Guatemalan Quetzal'),
(58, 'GYD', 'Guyanaese Dollar'),
(59, 'HKD', 'Hong Kong Dollar'),
(60, 'HNL', 'Honduran Lempira'),
(61, 'HRK', 'Croatian Kuna'),
(62, 'HTG', 'Haitian Gourde'),
(63, 'HUF', 'Hungarian Forint'),
(64, 'IDR', 'Indonesian Rupiah'),
(65, 'ILS', 'Israeli New Sheqel'),
(66, 'IMP', 'Manx pound'),
(67, 'INR', 'Indian Rupee'),
(68, 'IQD', 'Iraqi Dinar'),
(69, 'IRR', 'Iranian Rial'),
(70, 'ISK', 'Icelandic Króna'),
(71, 'JEP', 'Jersey Pound'),
(72, 'JMD', 'Jamaican Dollar'),
(73, 'JOD', 'Jordanian Dinar'),
(74, 'JPY', 'Japanese Yen'),
(75, 'KES', 'Kenyan Shilling'),
(76, 'KGS', 'Kyrgystani Som'),
(77, 'KHR', 'Cambodian Riel'),
(78, 'KMF', 'Comorian Franc'),
(79, 'KPW', 'North Korean Won'),
(80, 'KRW', 'South Korean Won'),
(81, 'KWD', 'Kuwaiti Dinar'),
(82, 'KYD', 'Cayman Islands Dollar'),
(83, 'KZT', 'Kazakhstani Tenge'),
(84, 'LAK', 'Laotian Kip'),
(85, 'LBP', 'Lebanese Pound'),
(86, 'LKR', 'Sri Lankan Rupee'),
(87, 'LRD', 'Liberian Dollar'),
(88, 'LSL', 'Lesotho Loti'),
(89, 'LYD', 'Libyan Dinar'),
(90, 'MAD', 'Moroccan Dirham'),
(91, 'MDL', 'Moldovan Leu'),
(92, 'MGA', 'Malagasy Ariary'),
(93, 'MKD', 'Macedonian Denar'),
(94, 'MMK', 'Myanma Kyat'),
(95, 'MNT', 'Mongolian Tugrik'),
(96, 'MOP', 'Macanese Pataca'),
(97, 'MRO', 'Mauritanian Ouguiya (pre-2018)'),
(98, 'MRU', 'Mauritanian Ouguiya'),
(99, 'MUR', 'Mauritian Rupee'),
(100, 'MVR', 'Maldivian Rufiyaa'),
(101, 'MWK', 'Malawian Kwacha'),
(102, 'MXN', 'Mexican Peso'),
(103, 'MYR', 'Malaysian Ringgit'),
(104, 'MZN', 'Mozambican Metical'),
(105, 'NAD', 'Namibian Dollar'),
(106, 'NGN', 'Nigerian Naira'),
(107, 'NIO', 'Nicaraguan Córdoba'),
(108, 'NOK', 'Norwegian Krone'),
(109, 'NPR', 'Nepalese Rupee'),
(110, 'NZD', 'New Zealand Dollar'),
(111, 'OMR', 'Omani Rial'),
(112, 'PAB', 'Panamanian Balboa'),
(113, 'PEN', 'Peruvian Nuevo Sol'),
(114, 'PGK', 'Papua New Guinean Kina'),
(115, 'PHP', 'Philippine Peso'),
(116, 'PKR', 'Pakistani Rupee'),
(117, 'PLN', 'Polish Zloty'),
(118, 'PYG', 'Paraguayan Guarani'),
(119, 'QAR', 'Qatari Rial'),
(120, 'RON', 'Romanian Leu'),
(121, 'RSD', 'Serbian Dinar'),
(122, 'RUB', 'Russian Ruble'),
(123, 'RWF', 'Rwandan Franc'),
(124, 'SAR', 'Saudi Riyal'),
(125, 'SBD', 'Solomon Islands Dollar'),
(126, 'SCR', 'Seychellois Rupee'),
(127, 'SDG', 'Sudanese Pound'),
(128, 'SEK', 'Swedish Krona'),
(129, 'SGD', 'Singapore Dollar'),
(130, 'SHP', 'Saint Helena Pound'),
(131, 'SLL', 'Sierra Leonean Leone'),
(132, 'SOS', 'Somali Shilling'),
(133, 'SRD', 'Surinamese Dollar'),
(134, 'SSP', 'South Sudanese Pound'),
(135, 'STD', 'São Tomé and Príncipe Dobra (pre-2018)'),
(136, 'STN', 'São Tomé and Príncipe Dobra'),
(137, 'SVC', 'Salvadoran Colón'),
(138, 'SYP', 'Syrian Pound'),
(139, 'SZL', 'Swazi Lilangeni'),
(140, 'THB', 'Thai Baht'),
(141, 'TJS', 'Tajikistani Somoni'),
(142, 'TMT', 'Turkmenistani Manat'),
(143, 'TND', 'Tunisian Dinar'),
(144, 'TOP', 'Tongan Pa\'anga'),
(145, 'TRY', 'Turkish Lira'),
(146, 'TTD', 'Trinidad and Tobago Dollar'),
(147, 'TWD', 'New Taiwan Dollar'),
(148, 'TZS', 'Tanzanian Shilling'),
(149, 'UAH', 'Ukrainian Hryvnia'),
(150, 'UGX', 'Ugandan Shilling'),
(151, 'USD', 'United States Dollar'),
(152, 'UYU', 'Uruguayan Peso'),
(153, 'UZS', 'Uzbekistan Som'),
(154, 'VEF', 'Venezuelan Bolívar Fuerte'),
(155, 'VND', 'Vietnamese Dong'),
(156, 'VUV', 'Vanuatu Vatu'),
(157, 'WST', 'Samoan Tala'),
(158, 'XAF', 'CFA Franc BEAC'),
(159, 'XAG', 'Silver Ounce'),
(160, 'XAU', 'Gold Ounce'),
(161, 'XCD', 'East Caribbean Dollar'),
(162, 'XDR', 'Special Drawing Rights'),
(163, 'XOF', 'CFA Franc BCEAO'),
(164, 'XPD', 'Palladium Ounce'),
(165, 'XPF', 'CFP Franc'),
(166, 'XPT', 'Platinum Ounce'),
(167, 'YER', 'Yemeni Rial'),
(168, 'ZAR', 'South African Rand'),
(169, 'ZMW', 'Zambian Kwacha'),
(170, 'ZWL', 'Zimbabwean Dollar');


--
-- Truncate table before insert `flash_sale`
--

TRUNCATE TABLE `flash_sale`;
--
-- Dumping data for table `flash_sale`
--

INSERT INTO `flash_sale` (`flash_sale_id`, `products_id`, `flash_sale_products_price`, `flash_sale_date_added`, `flash_sale_last_modified`, `flash_start_date`, `flash_expires_date`, `flash_status`, `created_at`, `updated_at`) VALUES
(1, 3, 10.00, 0, 0, 1573756200, 1630434600, 1, '2019-11-27 01:39:06', NULL),
(2, 6, 12.00, 0, 0, 1574361000, 1635618600, 1, '2019-11-27 01:47:25', NULL),
(3, 13, 12.00, 0, 0, 1574962200, 1735666200, 1, '2019-11-28 12:35:50', NULL),
(4, 24, 30.00, 0, 0, 1573757100, 1764096300, 1, '2019-11-28 01:52:09', NULL),
(5, 29, 15.00, 0, 0, 1575466200, 1798723800, 1, '2019-12-02 08:36:17', NULL),
(7, 41, 20.00, 0, 0, 1588019400, 1622406600, 1, '2020-04-28 03:38:08', NULL);

--
-- Truncate table before insert `flate_rate`
--

TRUNCATE TABLE `flate_rate`;
--
-- Dumping data for table `flate_rate`
--

INSERT INTO `flate_rate` (`id`, `flate_rate`, `currency`) VALUES
(1, '11', 'USD');

--
-- Truncate table before insert `front_end_theme_content`
--

TRUNCATE TABLE `front_end_theme_content`;
--
-- Dumping data for table `front_end_theme_content`
--

INSERT INTO `front_end_theme_content` (`id`, `top_offers`, `headers`, `carousels`, `banners`, `footers`, `product_section_order`, `cart`, `news`, `detail`, `shop`, `contact`, `login`, `transitions`, `banners_two`, `category`) VALUES
(1, '[{ \"id\": 1, \"name\": \"Top Offer\", \"image\": \"images/prototypes/banner1.jpg\", \"alt\": \"Top Offer\" }]', '[\r\n{\r\n\"id\": 1,\r\n\"name\": \"Header One\",\r\n\"image\": \"images/prototypes/header1.jpg\",\r\n\"alt\" : \"header One\" \r\n},\r\n{\r\n\"id\": 2,\r\n\"name\": \"Header Two\",\r\n\"image\": \"images/prototypes/header2.jpg\",\r\n\"alt\" : \"header Two\" \r\n},\r\n{\r\n\"id\": 3,\r\n\"name\": \"Header Three\",\r\n\"image\": \"images/prototypes/header3.jpg\",\r\n\"alt\" : \"header Three\" \r\n},\r\n{\r\n\"id\": 4,\r\n\"name\": \"Header Four\",\r\n\"image\": \"images/prototypes/header4.jpg\",\r\n\"alt\" : \"header Four\" \r\n},\r\n{\r\n\"id\": 5,\r\n\"name\": \"Header Five\",\r\n\"image\": \"images/prototypes/header5.jpg\",\r\n\"alt\" : \"header Five\" \r\n},\r\n{\r\n\"id\": 6,\r\n\"name\": \"Header Six\",\r\n\"image\": \"images/prototypes/header6.jpg\",\r\n\"alt\" : \"header Six\" \r\n},\r\n{\r\n\"id\": 7,\r\n\"name\": \"Header Seven\",\r\n\"image\": \"images/prototypes/header7.jpg\",\r\n\"alt\" : \"header Seven\" \r\n},\r\n{\r\n\"id\": 8,\r\n\"name\": \"Header Eight\",\r\n\"image\": \"images/prototypes/header8.jpg\",\r\n\"alt\" : \"header Eight\" \r\n},\r\n{\r\n\"id\": 9,\r\n\"name\": \"Header Nine\",\r\n\"image\": \"images/prototypes/header9.jpg\",\r\n\"alt\" : \"header Nine\" \r\n},\r\n{\r\n\"id\": 10,\r\n\"name\": \"Header Ten\",\r\n\"image\": \"images/prototypes/header10.jpg\",\r\n\"alt\" : \"header Ten\" \r\n}\r\n]', '[\r\n{\r\n\"id\": 1,\r\n\"name\": \"Bootstrap Carousel Content Full Screen\",\r\n\"image\": \"images/prototypes/carousal1.jpg\",\r\n\"alt\": \"Bootstrap Carousel Content Full Screen\"\r\n},\r\n{\r\n\"id\": 2,\r\n\"name\": \"Bootstrap Carousel Content Full Width\",\r\n\"image\": \"images/prototypes/carousal2.jpg\",\r\n\"alt\": \"Bootstrap Carousel Content Full Width\"\r\n},\r\n{\r\n\"id\": 3,\r\n\"name\": \"Bootstrap Carousel Content with Left Banner\",\r\n\"image\": \"images/prototypes/carousal3.jpg\",\r\n\"alt\": \"Bootstrap Carousel Content with Left Banner\"\r\n},\r\n{\r\n\"id\": 4,\r\n\"name\": \"Bootstrap Carousel Content with Navigation\",\r\n\"image\": \"images/prototypes/carousal4.jpg\",\r\n\"alt\": \"Bootstrap Carousel Content with Navigation\"\r\n},\r\n{\r\n\"id\": 5,\r\n\"name\": \"Bootstrap Carousel Content with Right Banner\",\r\n\"image\": \"images/prototypes/carousal5.jpg\",\r\n\"alt\": \"Bootstrap Carousel Content with Right Banner\"\r\n}\r\n]', '[\r\n{\r\n\"id\": 1,\r\n\"name\": \"Banner One\",\r\n\"image\": \"images/prototypes/banner1.jpg\",\r\n\"alt\": \"Banner One\"\r\n},\r\n{\r\n\"id\": 2,\r\n\"name\": \"Banner Two\",\r\n\"image\": \"images/prototypes/banner2.jpg\",\r\n\"alt\": \"Banner Two\"\r\n},\r\n{\r\n\"id\": 3,\r\n\"name\": \"Banner Three\",\r\n\"image\": \"images/prototypes/banner3.jpg\",\r\n\"alt\": \"Banner Three\"\r\n},\r\n{\r\n\"id\": 4,\r\n\"name\": \"Banner Four\",\r\n\"image\": \"images/prototypes/banner4.jpg\",\r\n\"alt\": \"Banner Four\"\r\n},\r\n{\r\n\"id\": 5,\r\n\"name\": \"Banner Five\",\r\n\"image\": \"images/prototypes/banner5.jpg\",\r\n\"alt\": \"Banner Five\"\r\n},\r\n{\r\n\"id\": 6,\r\n\"name\": \"Banner Six\",\r\n\"image\": \"images/prototypes/banner6.jpg\",\r\n\"alt\": \"Banner Six\"\r\n},\r\n{\r\n\"id\": 7,\r\n\"name\": \"Banner Seven\",\r\n\"image\": \"images/prototypes/banner7.jpg\",\r\n\"alt\": \"Banner Seven\"\r\n},\r\n{\r\n\"id\": 8,\r\n\"name\": \"Banner Eight\",\r\n\"image\": \"images/prototypes/banner8.jpg\",\r\n\"alt\": \"Banner Eight\"\r\n},\r\n{\r\n\"id\": 9,\r\n\"name\": \"Banner Nine\",\r\n\"image\": \"images/prototypes/banner9.jpg\",\r\n\"alt\": \"Banner Nine\"\r\n},\r\n{\r\n\"id\": 10,\r\n\"name\": \"Banner Ten\",\r\n\"image\": \"images/prototypes/banner10.jpg\",\r\n\"alt\": \"Banner Ten\"\r\n},\r\n{\r\n\"id\": 11,\r\n\"name\": \"Banner Eleven\",\r\n\"image\": \"images/prototypes/banner11.jpg\",\r\n\"alt\": \"Banner Eleven\"\r\n},\r\n{\r\n\"id\": 12,\r\n\"name\": \"Banner Twelve\",\r\n\"image\": \"images/prototypes/banner12.jpg\",\r\n\"alt\": \"Banner Twelve\"\r\n},\r\n{\r\n\"id\": 13,\r\n\"name\": \"Banner Thirteen\",\r\n\"image\": \"images/prototypes/banner13.jpg\",\r\n\"alt\": \"Banner Thirteen\"\r\n},\r\n{\r\n\"id\": 14,\r\n\"name\": \"Banner Fourteen\",\r\n\"image\": \"images/prototypes/banner14.jpg\",\r\n\"alt\": \"Banner Fourteen\"\r\n},\r\n{\r\n\"id\": 15,\r\n\"name\": \"Banner Fifteen\",\r\n\"image\": \"images/prototypes/banner15.jpg\",\r\n\"alt\": \"Banner Fifteen\"\r\n},\r\n{\r\n\"id\": 16,\r\n\"name\": \"Banner Sixteen\",\r\n\"image\": \"images/prototypes/banner16.jpg\",\r\n\"alt\": \"Banner Sixteen\"\r\n},\r\n{\r\n\"id\": 17,\r\n\"name\": \"Banner Seventeen\",\r\n\"image\": \"images/prototypes/banner17.jpg\",\r\n\"alt\": \"Banner Seventeen\"\r\n},\r\n{\r\n\"id\": 18,\r\n\"name\": \"Banner Eighteen\",\r\n\"image\": \"images/prototypes/banner18.jpg\",\r\n\"alt\": \"Banner Eighteen\"\r\n},\r\n{\r\n\"id\": 19,\r\n\"name\": \"Banner Nineteen\",\r\n\"image\": \"images/prototypes/banner19.jpg\",\r\n\"alt\": \"Banner Nineteen\"\r\n}\r\n]', '[\r\n{\r\n\"id\": 1,\r\n\"name\": \"Footer One\",\r\n\"image\": \"images/prototypes/footer1.png\",\r\n\"alt\" : \"Footer One\"\r\n},\r\n{\r\n\"id\": 2,\r\n\"name\": \"Footer Two\",\r\n\"image\": \"images/prototypes/footer2.png\",\r\n\"alt\" : \"Footer Two\"\r\n},\r\n{\r\n\"id\": 3,\r\n\"name\": \"Footer Three\",\r\n\"image\": \"images/prototypes/footer3.png\",\r\n\"alt\" : \"Footer Three\"\r\n},\r\n{\r\n\"id\": 4,\r\n\"name\": \"Footer Four\",\r\n\"image\": \"images/prototypes/footer4.png\",\r\n\"alt\" : \"Footer Four\"\r\n},\r\n{\r\n\"id\": 5,\r\n\"name\": \"Footer Five\",\r\n\"image\": \"images/prototypes/footer5.png\",\r\n\"alt\" : \"Footer Five\"\r\n},\r\n{\r\n\"id\": 6,\r\n\"name\": \"Footer Six\",\r\n\"image\": \"images/prototypes/footer6.png\",\r\n\"alt\" : \"Footer Six\"\r\n},\r\n{\r\n\"id\": 7,\r\n\"name\": \"Footer Seven\",\r\n\"image\": \"images/prototypes/footer7.png\",\r\n\"alt\" : \"Footer Seven\"\r\n},\r\n{\r\n\"id\": 8,\r\n\"name\": \"Footer Eight\",\r\n\"image\": \"images/prototypes/footer8.png\",\r\n\"alt\" : \"Footer Eight\"\r\n},\r\n{\r\n\"id\": 9,\r\n\"name\": \"Footer Nine\",\r\n\"image\": \"images/prototypes/footer9.png\",\r\n\"alt\" : \"Footer Nine\"\r\n},\r\n{\r\n\"id\": 10,\r\n\"name\": \"Footer Ten\",\r\n\"image\": \"images/prototypes/footer10.png\",\r\n\"alt\" : \"Footer Ten\"\r\n}\r\n]', '[{\"id\":11,\"name\":\"Tab Products View\",\"order\":1,\"file_name\":\"tab\",\"status\":1,\"image\":\"images\\/prototypes\\/tab.jpg\",\"disabled_image\":\"images\\/prototypes\\/tab-cross.jpg\",\"alt\":\"Tab Products View\"},{\"id\":4,\"name\":\"Ad Section\",\"order\":2,\"file_name\":\"ad_banner_section\",\"status\":0,\"image\":\"images\\/prototypes\\/ad_banner_section.jpg\",\"disabled_image\":\"images\\/prototypes\\/ad_banner_section-cross.jpg\",\"alt\":\"Ad Section\"},{\"id\":2,\"name\":\"Flash Sale Section\",\"order\":3,\"file_name\":\"flash_sale_section\",\"status\":1,\"image\":\"images\\/prototypes\\/flash_sale_section.jpg\",\"disabled_image\":\"images\\/prototypes\\/flash_sale_section-cross.jpg\",\"alt\":\"Flash Sale Section\"},{\"id\":5,\"name\":\"Categories\",\"order\":4,\"file_name\":\"categories\",\"status\":1,\"image\":\"images\\/prototypes\\/categories.jpg\",\"disabled_image\":\"images\\/prototypes\\/categories-cross.jpg\",\"alt\":\"Categories\"},{\"id\":9,\"name\":\"Top Selling\",\"order\":5,\"file_name\":\"top\",\"status\":0,\"image\":\"images\\/prototypes\\/top.jpg\",\"disabled_image\":\"images\\/prototypes\\/top-cross.jpg\",\"alt\":\"Top Selling\"},{\"id\":10,\"name\":\"Second Ad Section\",\"order\":6,\"file_name\":\"sec_ad_banner\",\"status\":0,\"image\":\"images\\/prototypes\\/sec_ad_section.jpg\",\"disabled_image\":\"images\\/prototypes\\/sec_ad_section-cross.jpg\",\"alt\":\"Second Ad Section\"},{\"id\":1,\"name\":\"Banner Section\",\"order\":7,\"file_name\":\"banner_section\",\"status\":1,\"image\":\"images\\/prototypes\\/banner_section.jpg\",\"alt\":\"Banner Section\"},{\"id\":7,\"name\":\"Info Boxes\",\"order\":8,\"file_name\":\"info_boxes\",\"status\":1,\"image\":\"images\\/prototypes\\/info_boxes.jpg\",\"disabled_image\":\"images\\/prototypes\\/info_boxes-cross.jpg\",\"alt\":\"Info Boxes\"},{\"id\":6,\"name\":\"Blog Section\",\"order\":9,\"file_name\":\"blog_section\",\"status\":0,\"image\":\"images\\/prototypes\\/blog_section.jpg\",\"disabled_image\":\"images\\/prototypes\\/blog_section-cross.jpg\",\"alt\":\"Blog Section\"},{\"id\":3,\"name\":\"Special Products Section\",\"order\":10,\"file_name\":\"special\",\"status\":1,\"image\":\"images\\/prototypes\\/special_product.jpg\",\"disabled_image\":\"images\\/prototypes\\/special_product-cross.jpg\",\"alt\":\"Special Products Section\"},{\"id\":12,\"name\":\"Banner 2 Section\",\"order\":11,\"file_name\":\"banner_two_section\",\"status\":0,\"image\":\"images\\/prototypes\\/sec_ad_section.jpg\",\"disabled_image\":\"images\\/prototypes\\/sec_ad_section-cross.jpg\",\"alt\":\"Banner 2 Section\"},{\"id\":13,\"name\":\"Category\",\"order\":12,\"file_name\":\"Category_section\",\"status\":1,\"image\":\"images\\/prototypes\\/category_section.jpg\",\"disabled_image\":\"images\\/prototypes\\/category_section-cross.jpg\",\"alt\":\"Category 2 Section\"},{\"id\":8,\"name\":\"Newest Product Section\",\"order\":13,\"file_name\":\"newest_product\",\"status\":1,\"image\":\"images\\/prototypes\\/newest_product.jpg\",\"disabled_image\":\"images\\/prototypes\\/newest_product-cross.jpg\",\"alt\":\"Newest Product Section\"}]', '[      {         \"id\":1,       \"name\":\"Cart One\"    },    {         \"id\":2,       \"name\":\"Cart Two\"    }     ]', '[      {         \"id\":1,       \"name\":\"News One\"    },    {         \"id\":2,       \"name\":\"News Two\"    }     ]', '[  \r\n{  \r\n\"id\":1,\r\n\"name\":\"Product Detail Page One\"\r\n},\r\n{  \r\n\"id\":2,\r\n\"name\":\"Product Detail Page Two\"\r\n},\r\n{  \r\n\"id\":3,\r\n\"name\":\"Product Detail Page Three\"\r\n},\r\n{  \r\n\"id\":4,\r\n\"name\":\"Product Detail Page Four\"\r\n},\r\n{  \r\n\"id\":5,\r\n\"name\":\"Product Detail Page Five\"\r\n},\r\n{  \r\n\"id\":6,\r\n\"name\":\"Product Detail Page Six\"\r\n}\r\n\r\n]', '[ { \"id\":1, \"name\":\"Shop Page One\" }, { \"id\":2, \"name\":\"Shop Page Two\" }, { \"id\":3, \"name\":\"Shop Page Three\" }, { \"id\":4, \"name\":\"Shop Page Four\" }, { \"id\":5, \"name\":\"Shop Page Five\" } ]', '[      {         \"id\":1,       \"name\":\"Contact Page One\"    },    {         \"id\":2,       \"name\":\"Contact Page Two\"    } ]', '[      {         \"id\":1,       \"name\":\"Login Page One\"    },    {         \"id\":2,       \"name\":\"Login Page Two\"    } ]', '[      {         \"id\":1,       \"name\":\"Transition Zoomin\"    },    {         \"id\":2,       \"name\":\"Transition Flashing\"    },    {         \"id\":3,       \"name\":\"Transition Shine\"    },    {         \"id\":4,       \"name\":\"Transition Circle\"    },    {         \"id\":5,       \"name\":\"Transition Opacity\"    } ]', '[ { \"id\": 1, \"name\": \"Banner One\", \"image\": \"images/prototypes/banner1.jpg\", \"alt\": \"Banner One\" }, { \"id\": 2, \"name\": \"Banner Two\", \"image\": \"images/prototypes/banner2.jpg\", \"alt\": \"Banner Two\" }, { \"id\": 3, \"name\": \"Banner Three\", \"image\": \"images/prototypes/banner3.jpg\", \"alt\": \"Banner Three\" }, { \"id\": 4, \"name\": \"Banner Four\", \"image\": \"images/prototypes/banner4.jpg\", \"alt\": \"Banner Four\" }, { \"id\": 5, \"name\": \"Banner Five\", \"image\": \"images/prototypes/banner5.jpg\", \"alt\": \"Banner Five\" }, { \"id\": 6, \"name\": \"Banner Six\", \"image\": \"images/prototypes/banner6.jpg\", \"alt\": \"Banner Six\" }, { \"id\": 7, \"name\": \"Banner Seven\", \"image\": \"images/prototypes/banner7.jpg\", \"alt\": \"Banner Seven\" }, { \"id\": 8, \"name\": \"Banner Eight\", \"image\": \"images/prototypes/banner8.jpg\", \"alt\": \"Banner Eight\" }, { \"id\": 9, \"name\": \"Banner Nine\", \"image\": \"images/prototypes/banner9.jpg\", \"alt\": \"Banner Nine\" }, { \"id\": 10, \"name\": \"Banner Ten\", \"image\": \"images/prototypes/banner10.jpg\", \"alt\": \"Banner Ten\" }, { \"id\": 11, \"name\": \"Banner Eleven\", \"image\": \"images/prototypes/banner11.jpg\", \"alt\": \"Banner Eleven\" }, { \"id\": 12, \"name\": \"Banner Twelve\", \"image\": \"images/prototypes/banner12.jpg\", \"alt\": \"Banner Twelve\" }, { \"id\": 13, \"name\": \"Banner Thirteen\", \"image\": \"images/prototypes/banner13.jpg\", \"alt\": \"Banner Thirteen\" }, { \"id\": 14, \"name\": \"Banner Fourteen\", \"image\": \"images/prototypes/banner14.jpg\", \"alt\": \"Banner Fourteen\" }, { \"id\": 15, \"name\": \"Banner Fifteen\", \"image\": \"images/prototypes/banner15.jpg\", \"alt\": \"Banner Fifteen\" }, { \"id\": 16, \"name\": \"Banner Sixteen\", \"image\": \"images/prototypes/banner16.jpg\", \"alt\": \"Banner Sixteen\" }, { \"id\": 17, \"name\": \"Banner Seventeen\", \"image\": \"images/prototypes/banner17.jpg\", \"alt\": \"Banner Seventeen\" }, { \"id\": 18, \"name\": \"Banner Eighteen\", \"image\": \"images/prototypes/banner18.jpg\", \"alt\": \"Banner Eighteen\" }, { \"id\": 19, \"name\": \"Banner Nineteen\", \"image\": \"images/prototypes/banner19.jpg\", \"alt\": \"Banner Nineteen\" } ]', '1');

--
-- Truncate table before insert `home_banners`
--

TRUNCATE TABLE `home_banners`;
--
-- Dumping data for table `home_banners`
--

INSERT INTO `home_banners` (`home_banners_id`, `banner_name`, `language_id`, `text`, `image`, `created_at`, `updated_at`) VALUES
(1, 'banners_1', 1, '<div class=\\\"parallax-banner-text\\\">\r\n        <h2> Food Festival</h2>\r\n        <h4>Ramadan Special</h4>\r\n        <div class=\\\"hover-link\\\">\r\n          <a href=\\\"/shop\\\" class=\\\"btn btn-secondary swipe-to-top\\\" data-toggle=\\\"tooltip\\\" data-placement=\\\"bottom\\\" title=\\\"\\\" data-original-title=\\\"View All Range\\\">Shop Now</a>\r\n        </div>  \r\n      </div>', 253, '2020-04-28 06:49:14', '2020-04-28 06:49:14'),
(2, 'banners_2', 1, '<div class=\\\"parallax-banner-text\\\">\r\n        <h2> Fresh Fruits & Vegetables</h2>\r\n        <h4>Farm Fresh</h4>\r\n        <div class=\\\"hover-link\\\">\r\n          <a href=\\\"/shop\\\" class=\\\"btn btn-secondary swipe-to-top\\\" data-toggle=\\\"tooltip\\\" data-placement=\\\"bottom\\\" title=\\\"\\\" data-original-title=\\\"View All Range\\\">View All Range</a>\r\n        </div>  \r\n      </div>', 254, '2020-04-28 06:49:14', '2020-04-28 06:49:14'),
(3, 'banners_3', 1, '<div class=\\\"parallax-banner-text\\\">\r\n        <h2> Grocery Zone</h2>\r\n        <h4>Your Favorite</h4>\r\n        <div class=\\\"hover-link\\\">\r\n          <a href=\\\"/shop\\\" class=\\\"btn btn-secondary swipe-to-top\\\" data-toggle=\\\"tooltip\\\" data-placement=\\\"bottom\\\" title=\\\"\\\" data-original-title=\\\"View All Range\\\">Buy Now</a>\r\n        </div>  \r\n      </div>', 255, '2020-04-28 06:49:14', '2020-04-28 06:49:14'),
(4, 'banners_1', 2, '<div class=\\\"parallax-banner-text\\\">\r\n        <h2> مهرجان طعام</h2>\r\n        <h4>رمضان خاص</h4>\r\n        <div class=\\\"hover-link\\\">\r\n          <a href=\\\"/shop\\\" class=\\\"btn btn-secondary swipe-to-top\\\" data-toggle=\\\"tooltip\\\" data-placement=\\\"bottom\\\" title=\\\"\\\" data-original-title=\\\"\\\">تسوق الآن</a>\r\n        </div>  \r\n      </div>', 253, '2020-04-28 06:49:14', '2020-04-28 06:49:14'),
(5, 'banners_2', 2, '<div class=\\\"parallax-banner-text\\\">\r\n        <h2>فواكه وخضروات طازجة</h2>\r\n        <h4>الزراعية الطازجة</h4>\r\n        <div class=\\\"hover-link\\\">\r\n          <a href=\\\"/shop\\\" class=\\\"btn btn-secondary swipe-to-top\\\" data-toggle=\\\"tooltip\\\" data-placement=\\\"bottom\\\" title=\\\"\\\" data-original-title=\\\"\\\">عرض كل المدى</a>\r\n        </div>  \r\n      </div>', 254, '2020-04-28 06:49:14', '2020-04-28 06:49:14'),
(6, 'banners_3', 2, '<div class=\\\"parallax-banner-text\\\">\r\n        <h2>منطقة البقالة</h2>\r\n        <h4>المفضلة لديك</h4>\r\n        <div class=\\\"hover-link\\\">\r\n          <a href=\\\"/shop\\\" class=\\\"btn btn-secondary swipe-to-top\\\" data-toggle=\\\"tooltip\\\" data-placement=\\\"bottom\\\" title=\\\"\\\" data-original-title=\\\"\\\">اشتري الآن</a>\r\n        </div>  \r\n      </div>', 255, '2020-04-28 06:49:14', '2020-04-28 06:49:14');

--
-- Truncate table before insert `images`
--

TRUNCATE TABLE `images`;
--
-- Dumping data for table `images`
--

INSERT INTO `images` (`id`, `name`, `user_id`, `deleted_at`, `created_at`, `updated_at`) VALUES
(3, 'XUF1110211.png', 1, NULL, NULL, NULL),
(4, '0S9Uj10711.png', 1, NULL, NULL, NULL),
(5, '49YbL10411.png', 1, NULL, NULL, NULL),
(83, 'JqYfZ11207.jpg', 1, NULL, NULL, NULL),
(84, '6Q4Qy11507.jpg', 1, NULL, NULL, NULL),
(85, 'jOVnc11207.jpg', 1, NULL, NULL, NULL),
(86, 'Ake4A11107.jpg', 1, NULL, NULL, NULL),
(89, 'nDQtA11407.jpg', 1, NULL, NULL, NULL),
(90, 'ueyod11407.jpg', 1, NULL, NULL, NULL),
(91, 'xD6MF11207.jpg', 1, NULL, NULL, NULL),
(92, 'YZyoU11507.jpg', 1, NULL, NULL, NULL),
(93, 'RLshK11309.jpg', 1, NULL, NULL, NULL),
(94, 'pTZdI11309.jpg', 1, NULL, NULL, NULL),
(95, '2t7BU11909.jpg', 1, NULL, NULL, NULL),
(96, 'O0cLp11909.jpg', 1, NULL, NULL, NULL),
(97, 'ncXhn11709.jpg', 1, NULL, NULL, NULL),
(98, '3876V11310.jpg', 1, NULL, NULL, NULL),
(99, '80IGj11510.jpg', 1, NULL, NULL, NULL),
(100, 'ueeqM11410.jpg', 1, NULL, NULL, NULL),
(101, 'UrgVW11410.jpg', 1, NULL, NULL, NULL),
(102, 'a18kN11510.jpg', 1, NULL, NULL, NULL),
(103, 'qQM0R11310.jpg', 1, NULL, NULL, NULL),
(104, 'VrhhT11510.jpg', 1, NULL, NULL, NULL),
(105, 'gSkR011310.jpg', 1, NULL, NULL, NULL),
(106, 'DXoxt11610.jpg', 1, NULL, NULL, NULL),
(107, 'N4WSZ11310.jpg', 1, NULL, NULL, NULL),
(108, 'z9MLR11610.jpg', 1, NULL, NULL, NULL),
(109, 'YNVyV11410.jpg', 1, NULL, NULL, NULL),
(110, 'YinE411810.jpg', 1, NULL, NULL, NULL),
(111, '97VNC11210.jpg', 1, NULL, NULL, NULL),
(114, 'zZZ2n11710.jpg', 1, NULL, NULL, NULL),
(115, 'vMNsa11710.jpg', 1, NULL, NULL, NULL),
(116, 'qujIz11610.jpg', 1, NULL, NULL, NULL),
(118, 'PJG0C11511.jpg', 1, NULL, NULL, NULL),
(119, 'SKOMJ11512.jpg', 1, NULL, NULL, NULL),
(120, '3eIYU27601.png', 1, NULL, NULL, NULL),
(121, 'o7Ssu27301.jpg', 1, NULL, NULL, NULL),
(122, 'wUJPQ27501.png', 1, NULL, NULL, NULL),
(123, 'dfJMq27601.jpg', 1, NULL, NULL, NULL),
(124, 'mAv6127501.jpg', 1, NULL, NULL, NULL),
(125, 'k9n9K27501.png', 1, NULL, NULL, NULL),
(126, '5BOEl27501.png', 1, NULL, NULL, NULL),
(127, '8HSeI27701.jpg', 1, NULL, NULL, NULL),
(128, 'uFhMa27301.png', 1, NULL, NULL, NULL),
(129, '6nwKu27201.jpg', 1, NULL, NULL, NULL),
(130, 'DLQFG27501.png', 1, NULL, NULL, NULL),
(131, 'QxXOd27901.jpg', 1, NULL, NULL, NULL),
(132, 'V28pJ27401.jpg', 1, NULL, NULL, NULL),
(133, '1yXrD27301.jpg', 1, NULL, NULL, NULL),
(134, '8mv7C27701.jpg', 1, NULL, NULL, NULL),
(135, 'FLPgv27901.jpg', 1, NULL, NULL, NULL),
(136, 'DVCXE27301.jpg', 1, NULL, NULL, NULL),
(137, 'VcWP527901.jpg', 1, NULL, NULL, NULL),
(138, 'nailP27301.jpg', 1, NULL, NULL, NULL),
(139, '7fA9P27701.jpg', 1, NULL, NULL, NULL),
(140, 'snPOE27601.jpg', 1, NULL, NULL, NULL),
(141, 'hO4hS27501.jpg', 1, NULL, NULL, NULL),
(142, 'Ih8vq27801.jpg', 1, NULL, NULL, NULL),
(143, 'zZwLc27801.jpg', 1, NULL, NULL, NULL),
(144, 'AICfz27901.jpg', 1, NULL, NULL, NULL),
(145, 'qr7Fs27401.jpg', 1, NULL, NULL, NULL),
(146, 'uHB5927801.jpg', 1, NULL, NULL, NULL),
(147, '0Av0f27701.jpg', 1, NULL, NULL, NULL),
(148, 'uNImA27601.jpg', 1, NULL, NULL, NULL),
(149, 'X99Yv27101.jpg', 1, NULL, NULL, NULL),
(150, 'IffDN27501.jpg', 1, NULL, NULL, NULL),
(151, 'IfFM227501.jpg', 1, NULL, NULL, NULL),
(152, 'QidxL27101.jpg', 1, NULL, NULL, NULL),
(153, 'i4HBN27901.jpg', 1, NULL, NULL, NULL),
(154, 'DJYMO27101.jpg', 1, NULL, NULL, NULL),
(155, 'QCt0c27501.jpg', 1, NULL, NULL, NULL),
(156, 'uBdE828101.jpg', 1, NULL, NULL, NULL),
(157, 'u0IgM28801.jpg', 1, NULL, NULL, NULL),
(158, 'wJku428501.jpg', 1, NULL, NULL, NULL),
(159, 'CZCdI28701.jpg', 1, NULL, NULL, NULL),
(160, 'Uj7wx28801.jpg', 1, NULL, NULL, NULL),
(161, 'sYPxJ28701.jpg', 1, NULL, NULL, NULL),
(162, '8d9ql28401.jpg', 1, NULL, NULL, NULL),
(163, 'fCGbk02108.jpg', 1, NULL, NULL, NULL),
(164, 'mZCsc02908.jpg', 1, NULL, NULL, NULL),
(165, 'PQwJz02308.jpg', 1, NULL, NULL, NULL),
(166, 'k5PM902208.jpg', 1, NULL, NULL, NULL),
(167, 'r8QNB02908.jpg', 1, NULL, NULL, NULL),
(168, 'Sxm7C02608.jpg', 1, NULL, NULL, NULL),
(169, 'b8Fgl02808.jpg', 1, NULL, NULL, NULL),
(170, 'Ob0sg02608.jpg', 1, NULL, NULL, NULL),
(171, 'kdout20102.jpg', 1, NULL, NULL, NULL),
(172, 'w46y720502.jpg', 1, NULL, NULL, NULL),
(173, 'WHhXb20502.jpg', 1, NULL, NULL, NULL),
(174, '21yLt20503.jpg', 1, NULL, NULL, NULL),
(175, 'ofxzh20403.jpg', 1, NULL, NULL, NULL),
(176, 'ckvHK20203.jpg', 1, NULL, NULL, NULL),
(177, '6DM9820403.jpg', 1, NULL, NULL, NULL),
(178, 'dZaEY20303.jpg', 1, NULL, NULL, NULL),
(179, 'VmCEr20703.jpg', 1, NULL, NULL, NULL),
(180, 'fuq2A20403.jpg', 1, NULL, NULL, NULL),
(181, 'lKwDn20403.jpg', 1, NULL, NULL, NULL),
(182, 'xRBw820303.jpg', 1, NULL, NULL, NULL),
(183, '9vZZo20203.jpg', 1, NULL, NULL, NULL),
(184, 'lvaFG20403.jpg', 1, NULL, NULL, NULL),
(185, 'Rz0xi20403.jpg', 1, NULL, NULL, NULL),
(186, 'JElsC20603.jpg', 1, NULL, NULL, NULL),
(187, '61tK720503.jpg', 1, NULL, NULL, NULL),
(188, 'v9rHN20803.jpg', 1, NULL, NULL, NULL),
(189, 'UXs5s20703.jpg', 1, NULL, NULL, NULL),
(190, 'JG8B320703.jpg', 1, NULL, NULL, NULL),
(191, 'nAkVg20103.jpg', 1, NULL, NULL, NULL),
(192, 'NMlsy20403.jpg', 1, NULL, NULL, NULL),
(193, '3icIy20103.jpg', 1, NULL, NULL, NULL),
(194, 'ZXu5e20103.jpg', 1, NULL, NULL, NULL),
(195, 'SWjwB20103.jpg', 1, NULL, NULL, NULL),
(196, 'bHD1b20903.jpg', 1, NULL, NULL, NULL),
(197, 'HUe4L20203.jpg', 1, NULL, NULL, NULL),
(198, 'mpcVY20203.jpg', 1, NULL, NULL, NULL),
(199, '1OoHX20603.jpg', 1, NULL, NULL, NULL),
(200, 'OBgRr20903.jpg', 1, NULL, NULL, NULL),
(201, '1ieed20303.jpg', 1, NULL, NULL, NULL),
(202, 'zSOCU20903.jpg', 1, NULL, NULL, NULL),
(203, 'Wcjb820403.jpg', 1, NULL, NULL, NULL),
(204, 'wYPz920203.jpg', 1, NULL, NULL, NULL),
(205, 'g3qI328201.png', 1, NULL, NULL, NULL),
(206, 'kuGrP28801.jpg', 1, NULL, NULL, NULL),
(207, 'fUzBw28301.png', 1, NULL, NULL, NULL),
(208, '2pdsO28701.jpg', 1, NULL, NULL, NULL),
(209, 'IHYuG28401.png', 1, NULL, NULL, NULL),
(210, 'LoMdU28301.jpg', 1, NULL, NULL, NULL),
(211, '9agoz28603.jpg', 1, NULL, NULL, NULL),
(212, 'hBhCH28803.jpg', 1, NULL, NULL, NULL),
(213, 'LHcpH28203.png', 1, NULL, NULL, NULL),
(214, 'VhOe928703.jpg', 1, NULL, NULL, NULL),
(215, 's50fE28203.jpg', 1, NULL, NULL, NULL),
(216, 'u4KY528603.png', 1, NULL, NULL, NULL),
(217, '8LCK828603.jpg', 1, NULL, NULL, NULL),
(218, '1m9NW28103.jpg', 1, NULL, NULL, NULL),
(219, '40Iy228603.jpg', 1, NULL, NULL, NULL),
(220, 'v10Ki28603.jpg', 1, NULL, NULL, NULL),
(221, 'iLWhl28903.jpg', 1, NULL, NULL, NULL),
(222, 'xlHTQ28803.jpg', 1, NULL, NULL, NULL),
(223, 'DF1kN28403.jpg', 1, NULL, NULL, NULL),
(224, 'OPO0928503.png', 1, NULL, NULL, NULL),
(225, '4lNmF28603.png', 1, NULL, NULL, NULL),
(226, 'IRJ6k28303.jpg', 1, NULL, NULL, NULL),
(227, 'SdYT528603.jpg', 1, NULL, NULL, NULL),
(228, 'L5nF128903.png', 1, NULL, NULL, NULL),
(229, 'aN64028103.jpg', 1, NULL, NULL, NULL),
(230, 'Oy3e128803.png', 1, NULL, NULL, NULL),
(231, 'PFRiP28503.jpg', 1, NULL, NULL, NULL),
(232, 'xuYi328703.jpg', 1, NULL, NULL, NULL),
(233, 'siVQg28703.jpg', 1, NULL, NULL, NULL),
(234, 'FaX7C28403.jpg', 1, NULL, NULL, NULL),
(235, 'WKgh928203.jpg', 1, NULL, NULL, NULL),
(236, 'kDmtc28803.jpg', 1, NULL, NULL, NULL),
(237, 'UUcbX28203.jpg', 1, NULL, NULL, NULL),
(238, 'wem9F28903.jpg', 1, NULL, NULL, NULL),
(239, 'b70sr28103.jpg', 1, NULL, NULL, NULL),
(240, 'OfRqK28603.jpg', 1, NULL, NULL, NULL),
(241, '0yv7228403.jpg', 1, NULL, NULL, NULL),
(242, 'wYfXA28903.jpg', 1, NULL, NULL, NULL),
(243, 'n8CDg28703.jpg', 1, NULL, NULL, NULL),
(244, 'F2mi628403.jpg', 1, NULL, NULL, NULL),
(245, '7ZTo628103.jpg', 1, NULL, NULL, NULL),
(246, '2HodE28903.jpg', 1, NULL, NULL, NULL),
(247, 'EX3gr28703.jpg', 1, NULL, NULL, NULL),
(248, '4TvfR28803.jpg', 1, NULL, NULL, NULL),
(249, 'fFrf328403.jpg', 1, NULL, NULL, NULL),
(250, 'SnFnt28605.png', 1, NULL, NULL, NULL),
(251, 'qCnV228805.png', 1, NULL, NULL, NULL),
(252, '2KQkF28705.jpg', 1, NULL, NULL, NULL),
(253, 'OX8Tg28306.jpg', 1, NULL, NULL, NULL),
(254, 'VY0Sn28106.jpg', 1, NULL, NULL, NULL),
(255, 'WynNy28706.jpg', 1, NULL, NULL, NULL),
(256, '7jVir28207.jpg', 1, NULL, NULL, NULL),
(257, 'SnDZ428207.jpg', 1, NULL, NULL, NULL),
(258, 'ht6BX28807.jpg', 1, NULL, NULL, NULL),
(259, 'kKKog28707.jpg', 1, NULL, NULL, NULL),
(260, 'nYQ9j28107.jpg', 1, NULL, NULL, NULL),
(261, 'g3id106304.jpg', 1, NULL, NULL, NULL),
(262, 'Lu47506804.jpg', 1, NULL, NULL, NULL),
(263, '7P9mT06804.jpg', 1, NULL, NULL, NULL),
(264, 'zAbaX06105.jpg', 1, NULL, NULL, NULL),
(265, 'SKHCw06305.jpg', 1, NULL, NULL, NULL),
(266, 'grGTB06505.jpg', 1, NULL, NULL, NULL),
(267, 'YsHhX06105.jpg', 1, NULL, NULL, NULL),
(268, 'L2nsY06805.jpg', 1, NULL, NULL, NULL),
(269, 'AwVrx06505.jpg', 1, NULL, NULL, NULL),
(270, '1a8WE07212.jpg', 1, NULL, NULL, NULL),
(271, 'uKdS007412.jpg', 1, NULL, NULL, NULL),
(272, 'lzTes07612.jpg', 1, NULL, NULL, NULL),
(273, 'w3t5107412.jpg', 1, NULL, NULL, NULL),
(274, 'pkj4707312.jpg', 1, NULL, NULL, NULL),
(275, 'PbN9U07712.jpg', 1, NULL, NULL, NULL),
(276, '0vOd307412.jpg', 1, NULL, NULL, NULL),
(277, 'GfS7B07312.jpg', 1, NULL, NULL, NULL),
(278, '4Cpiv07912.jpg', 1, NULL, NULL, NULL),
(279, '2qHmA07609.jpg', 1, NULL, NULL, NULL),
(280, 'PutZo07409.jpg', 1, NULL, NULL, NULL),
(281, 'CRnJ307612.jpg', 1, NULL, NULL, NULL),
(282, 'gglbs07912.jpg', 1, NULL, NULL, NULL),
(283, 'DoJMv07912.jpg', 1, NULL, NULL, NULL),
(284, 'kr9Tr07412.jpg', 1, NULL, NULL, NULL),
(285, 'sWHyU07212.jpg', 1, NULL, NULL, NULL),
(286, '3QnFU07512.jpg', 1, NULL, NULL, NULL),
(287, 'IJaMH07612.jpg', 1, NULL, NULL, NULL),
(288, 'eHLr807812.jpg', 1, NULL, NULL, NULL),
(289, 'E4wSw07201.jpg', 1, NULL, NULL, NULL),
(290, 'HxIeG07501.jpg', 1, NULL, NULL, NULL),
(291, 'hvRxD07301.jpg', 1, NULL, NULL, NULL),
(292, '23fbn07301.jpg', 1, NULL, NULL, NULL),
(293, 'u93Kq07201.jpg', 1, NULL, NULL, NULL);

--
-- Truncate table before insert `image_categories`
--

TRUNCATE TABLE `image_categories`;
--
-- Dumping data for table `image_categories`
--

INSERT INTO `image_categories` (`id`, `image_id`, `image_type`, `height`, `width`, `path`, `created_at`, `updated_at`) VALUES
(84, 83, 'ACTUAL', 277, 370, 'images/media/2019/10/JqYfZ11207.jpg', NULL, NULL),
(85, 83, 'THUMBNAIL', 112, 150, 'images/media/2019/10/thumbnail1570778231JqYfZ11207.jpg', NULL, NULL),
(86, 84, 'ACTUAL', 301, 770, 'images/media/2019/10/6Q4Qy11507.jpg', NULL, NULL),
(87, 85, 'ACTUAL', 550, 368, 'images/media/2019/10/jOVnc11207.jpg', NULL, NULL),
(88, 85, 'THUMBNAIL', 150, 100, 'images/media/2019/10/thumbnail1570778446jOVnc11207.jpg', NULL, NULL),
(89, 85, 'MEDIUM', 400, 268, 'images/media/2019/10/medium1570778446jOVnc11207.jpg', NULL, NULL),
(90, 86, 'ACTUAL', 220, 370, 'images/media/2019/10/Ake4A11107.jpg', NULL, NULL),
(91, 86, 'THUMBNAIL', 89, 150, 'images/media/2019/10/thumbnail1570778447Ake4A11107.jpg', NULL, NULL),
(96, 89, 'ACTUAL', 229, 270, 'images/media/2019/10/nDQtA11407.jpg', NULL, NULL),
(97, 89, 'THUMBNAIL', 127, 150, 'images/media/2019/10/thumbnail1570778680nDQtA11407.jpg', NULL, NULL),
(98, 90, 'ACTUAL', 298, 568, 'images/media/2019/10/ueyod11407.jpg', NULL, NULL),
(99, 90, 'THUMBNAIL', 79, 150, 'images/media/2019/10/thumbnail1570778749ueyod11407.jpg', NULL, NULL),
(100, 90, 'MEDIUM', 210, 400, 'images/media/2019/10/medium1570778749ueyod11407.jpg', NULL, NULL),
(101, 91, 'ACTUAL', 490, 570, 'images/media/2019/10/xD6MF11207.jpg', NULL, NULL),
(102, 91, 'THUMBNAIL', 129, 150, 'images/media/2019/10/thumbnail1570778967xD6MF11207.jpg', NULL, NULL),
(103, 91, 'MEDIUM', 344, 400, 'images/media/2019/10/medium1570778967xD6MF11207.jpg', NULL, NULL),
(104, 92, 'ACTUAL', 229, 270, 'images/media/2019/10/YZyoU11507.jpg', NULL, NULL),
(105, 92, 'THUMBNAIL', 127, 150, 'images/media/2019/10/thumbnail1570778968YZyoU11507.jpg', NULL, NULL),
(106, 93, 'ACTUAL', 301, 770, 'images/media/2019/10/RLshK11309.jpg', NULL, NULL),
(107, 93, 'THUMBNAIL', 59, 150, 'images/media/2019/10/thumbnail1570787475RLshK11309.jpg', NULL, NULL),
(108, 93, 'MEDIUM', 156, 400, 'images/media/2019/10/medium1570787476RLshK11309.jpg', NULL, NULL),
(109, 94, 'ACTUAL', 211, 570, 'images/media/2019/10/pTZdI11309.jpg', NULL, NULL),
(110, 94, 'THUMBNAIL', 56, 150, 'images/media/2019/10/thumbnail1570787731pTZdI11309.jpg', NULL, NULL),
(111, 94, 'MEDIUM', 148, 400, 'images/media/2019/10/medium1570787731pTZdI11309.jpg', NULL, NULL),
(112, 95, 'ACTUAL', 451, 570, 'images/media/2019/10/2t7BU11909.jpg', NULL, NULL),
(113, 95, 'THUMBNAIL', 119, 150, 'images/media/2019/10/thumbnail15707877532t7BU11909.jpg', NULL, NULL),
(114, 95, 'MEDIUM', 316, 400, 'images/media/2019/10/medium15707877542t7BU11909.jpg', NULL, NULL),
(115, 96, 'ACTUAL', 211, 270, 'images/media/2019/10/O0cLp11909.jpg', NULL, NULL),
(116, 96, 'THUMBNAIL', 117, 150, 'images/media/2019/10/thumbnail1570787792O0cLp11909.jpg', NULL, NULL),
(117, 97, 'ACTUAL', 298, 568, 'images/media/2019/10/ncXhn11709.jpg', NULL, NULL),
(118, 97, 'THUMBNAIL', 79, 150, 'images/media/2019/10/thumbnail1570787936ncXhn11709.jpg', NULL, NULL),
(119, 97, 'MEDIUM', 210, 400, 'images/media/2019/10/medium1570787936ncXhn11709.jpg', NULL, NULL),
(120, 98, 'ACTUAL', 452, 569, 'images/media/2019/10/3876V11310.jpg', NULL, NULL),
(121, 98, 'THUMBNAIL', 119, 150, 'images/media/2019/10/thumbnail15707880203876V11310.jpg', NULL, NULL),
(122, 98, 'MEDIUM', 318, 400, 'images/media/2019/10/medium15707880213876V11310.jpg', NULL, NULL),
(123, 99, 'ACTUAL', 451, 271, 'images/media/2019/10/80IGj11510.jpg', NULL, NULL),
(124, 99, 'THUMBNAIL', 150, 90, 'images/media/2019/10/thumbnail157078802180IGj11510.jpg', NULL, NULL),
(125, 99, 'MEDIUM', 400, 240, 'images/media/2019/10/medium157078802180IGj11510.jpg', NULL, NULL),
(126, 100, 'ACTUAL', 493, 370, 'images/media/2019/10/ueeqM11410.jpg', NULL, NULL),
(127, 100, 'THUMBNAIL', 150, 113, 'images/media/2019/10/thumbnail1570788170ueeqM11410.jpg', NULL, NULL),
(128, 100, 'MEDIUM', 400, 300, 'images/media/2019/10/medium1570788171ueeqM11410.jpg', NULL, NULL),
(129, 101, 'ACTUAL', 230, 370, 'images/media/2019/10/UrgVW11410.jpg', NULL, NULL),
(130, 101, 'THUMBNAIL', 93, 150, 'images/media/2019/10/thumbnail1570788171UrgVW11410.jpg', NULL, NULL),
(131, 102, 'ACTUAL', 230, 370, 'images/media/2019/10/a18kN11510.jpg', NULL, NULL),
(132, 102, 'THUMBNAIL', 93, 150, 'images/media/2019/10/thumbnail1570788301a18kN11510.jpg', NULL, NULL),
(133, 103, 'ACTUAL', 493, 370, 'images/media/2019/10/qQM0R11310.jpg', NULL, NULL),
(134, 103, 'THUMBNAIL', 150, 113, 'images/media/2019/10/thumbnail1570788302qQM0R11310.jpg', NULL, NULL),
(135, 103, 'MEDIUM', 400, 300, 'images/media/2019/10/medium1570788302qQM0R11310.jpg', NULL, NULL),
(136, 104, 'ACTUAL', 259, 770, 'images/media/2019/10/VrhhT11510.jpg', NULL, NULL),
(137, 104, 'THUMBNAIL', 50, 150, 'images/media/2019/10/thumbnail1570788382VrhhT11510.jpg', NULL, NULL),
(138, 104, 'MEDIUM', 135, 400, 'images/media/2019/10/medium1570788382VrhhT11510.jpg', NULL, NULL),
(139, 105, 'ACTUAL', 546, 372, 'images/media/2019/10/gSkR011310.jpg', NULL, NULL),
(140, 105, 'THUMBNAIL', 150, 102, 'images/media/2019/10/thumbnail1570788383gSkR011310.jpg', NULL, NULL),
(141, 105, 'MEDIUM', 400, 273, 'images/media/2019/10/medium1570788383gSkR011310.jpg', NULL, NULL),
(142, 106, 'ACTUAL', 430, 1599, 'images/media/2019/10/DXoxt11610.jpg', NULL, NULL),
(143, 106, 'THUMBNAIL', 40, 150, 'images/media/2019/10/thumbnail1570789393DXoxt11610.jpg', NULL, NULL),
(144, 106, 'MEDIUM', 108, 400, 'images/media/2019/10/medium1570789394DXoxt11610.jpg', NULL, NULL),
(145, 106, 'LARGE', 242, 900, 'images/media/2019/10/large1570789394DXoxt11610.jpg', NULL, NULL),
(146, 107, 'ACTUAL', 236, 1169, 'images/media/2019/10/N4WSZ11310.jpg', NULL, NULL),
(147, 107, 'THUMBNAIL', 30, 150, 'images/media/2019/10/thumbnail1570789395N4WSZ11310.jpg', NULL, NULL),
(148, 107, 'MEDIUM', 81, 400, 'images/media/2019/10/medium1570789395N4WSZ11310.jpg', NULL, NULL),
(149, 107, 'LARGE', 182, 900, 'images/media/2019/10/large1570789395N4WSZ11310.jpg', NULL, NULL),
(150, 108, 'ACTUAL', 421, 1170, 'images/media/2019/10/z9MLR11610.jpg', NULL, NULL),
(151, 108, 'THUMBNAIL', 54, 150, 'images/media/2019/10/thumbnail1570789643z9MLR11610.jpg', NULL, NULL),
(152, 108, 'MEDIUM', 144, 400, 'images/media/2019/10/medium1570789643z9MLR11610.jpg', NULL, NULL),
(153, 108, 'LARGE', 324, 900, 'images/media/2019/10/large1570789644z9MLR11610.jpg', NULL, NULL),
(154, 109, 'ACTUAL', 418, 885, 'images/media/2019/10/YNVyV11410.jpg', NULL, NULL),
(155, 109, 'THUMBNAIL', 71, 150, 'images/media/2019/10/thumbnail1570789935YNVyV11410.jpg', NULL, NULL),
(156, 109, 'MEDIUM', 189, 400, 'images/media/2019/10/medium1570789935YNVyV11410.jpg', NULL, NULL),
(157, 110, 'ACTUAL', 387, 770, 'images/media/2019/10/YinE411810.jpg', NULL, NULL),
(158, 110, 'THUMBNAIL', 75, 150, 'images/media/2019/10/thumbnail1570790072YinE411810.jpg', NULL, NULL),
(159, 110, 'MEDIUM', 201, 400, 'images/media/2019/10/medium1570790072YinE411810.jpg', NULL, NULL),
(160, 111, 'ACTUAL', 421, 1600, 'images/media/2019/10/97VNC11210.jpg', NULL, NULL),
(161, 111, 'THUMBNAIL', 39, 150, 'images/media/2019/10/thumbnail157079031897VNC11210.jpg', NULL, NULL),
(162, 111, 'MEDIUM', 105, 400, 'images/media/2019/10/medium157079031997VNC11210.jpg', NULL, NULL),
(163, 111, 'LARGE', 237, 900, 'images/media/2019/10/large157079031997VNC11210.jpg', NULL, NULL),
(168, 114, 'ACTUAL', 179, 370, 'images/media/2019/10/zZZ2n11710.jpg', NULL, NULL),
(169, 114, 'THUMBNAIL', 73, 150, 'images/media/2019/10/thumbnail1570790472zZZ2n11710.jpg', NULL, NULL),
(170, 115, 'ACTUAL', 211, 370, 'images/media/2019/10/vMNsa11710.jpg', NULL, NULL),
(171, 115, 'THUMBNAIL', 86, 150, 'images/media/2019/10/thumbnail1570790553vMNsa11710.jpg', NULL, NULL),
(172, 116, 'ACTUAL', 208, 465, 'images/media/2019/10/qujIz11610.jpg', NULL, NULL),
(173, 116, 'THUMBNAIL', 67, 150, 'images/media/2019/10/thumbnail1570790554qujIz11610.jpg', NULL, NULL),
(174, 116, 'MEDIUM', 179, 400, 'images/media/2019/10/medium1570790554qujIz11610.jpg', NULL, NULL),
(176, 118, 'ACTUAL', 20, 30, 'images/media/2019/10/PJG0C11511.jpg', NULL, NULL),
(177, 119, 'ACTUAL', 20, 30, 'images/media/2019/10/SKOMJ11512.jpg', NULL, NULL),
(178, 120, 'ACTUAL', 64, 64, 'images/media/2019/11/3eIYU27601.png', NULL, NULL),
(179, 121, 'ACTUAL', 284, 250, 'images/media/2019/11/o7Ssu27301.jpg', NULL, NULL),
(180, 121, 'THUMBNAIL', 150, 132, 'images/media/2019/11/thumbnail1574860687o7Ssu27301.jpg', NULL, NULL),
(181, 122, 'ACTUAL', 64, 64, 'images/media/2019/11/wUJPQ27501.png', NULL, NULL),
(182, 123, 'ACTUAL', 284, 250, 'images/media/2019/11/dfJMq27601.jpg', NULL, NULL),
(183, 123, 'THUMBNAIL', 150, 132, 'images/media/2019/11/thumbnail1574860688dfJMq27601.jpg', NULL, NULL),
(184, 124, 'ACTUAL', 284, 250, 'images/media/2019/11/mAv6127501.jpg', NULL, NULL),
(185, 124, 'THUMBNAIL', 150, 132, 'images/media/2019/11/thumbnail1574860689mAv6127501.jpg', NULL, NULL),
(186, 125, 'ACTUAL', 64, 64, 'images/media/2019/11/k9n9K27501.png', NULL, NULL),
(187, 126, 'ACTUAL', 64, 64, 'images/media/2019/11/5BOEl27501.png', NULL, NULL),
(188, 127, 'ACTUAL', 284, 250, 'images/media/2019/11/8HSeI27701.jpg', NULL, NULL),
(189, 127, 'THUMBNAIL', 150, 132, 'images/media/2019/11/thumbnail15748606908HSeI27701.jpg', NULL, NULL),
(190, 128, 'ACTUAL', 64, 64, 'images/media/2019/11/uFhMa27301.png', NULL, NULL),
(191, 129, 'ACTUAL', 284, 250, 'images/media/2019/11/6nwKu27201.jpg', NULL, NULL),
(192, 129, 'THUMBNAIL', 150, 132, 'images/media/2019/11/thumbnail15748606926nwKu27201.jpg', NULL, NULL),
(193, 130, 'ACTUAL', 64, 64, 'images/media/2019/11/DLQFG27501.png', NULL, NULL),
(194, 131, 'ACTUAL', 284, 250, 'images/media/2019/11/QxXOd27901.jpg', NULL, NULL),
(195, 131, 'THUMBNAIL', 150, 132, 'images/media/2019/11/thumbnail1574860692QxXOd27901.jpg', NULL, NULL),
(196, 132, 'ACTUAL', 1024, 1024, 'images/media/2019/11/V28pJ27401.jpg', NULL, NULL),
(197, 133, 'ACTUAL', 1024, 1024, 'images/media/2019/11/1yXrD27301.jpg', NULL, NULL),
(198, 132, 'THUMBNAIL', 150, 150, 'images/media/2019/11/thumbnail1574861577V28pJ27401.jpg', NULL, NULL),
(199, 133, 'THUMBNAIL', 150, 150, 'images/media/2019/11/thumbnail15748615771yXrD27301.jpg', NULL, NULL),
(200, 132, 'MEDIUM', 400, 400, 'images/media/2019/11/medium1574861577V28pJ27401.jpg', NULL, NULL),
(201, 133, 'MEDIUM', 400, 400, 'images/media/2019/11/medium15748615771yXrD27301.jpg', NULL, NULL),
(202, 133, 'LARGE', 900, 900, 'images/media/2019/11/large15748615781yXrD27301.jpg', NULL, NULL),
(203, 132, 'LARGE', 900, 900, 'images/media/2019/11/large1574861578V28pJ27401.jpg', NULL, NULL),
(204, 134, 'ACTUAL', 1024, 1024, 'images/media/2019/11/8mv7C27701.jpg', NULL, NULL),
(205, 134, 'THUMBNAIL', 150, 150, 'images/media/2019/11/thumbnail15748615798mv7C27701.jpg', NULL, NULL),
(206, 134, 'MEDIUM', 400, 400, 'images/media/2019/11/medium15748615798mv7C27701.jpg', NULL, NULL),
(207, 135, 'ACTUAL', 1024, 1024, 'images/media/2019/11/FLPgv27901.jpg', NULL, NULL),
(208, 134, 'LARGE', 900, 900, 'images/media/2019/11/large15748615798mv7C27701.jpg', NULL, NULL),
(209, 135, 'THUMBNAIL', 150, 150, 'images/media/2019/11/thumbnail1574861580FLPgv27901.jpg', NULL, NULL),
(210, 135, 'MEDIUM', 400, 400, 'images/media/2019/11/medium1574861580FLPgv27901.jpg', NULL, NULL),
(211, 135, 'LARGE', 900, 900, 'images/media/2019/11/large1574861580FLPgv27901.jpg', NULL, NULL),
(212, 136, 'ACTUAL', 1024, 1024, 'images/media/2019/11/DVCXE27301.jpg', NULL, NULL),
(213, 136, 'THUMBNAIL', 150, 150, 'images/media/2019/11/thumbnail1574861580DVCXE27301.jpg', NULL, NULL),
(214, 136, 'MEDIUM', 400, 400, 'images/media/2019/11/medium1574861580DVCXE27301.jpg', NULL, NULL),
(215, 136, 'LARGE', 900, 900, 'images/media/2019/11/large1574861581DVCXE27301.jpg', NULL, NULL),
(216, 137, 'ACTUAL', 1024, 1024, 'images/media/2019/11/VcWP527901.jpg', NULL, NULL),
(217, 138, 'ACTUAL', 1024, 1024, 'images/media/2019/11/nailP27301.jpg', NULL, NULL),
(218, 137, 'THUMBNAIL', 150, 150, 'images/media/2019/11/thumbnail1574862242VcWP527901.jpg', NULL, NULL),
(219, 138, 'THUMBNAIL', 150, 150, 'images/media/2019/11/thumbnail1574862242nailP27301.jpg', NULL, NULL),
(220, 138, 'MEDIUM', 400, 400, 'images/media/2019/11/medium1574862243nailP27301.jpg', NULL, NULL),
(221, 137, 'MEDIUM', 400, 400, 'images/media/2019/11/medium1574862243VcWP527901.jpg', NULL, NULL),
(222, 138, 'LARGE', 900, 900, 'images/media/2019/11/large1574862243nailP27301.jpg', NULL, NULL),
(223, 137, 'LARGE', 900, 900, 'images/media/2019/11/large1574862243VcWP527901.jpg', NULL, NULL),
(224, 139, 'ACTUAL', 1024, 1024, 'images/media/2019/11/7fA9P27701.jpg', NULL, NULL),
(225, 140, 'ACTUAL', 1024, 1024, 'images/media/2019/11/snPOE27601.jpg', NULL, NULL),
(226, 139, 'THUMBNAIL', 150, 150, 'images/media/2019/11/thumbnail15748622447fA9P27701.jpg', NULL, NULL),
(227, 140, 'THUMBNAIL', 150, 150, 'images/media/2019/11/thumbnail1574862244snPOE27601.jpg', NULL, NULL),
(228, 139, 'MEDIUM', 400, 400, 'images/media/2019/11/medium15748622447fA9P27701.jpg', NULL, NULL),
(229, 140, 'MEDIUM', 400, 400, 'images/media/2019/11/medium1574862244snPOE27601.jpg', NULL, NULL),
(230, 139, 'LARGE', 900, 900, 'images/media/2019/11/large15748622457fA9P27701.jpg', NULL, NULL),
(231, 140, 'LARGE', 900, 900, 'images/media/2019/11/large1574862245snPOE27601.jpg', NULL, NULL),
(232, 141, 'ACTUAL', 1024, 1024, 'images/media/2019/11/hO4hS27501.jpg', NULL, NULL),
(233, 142, 'ACTUAL', 1024, 1024, 'images/media/2019/11/Ih8vq27801.jpg', NULL, NULL),
(234, 141, 'THUMBNAIL', 150, 150, 'images/media/2019/11/thumbnail1574862247hO4hS27501.jpg', NULL, NULL),
(235, 142, 'THUMBNAIL', 150, 150, 'images/media/2019/11/thumbnail1574862247Ih8vq27801.jpg', NULL, NULL),
(236, 141, 'MEDIUM', 400, 400, 'images/media/2019/11/medium1574862248hO4hS27501.jpg', NULL, NULL),
(237, 142, 'MEDIUM', 400, 400, 'images/media/2019/11/medium1574862248Ih8vq27801.jpg', NULL, NULL),
(238, 141, 'LARGE', 900, 900, 'images/media/2019/11/large1574862249hO4hS27501.jpg', NULL, NULL),
(239, 142, 'LARGE', 900, 900, 'images/media/2019/11/large1574862250Ih8vq27801.jpg', NULL, NULL),
(240, 143, 'ACTUAL', 1024, 1024, 'images/media/2019/11/zZwLc27801.jpg', NULL, NULL),
(241, 144, 'ACTUAL', 1024, 1024, 'images/media/2019/11/AICfz27901.jpg', NULL, NULL),
(242, 143, 'THUMBNAIL', 150, 150, 'images/media/2019/11/thumbnail1574863016zZwLc27801.jpg', NULL, NULL),
(243, 144, 'THUMBNAIL', 150, 150, 'images/media/2019/11/thumbnail1574863017AICfz27901.jpg', NULL, NULL),
(244, 143, 'MEDIUM', 400, 400, 'images/media/2019/11/medium1574863023zZwLc27801.jpg', NULL, NULL),
(245, 144, 'MEDIUM', 400, 400, 'images/media/2019/11/medium1574863024AICfz27901.jpg', NULL, NULL),
(246, 143, 'LARGE', 900, 900, 'images/media/2019/11/large1574863029zZwLc27801.jpg', NULL, NULL),
(247, 144, 'LARGE', 900, 900, 'images/media/2019/11/large1574863029AICfz27901.jpg', NULL, NULL),
(248, 145, 'ACTUAL', 1024, 1024, 'images/media/2019/11/qr7Fs27401.jpg', NULL, NULL),
(249, 146, 'ACTUAL', 1024, 1024, 'images/media/2019/11/uHB5927801.jpg', NULL, NULL),
(250, 145, 'THUMBNAIL', 150, 150, 'images/media/2019/11/thumbnail1574863035qr7Fs27401.jpg', NULL, NULL),
(251, 146, 'THUMBNAIL', 150, 150, 'images/media/2019/11/thumbnail1574863035uHB5927801.jpg', NULL, NULL),
(252, 145, 'MEDIUM', 400, 400, 'images/media/2019/11/medium1574863037qr7Fs27401.jpg', NULL, NULL),
(253, 146, 'MEDIUM', 400, 400, 'images/media/2019/11/medium1574863038uHB5927801.jpg', NULL, NULL),
(254, 145, 'LARGE', 900, 900, 'images/media/2019/11/large1574863042qr7Fs27401.jpg', NULL, NULL),
(255, 146, 'LARGE', 900, 900, 'images/media/2019/11/large1574863042uHB5927801.jpg', NULL, NULL),
(256, 147, 'ACTUAL', 1024, 1024, 'images/media/2019/11/0Av0f27701.jpg', NULL, NULL),
(257, 148, 'ACTUAL', 1024, 1024, 'images/media/2019/11/uNImA27601.jpg', NULL, NULL),
(258, 147, 'THUMBNAIL', 150, 150, 'images/media/2019/11/thumbnail15748630460Av0f27701.jpg', NULL, NULL),
(259, 148, 'THUMBNAIL', 150, 150, 'images/media/2019/11/thumbnail1574863047uNImA27601.jpg', NULL, NULL),
(260, 147, 'MEDIUM', 400, 400, 'images/media/2019/11/medium15748630490Av0f27701.jpg', NULL, NULL),
(261, 148, 'MEDIUM', 400, 400, 'images/media/2019/11/medium1574863050uNImA27601.jpg', NULL, NULL),
(262, 148, 'LARGE', 900, 900, 'images/media/2019/11/large1574863055uNImA27601.jpg', NULL, NULL),
(263, 149, 'ACTUAL', 1024, 1024, 'images/media/2019/11/X99Yv27101.jpg', NULL, NULL),
(264, 150, 'ACTUAL', 1024, 1024, 'images/media/2019/11/IffDN27501.jpg', NULL, NULL),
(265, 149, 'THUMBNAIL', 150, 150, 'images/media/2019/11/thumbnail1574863063X99Yv27101.jpg', NULL, NULL),
(266, 150, 'THUMBNAIL', 150, 150, 'images/media/2019/11/thumbnail1574863064IffDN27501.jpg', NULL, NULL),
(267, 149, 'MEDIUM', 400, 400, 'images/media/2019/11/medium1574863067X99Yv27101.jpg', NULL, NULL),
(268, 150, 'MEDIUM', 400, 400, 'images/media/2019/11/medium1574863067IffDN27501.jpg', NULL, NULL),
(269, 150, 'LARGE', 900, 900, 'images/media/2019/11/large1574863072IffDN27501.jpg', NULL, NULL),
(270, 151, 'ACTUAL', 1024, 1024, 'images/media/2019/11/IfFM227501.jpg', NULL, NULL),
(271, 152, 'ACTUAL', 1024, 1024, 'images/media/2019/11/QidxL27101.jpg', NULL, NULL),
(272, 151, 'THUMBNAIL', 150, 150, 'images/media/2019/11/thumbnail1574863076IfFM227501.jpg', NULL, NULL),
(273, 152, 'THUMBNAIL', 150, 150, 'images/media/2019/11/thumbnail1574863078QidxL27101.jpg', NULL, NULL),
(274, 151, 'MEDIUM', 400, 400, 'images/media/2019/11/medium1574863078IfFM227501.jpg', NULL, NULL),
(275, 152, 'MEDIUM', 400, 400, 'images/media/2019/11/medium1574863080QidxL27101.jpg', NULL, NULL),
(276, 151, 'LARGE', 900, 900, 'images/media/2019/11/large1574863082IfFM227501.jpg', NULL, NULL),
(277, 152, 'LARGE', 900, 900, 'images/media/2019/11/large1574863084QidxL27101.jpg', NULL, NULL),
(278, 153, 'ACTUAL', 1024, 1024, 'images/media/2019/11/i4HBN27901.jpg', NULL, NULL),
(279, 154, 'ACTUAL', 1024, 1024, 'images/media/2019/11/DJYMO27101.jpg', NULL, NULL),
(280, 153, 'THUMBNAIL', 150, 150, 'images/media/2019/11/thumbnail1574863087i4HBN27901.jpg', NULL, NULL),
(281, 154, 'THUMBNAIL', 150, 150, 'images/media/2019/11/thumbnail1574863089DJYMO27101.jpg', NULL, NULL),
(282, 153, 'MEDIUM', 400, 400, 'images/media/2019/11/medium1574863090i4HBN27901.jpg', NULL, NULL),
(283, 154, 'MEDIUM', 400, 400, 'images/media/2019/11/medium1574863092DJYMO27101.jpg', NULL, NULL),
(284, 153, 'LARGE', 900, 900, 'images/media/2019/11/large1574863094i4HBN27901.jpg', NULL, NULL),
(285, 154, 'LARGE', 900, 900, 'images/media/2019/11/large1574863095DJYMO27101.jpg', NULL, NULL),
(286, 155, 'ACTUAL', 1024, 1024, 'images/media/2019/11/QCt0c27501.jpg', NULL, NULL),
(287, 155, 'THUMBNAIL', 150, 150, 'images/media/2019/11/thumbnail1574863097QCt0c27501.jpg', NULL, NULL),
(288, 155, 'MEDIUM', 400, 400, 'images/media/2019/11/medium1574863098QCt0c27501.jpg', NULL, NULL),
(289, 155, 'LARGE', 900, 900, 'images/media/2019/11/large1574863100QCt0c27501.jpg', NULL, NULL),
(290, 156, 'ACTUAL', 1024, 1024, 'images/media/2019/11/uBdE828101.jpg', NULL, NULL),
(291, 157, 'ACTUAL', 1024, 1024, 'images/media/2019/11/u0IgM28801.jpg', NULL, NULL),
(292, 156, 'THUMBNAIL', 150, 150, 'images/media/2019/11/thumbnail1574948922uBdE828101.jpg', NULL, NULL),
(293, 157, 'THUMBNAIL', 150, 150, 'images/media/2019/11/thumbnail1574948922u0IgM28801.jpg', NULL, NULL),
(294, 157, 'MEDIUM', 400, 400, 'images/media/2019/11/medium1574948923u0IgM28801.jpg', NULL, NULL),
(295, 156, 'MEDIUM', 400, 400, 'images/media/2019/11/medium1574948923uBdE828101.jpg', NULL, NULL),
(296, 157, 'LARGE', 900, 900, 'images/media/2019/11/large1574948923u0IgM28801.jpg', NULL, NULL),
(297, 156, 'LARGE', 900, 900, 'images/media/2019/11/large1574948923uBdE828101.jpg', NULL, NULL),
(298, 158, 'ACTUAL', 1024, 1024, 'images/media/2019/11/wJku428501.jpg', NULL, NULL),
(299, 159, 'ACTUAL', 1024, 1024, 'images/media/2019/11/CZCdI28701.jpg', NULL, NULL),
(300, 158, 'THUMBNAIL', 150, 150, 'images/media/2019/11/thumbnail1574948925wJku428501.jpg', NULL, NULL),
(301, 159, 'THUMBNAIL', 150, 150, 'images/media/2019/11/thumbnail1574948925CZCdI28701.jpg', NULL, NULL),
(302, 159, 'MEDIUM', 400, 400, 'images/media/2019/11/medium1574948925CZCdI28701.jpg', NULL, NULL),
(303, 158, 'MEDIUM', 400, 400, 'images/media/2019/11/medium1574948925wJku428501.jpg', NULL, NULL),
(304, 159, 'LARGE', 900, 900, 'images/media/2019/11/large1574948926CZCdI28701.jpg', NULL, NULL),
(305, 158, 'LARGE', 900, 900, 'images/media/2019/11/large1574948926wJku428501.jpg', NULL, NULL),
(306, 160, 'ACTUAL', 1024, 1024, 'images/media/2019/11/Uj7wx28801.jpg', NULL, NULL),
(307, 160, 'THUMBNAIL', 150, 150, 'images/media/2019/11/thumbnail1574948927Uj7wx28801.jpg', NULL, NULL),
(308, 161, 'ACTUAL', 1024, 1024, 'images/media/2019/11/sYPxJ28701.jpg', NULL, NULL),
(309, 160, 'MEDIUM', 400, 400, 'images/media/2019/11/medium1574948927Uj7wx28801.jpg', NULL, NULL),
(310, 161, 'THUMBNAIL', 150, 150, 'images/media/2019/11/thumbnail1574948927sYPxJ28701.jpg', NULL, NULL),
(311, 161, 'MEDIUM', 400, 400, 'images/media/2019/11/medium1574948927sYPxJ28701.jpg', NULL, NULL),
(312, 161, 'LARGE', 900, 900, 'images/media/2019/11/large1574948928sYPxJ28701.jpg', NULL, NULL),
(313, 162, 'ACTUAL', 1024, 1024, 'images/media/2019/11/8d9ql28401.jpg', NULL, NULL),
(314, 162, 'THUMBNAIL', 150, 150, 'images/media/2019/11/thumbnail15749489288d9ql28401.jpg', NULL, NULL),
(315, 162, 'MEDIUM', 400, 400, 'images/media/2019/11/medium15749489288d9ql28401.jpg', NULL, NULL),
(316, 162, 'LARGE', 900, 900, 'images/media/2019/11/large15749489298d9ql28401.jpg', NULL, NULL),
(317, 163, 'ACTUAL', 1024, 1024, 'images/media/2019/12/fCGbk02108.jpg', NULL, NULL),
(318, 164, 'ACTUAL', 1024, 1024, 'images/media/2019/12/mZCsc02908.jpg', NULL, NULL),
(319, 163, 'THUMBNAIL', 150, 150, 'images/media/2019/12/thumbnail1575275445fCGbk02108.jpg', NULL, NULL),
(320, 164, 'THUMBNAIL', 150, 150, 'images/media/2019/12/thumbnail1575275445mZCsc02908.jpg', NULL, NULL),
(321, 163, 'MEDIUM', 400, 400, 'images/media/2019/12/medium1575275445fCGbk02108.jpg', NULL, NULL),
(322, 164, 'MEDIUM', 400, 400, 'images/media/2019/12/medium1575275445mZCsc02908.jpg', NULL, NULL),
(323, 163, 'LARGE', 900, 900, 'images/media/2019/12/large1575275446fCGbk02108.jpg', NULL, NULL),
(324, 164, 'LARGE', 900, 900, 'images/media/2019/12/large1575275446mZCsc02908.jpg', NULL, NULL),
(325, 165, 'ACTUAL', 1024, 1024, 'images/media/2019/12/PQwJz02308.jpg', NULL, NULL),
(326, 166, 'ACTUAL', 1024, 1024, 'images/media/2019/12/k5PM902208.jpg', NULL, NULL),
(327, 165, 'THUMBNAIL', 150, 150, 'images/media/2019/12/thumbnail1575275448PQwJz02308.jpg', NULL, NULL),
(328, 166, 'THUMBNAIL', 150, 150, 'images/media/2019/12/thumbnail1575275448k5PM902208.jpg', NULL, NULL),
(329, 165, 'MEDIUM', 400, 400, 'images/media/2019/12/medium1575275448PQwJz02308.jpg', NULL, NULL),
(330, 166, 'MEDIUM', 400, 400, 'images/media/2019/12/medium1575275448k5PM902208.jpg', NULL, NULL),
(331, 165, 'LARGE', 900, 900, 'images/media/2019/12/large1575275449PQwJz02308.jpg', NULL, NULL),
(332, 166, 'LARGE', 900, 900, 'images/media/2019/12/large1575275449k5PM902208.jpg', NULL, NULL),
(333, 167, 'ACTUAL', 1024, 1024, 'images/media/2019/12/r8QNB02908.jpg', NULL, NULL),
(334, 168, 'ACTUAL', 1024, 1024, 'images/media/2019/12/Sxm7C02608.jpg', NULL, NULL),
(335, 167, 'THUMBNAIL', 150, 150, 'images/media/2019/12/thumbnail1575275451r8QNB02908.jpg', NULL, NULL),
(336, 168, 'THUMBNAIL', 150, 150, 'images/media/2019/12/thumbnail1575275451Sxm7C02608.jpg', NULL, NULL),
(337, 167, 'MEDIUM', 400, 400, 'images/media/2019/12/medium1575275452r8QNB02908.jpg', NULL, NULL),
(338, 168, 'MEDIUM', 400, 400, 'images/media/2019/12/medium1575275452Sxm7C02608.jpg', NULL, NULL),
(339, 167, 'LARGE', 900, 900, 'images/media/2019/12/large1575275453r8QNB02908.jpg', NULL, NULL),
(340, 168, 'LARGE', 900, 900, 'images/media/2019/12/large1575275453Sxm7C02608.jpg', NULL, NULL),
(341, 169, 'ACTUAL', 1024, 1024, 'images/media/2019/12/b8Fgl02808.jpg', NULL, NULL),
(342, 170, 'ACTUAL', 1024, 1024, 'images/media/2019/12/Ob0sg02608.jpg', NULL, NULL),
(343, 169, 'THUMBNAIL', 150, 150, 'images/media/2019/12/thumbnail1575275455b8Fgl02808.jpg', NULL, NULL),
(344, 170, 'THUMBNAIL', 150, 150, 'images/media/2019/12/thumbnail1575275455Ob0sg02608.jpg', NULL, NULL),
(345, 169, 'MEDIUM', 400, 400, 'images/media/2019/12/medium1575275455b8Fgl02808.jpg', NULL, NULL),
(346, 170, 'MEDIUM', 400, 400, 'images/media/2019/12/medium1575275456Ob0sg02608.jpg', NULL, NULL),
(347, 169, 'LARGE', 900, 900, 'images/media/2019/12/large1575275456b8Fgl02808.jpg', NULL, NULL),
(348, 170, 'LARGE', 900, 900, 'images/media/2019/12/large1575275456Ob0sg02608.jpg', NULL, NULL),
(349, 171, 'ACTUAL', 421, 1600, 'images/media/2020/02/kdout20102.jpg', NULL, NULL),
(350, 171, 'THUMBNAIL', 39, 150, 'images/media/2020/02/thumbnail1582210024kdout20102.jpg', NULL, NULL),
(351, 172, 'ACTUAL', 421, 1600, 'images/media/2020/02/w46y720502.jpg', NULL, NULL),
(352, 171, 'MEDIUM', 105, 400, 'images/media/2020/02/medium1582210024kdout20102.jpg', NULL, NULL),
(353, 172, 'THUMBNAIL', 39, 150, 'images/media/2020/02/thumbnail1582210024w46y720502.jpg', NULL, NULL),
(354, 172, 'MEDIUM', 105, 400, 'images/media/2020/02/medium1582210024w46y720502.jpg', NULL, NULL),
(355, 171, 'LARGE', 237, 900, 'images/media/2020/02/large1582210024kdout20102.jpg', NULL, NULL),
(356, 172, 'LARGE', 237, 900, 'images/media/2020/02/large1582210024w46y720502.jpg', NULL, NULL),
(357, 173, 'ACTUAL', 421, 1600, 'images/media/2020/02/WHhXb20502.jpg', NULL, NULL),
(358, 173, 'THUMBNAIL', 39, 150, 'images/media/2020/02/thumbnail1582210025WHhXb20502.jpg', NULL, NULL),
(359, 173, 'MEDIUM', 105, 400, 'images/media/2020/02/medium1582210025WHhXb20502.jpg', NULL, NULL),
(360, 173, 'LARGE', 237, 900, 'images/media/2020/02/large1582210025WHhXb20502.jpg', NULL, NULL),
(361, 174, 'ACTUAL', 277, 370, 'images/media/2020/02/21yLt20503.jpg', NULL, NULL),
(362, 174, 'THUMBNAIL', 112, 150, 'images/media/2020/02/thumbnail158221085321yLt20503.jpg', NULL, NULL),
(363, 175, 'ACTUAL', 277, 370, 'images/media/2020/02/ofxzh20403.jpg', NULL, NULL),
(364, 175, 'THUMBNAIL', 112, 150, 'images/media/2020/02/thumbnail1582210853ofxzh20403.jpg', NULL, NULL),
(365, 176, 'ACTUAL', 277, 370, 'images/media/2020/02/ckvHK20203.jpg', NULL, NULL),
(366, 176, 'THUMBNAIL', 112, 150, 'images/media/2020/02/thumbnail1582210854ckvHK20203.jpg', NULL, NULL),
(367, 177, 'ACTUAL', 301, 770, 'images/media/2020/02/6DM9820403.jpg', NULL, NULL),
(368, 177, 'THUMBNAIL', 59, 150, 'images/media/2020/02/thumbnail15822109586DM9820403.jpg', NULL, NULL),
(369, 177, 'MEDIUM', 156, 400, 'images/media/2020/02/medium15822109586DM9820403.jpg', NULL, NULL),
(370, 178, 'ACTUAL', 550, 368, 'images/media/2020/02/dZaEY20303.jpg', NULL, NULL),
(371, 178, 'THUMBNAIL', 150, 100, 'images/media/2020/02/thumbnail1582210958dZaEY20303.jpg', NULL, NULL),
(372, 178, 'MEDIUM', 400, 268, 'images/media/2020/02/medium1582210958dZaEY20303.jpg', NULL, NULL),
(373, 179, 'ACTUAL', 220, 370, 'images/media/2020/02/VmCEr20703.jpg', NULL, NULL),
(374, 179, 'THUMBNAIL', 89, 150, 'images/media/2020/02/thumbnail1582210958VmCEr20703.jpg', NULL, NULL),
(375, 180, 'ACTUAL', 220, 370, 'images/media/2020/02/fuq2A20403.jpg', NULL, NULL),
(376, 180, 'THUMBNAIL', 89, 150, 'images/media/2020/02/thumbnail1582210958fuq2A20403.jpg', NULL, NULL),
(377, 181, 'ACTUAL', 229, 270, 'images/media/2020/02/lKwDn20403.jpg', NULL, NULL),
(378, 181, 'THUMBNAIL', 127, 150, 'images/media/2020/02/thumbnail1582211094lKwDn20403.jpg', NULL, NULL),
(379, 182, 'ACTUAL', 229, 270, 'images/media/2020/02/xRBw820303.jpg', NULL, NULL),
(380, 182, 'THUMBNAIL', 127, 150, 'images/media/2020/02/thumbnail1582211095xRBw820303.jpg', NULL, NULL),
(381, 183, 'ACTUAL', 490, 570, 'images/media/2020/02/9vZZo20203.jpg', NULL, NULL),
(382, 183, 'THUMBNAIL', 129, 150, 'images/media/2020/02/thumbnail15822110959vZZo20203.jpg', NULL, NULL),
(383, 183, 'MEDIUM', 344, 400, 'images/media/2020/02/medium15822110959vZZo20203.jpg', NULL, NULL),
(384, 184, 'ACTUAL', 229, 270, 'images/media/2020/02/lvaFG20403.jpg', NULL, NULL),
(385, 184, 'THUMBNAIL', 127, 150, 'images/media/2020/02/thumbnail1582211095lvaFG20403.jpg', NULL, NULL),
(386, 185, 'ACTUAL', 229, 270, 'images/media/2020/02/Rz0xi20403.jpg', NULL, NULL),
(387, 185, 'THUMBNAIL', 127, 150, 'images/media/2020/02/thumbnail1582211096Rz0xi20403.jpg', NULL, NULL),
(388, 186, 'ACTUAL', 211, 270, 'images/media/2020/02/JElsC20603.jpg', NULL, NULL),
(389, 186, 'THUMBNAIL', 117, 150, 'images/media/2020/02/thumbnail1582211233JElsC20603.jpg', NULL, NULL),
(390, 187, 'ACTUAL', 211, 270, 'images/media/2020/02/61tK720503.jpg', NULL, NULL),
(391, 187, 'THUMBNAIL', 117, 150, 'images/media/2020/02/thumbnail158221123461tK720503.jpg', NULL, NULL),
(392, 188, 'ACTUAL', 211, 570, 'images/media/2020/02/v9rHN20803.jpg', NULL, NULL),
(393, 188, 'THUMBNAIL', 56, 150, 'images/media/2020/02/thumbnail1582211234v9rHN20803.jpg', NULL, NULL),
(394, 188, 'MEDIUM', 148, 400, 'images/media/2020/02/medium1582211234v9rHN20803.jpg', NULL, NULL),
(395, 189, 'ACTUAL', 451, 570, 'images/media/2020/02/UXs5s20703.jpg', NULL, NULL),
(396, 189, 'THUMBNAIL', 119, 150, 'images/media/2020/02/thumbnail1582211335UXs5s20703.jpg', NULL, NULL),
(397, 189, 'MEDIUM', 316, 400, 'images/media/2020/02/medium1582211335UXs5s20703.jpg', NULL, NULL),
(398, 190, 'ACTUAL', 298, 568, 'images/media/2020/02/JG8B320703.jpg', NULL, NULL),
(399, 190, 'THUMBNAIL', 79, 150, 'images/media/2020/02/thumbnail1582211438JG8B320703.jpg', NULL, NULL),
(400, 191, 'ACTUAL', 298, 569, 'images/media/2020/02/nAkVg20103.jpg', NULL, NULL),
(401, 191, 'THUMBNAIL', 79, 150, 'images/media/2020/02/thumbnail1582211438nAkVg20103.jpg', NULL, NULL),
(402, 190, 'MEDIUM', 210, 400, 'images/media/2020/02/medium1582211438JG8B320703.jpg', NULL, NULL),
(403, 191, 'MEDIUM', 209, 400, 'images/media/2020/02/medium1582211438nAkVg20103.jpg', NULL, NULL),
(404, 192, 'ACTUAL', 229, 270, 'images/media/2020/02/NMlsy20403.jpg', NULL, NULL),
(405, 192, 'THUMBNAIL', 127, 150, 'images/media/2020/02/thumbnail1582211490NMlsy20403.jpg', NULL, NULL),
(406, 193, 'ACTUAL', 452, 569, 'images/media/2020/02/3icIy20103.jpg', NULL, NULL),
(407, 194, 'ACTUAL', 211, 270, 'images/media/2020/02/ZXu5e20103.jpg', NULL, NULL),
(408, 194, 'THUMBNAIL', 117, 150, 'images/media/2020/02/thumbnail1582211546ZXu5e20103.jpg', NULL, NULL),
(409, 193, 'THUMBNAIL', 119, 150, 'images/media/2020/02/thumbnail15822115463icIy20103.jpg', NULL, NULL),
(410, 193, 'MEDIUM', 318, 400, 'images/media/2020/02/medium15822115463icIy20103.jpg', NULL, NULL),
(411, 195, 'ACTUAL', 211, 270, 'images/media/2020/02/SWjwB20103.jpg', NULL, NULL),
(412, 195, 'THUMBNAIL', 117, 150, 'images/media/2020/02/thumbnail1582211546SWjwB20103.jpg', NULL, NULL),
(413, 196, 'ACTUAL', 451, 271, 'images/media/2020/02/bHD1b20903.jpg', NULL, NULL),
(414, 196, 'THUMBNAIL', 150, 90, 'images/media/2020/02/thumbnail1582211547bHD1b20903.jpg', NULL, NULL),
(415, 196, 'MEDIUM', 400, 240, 'images/media/2020/02/medium1582211547bHD1b20903.jpg', NULL, NULL),
(416, 197, 'ACTUAL', 230, 370, 'images/media/2020/02/HUe4L20203.jpg', NULL, NULL),
(417, 197, 'THUMBNAIL', 93, 150, 'images/media/2020/02/thumbnail1582211723HUe4L20203.jpg', NULL, NULL),
(418, 198, 'ACTUAL', 230, 370, 'images/media/2020/02/mpcVY20203.jpg', NULL, NULL),
(419, 198, 'THUMBNAIL', 93, 150, 'images/media/2020/02/thumbnail1582211723mpcVY20203.jpg', NULL, NULL),
(420, 199, 'ACTUAL', 230, 370, 'images/media/2020/02/1OoHX20603.jpg', NULL, NULL),
(421, 199, 'THUMBNAIL', 93, 150, 'images/media/2020/02/thumbnail15822117241OoHX20603.jpg', NULL, NULL),
(422, 200, 'ACTUAL', 493, 370, 'images/media/2020/02/OBgRr20903.jpg', NULL, NULL),
(423, 200, 'THUMBNAIL', 150, 113, 'images/media/2020/02/thumbnail1582211724OBgRr20903.jpg', NULL, NULL),
(424, 200, 'MEDIUM', 400, 300, 'images/media/2020/02/medium1582211724OBgRr20903.jpg', NULL, NULL),
(425, 201, 'ACTUAL', 230, 370, 'images/media/2020/02/1ieed20303.jpg', NULL, NULL),
(426, 201, 'THUMBNAIL', 93, 150, 'images/media/2020/02/thumbnail15822117241ieed20303.jpg', NULL, NULL),
(427, 202, 'ACTUAL', 259, 770, 'images/media/2020/02/zSOCU20903.jpg', NULL, NULL),
(428, 202, 'THUMBNAIL', 50, 150, 'images/media/2020/02/thumbnail1582211800zSOCU20903.jpg', NULL, NULL),
(429, 202, 'MEDIUM', 135, 400, 'images/media/2020/02/medium1582211800zSOCU20903.jpg', NULL, NULL),
(430, 203, 'ACTUAL', 546, 372, 'images/media/2020/02/Wcjb820403.jpg', NULL, NULL),
(431, 203, 'THUMBNAIL', 150, 102, 'images/media/2020/02/thumbnail1582211801Wcjb820403.jpg', NULL, NULL),
(432, 203, 'MEDIUM', 400, 273, 'images/media/2020/02/medium1582211801Wcjb820403.jpg', NULL, NULL),
(433, 204, 'ACTUAL', 259, 770, 'images/media/2020/02/wYPz920203.jpg', NULL, NULL),
(434, 204, 'THUMBNAIL', 50, 150, 'images/media/2020/02/thumbnail1582211802wYPz920203.jpg', NULL, NULL),
(435, 204, 'MEDIUM', 135, 400, 'images/media/2020/02/medium1582211802wYPz920203.jpg', NULL, NULL),
(436, 205, 'ACTUAL', 64, 64, 'images/media/2020/04/g3qI328201.png', NULL, NULL),
(437, 206, 'ACTUAL', 500, 500, 'images/media/2020/04/kuGrP28801.jpg', NULL, NULL),
(438, 206, 'THUMBNAIL', 150, 150, 'images/media/2020/04/thumbnail1588079883kuGrP28801.jpg', NULL, NULL),
(439, 206, 'MEDIUM', 400, 400, 'images/media/2020/04/medium1588079884kuGrP28801.jpg', NULL, NULL),
(440, 207, 'ACTUAL', 64, 64, 'images/media/2020/04/fUzBw28301.png', NULL, NULL),
(441, 208, 'ACTUAL', 500, 500, 'images/media/2020/04/2pdsO28701.jpg', NULL, NULL),
(442, 208, 'THUMBNAIL', 150, 150, 'images/media/2020/04/thumbnail15880798902pdsO28701.jpg', NULL, NULL),
(443, 208, 'MEDIUM', 400, 400, 'images/media/2020/04/medium15880798912pdsO28701.jpg', NULL, NULL),
(444, 209, 'ACTUAL', 64, 64, 'images/media/2020/04/IHYuG28401.png', NULL, NULL),
(445, 210, 'ACTUAL', 500, 500, 'images/media/2020/04/LoMdU28301.jpg', NULL, NULL),
(446, 210, 'THUMBNAIL', 150, 150, 'images/media/2020/04/thumbnail1588079897LoMdU28301.jpg', NULL, NULL),
(447, 210, 'MEDIUM', 400, 400, 'images/media/2020/04/medium1588079898LoMdU28301.jpg', NULL, NULL),
(448, 211, 'ACTUAL', 700, 900, 'images/media/2020/04/9agoz28603.jpg', NULL, NULL),
(449, 212, 'ACTUAL', 700, 900, 'images/media/2020/04/hBhCH28803.jpg', NULL, NULL),
(450, 211, 'THUMBNAIL', 117, 150, 'images/media/2020/04/thumbnail15880871259agoz28603.jpg', NULL, NULL),
(451, 212, 'THUMBNAIL', 117, 150, 'images/media/2020/04/thumbnail1588087125hBhCH28803.jpg', NULL, NULL),
(452, 211, 'MEDIUM', 311, 400, 'images/media/2020/04/medium15880871259agoz28603.jpg', NULL, NULL),
(453, 212, 'MEDIUM', 311, 400, 'images/media/2020/04/medium1588087125hBhCH28803.jpg', NULL, NULL),
(454, 211, 'LARGE', 700, 900, 'images/media/2020/04/large15880871259agoz28603.jpg', NULL, '2020-04-28 03:18:45'),
(455, 212, 'LARGE', 700, 900, 'images/media/2020/04/large1588087125hBhCH28803.jpg', NULL, '2020-04-28 03:18:45'),
(456, 213, 'ACTUAL', 700, 900, 'images/media/2020/04/LHcpH28203.png', NULL, NULL),
(457, 213, 'THUMBNAIL', 117, 150, 'images/media/2020/04/thumbnail1588087126LHcpH28203.png', NULL, NULL),
(458, 213, 'MEDIUM', 311, 400, 'images/media/2020/04/medium1588087126LHcpH28203.png', NULL, NULL),
(459, 213, 'LARGE', 700, 900, 'images/media/2020/04/large1588087126LHcpH28203.png', NULL, '2020-04-28 03:18:46'),
(460, 214, 'ACTUAL', 700, 900, 'images/media/2020/04/VhOe928703.jpg', NULL, NULL),
(461, 215, 'ACTUAL', 700, 900, 'images/media/2020/04/s50fE28203.jpg', NULL, NULL),
(462, 214, 'THUMBNAIL', 117, 150, 'images/media/2020/04/thumbnail1588087133VhOe928703.jpg', NULL, NULL),
(463, 215, 'THUMBNAIL', 117, 150, 'images/media/2020/04/thumbnail1588087134s50fE28203.jpg', NULL, NULL),
(464, 214, 'MEDIUM', 311, 400, 'images/media/2020/04/medium1588087134VhOe928703.jpg', NULL, NULL),
(465, 215, 'MEDIUM', 311, 400, 'images/media/2020/04/medium1588087134s50fE28203.jpg', NULL, NULL),
(466, 214, 'LARGE', 700, 900, 'images/media/2020/04/large1588087134VhOe928703.jpg', NULL, '2020-04-28 03:18:54'),
(467, 215, 'LARGE', 700, 900, 'images/media/2020/04/large1588087134s50fE28203.jpg', NULL, '2020-04-28 03:18:54'),
(468, 216, 'ACTUAL', 700, 900, 'images/media/2020/04/u4KY528603.png', NULL, NULL),
(469, 216, 'THUMBNAIL', 117, 150, 'images/media/2020/04/thumbnail1588087135u4KY528603.png', NULL, NULL),
(470, 216, 'MEDIUM', 311, 400, 'images/media/2020/04/medium1588087135u4KY528603.png', NULL, NULL),
(471, 216, 'LARGE', 700, 900, 'images/media/2020/04/large1588087135u4KY528603.png', NULL, '2020-04-28 03:18:55'),
(472, 217, 'ACTUAL', 700, 900, 'images/media/2020/04/8LCK828603.jpg', NULL, NULL),
(473, 217, 'THUMBNAIL', 117, 150, 'images/media/2020/04/thumbnail15880871408LCK828603.jpg', NULL, NULL),
(474, 217, 'MEDIUM', 311, 400, 'images/media/2020/04/medium15880871408LCK828603.jpg', NULL, NULL),
(475, 217, 'LARGE', 700, 900, 'images/media/2020/04/large15880871408LCK828603.jpg', NULL, '2020-04-28 03:19:00'),
(476, 218, 'ACTUAL', 700, 900, 'images/media/2020/04/1m9NW28103.jpg', NULL, NULL),
(477, 218, 'THUMBNAIL', 117, 150, 'images/media/2020/04/thumbnail15880871411m9NW28103.jpg', NULL, NULL),
(478, 218, 'MEDIUM', 311, 400, 'images/media/2020/04/medium15880871411m9NW28103.jpg', NULL, NULL),
(479, 218, 'LARGE', 700, 900, 'images/media/2020/04/large15880871411m9NW28103.jpg', NULL, '2020-04-28 03:19:01'),
(480, 219, 'ACTUAL', 700, 900, 'images/media/2020/04/40Iy228603.jpg', NULL, NULL),
(481, 219, 'THUMBNAIL', 117, 150, 'images/media/2020/04/thumbnail158808714140Iy228603.jpg', NULL, NULL),
(482, 219, 'MEDIUM', 311, 400, 'images/media/2020/04/medium158808714140Iy228603.jpg', NULL, NULL),
(483, 219, 'LARGE', 700, 900, 'images/media/2020/04/large158808714140Iy228603.jpg', NULL, '2020-04-28 03:19:01'),
(484, 220, 'ACTUAL', 700, 900, 'images/media/2020/04/v10Ki28603.jpg', NULL, NULL),
(485, 220, 'THUMBNAIL', 117, 150, 'images/media/2020/04/thumbnail1588088182v10Ki28603.jpg', NULL, NULL),
(486, 221, 'ACTUAL', 700, 900, 'images/media/2020/04/iLWhl28903.jpg', NULL, NULL),
(487, 220, 'MEDIUM', 311, 400, 'images/media/2020/04/medium1588088183v10Ki28603.jpg', NULL, NULL),
(488, 221, 'THUMBNAIL', 117, 150, 'images/media/2020/04/thumbnail1588088183iLWhl28903.jpg', NULL, NULL),
(489, 221, 'MEDIUM', 311, 400, 'images/media/2020/04/medium1588088183iLWhl28903.jpg', NULL, NULL),
(490, 220, 'LARGE', 700, 900, 'images/media/2020/04/large1588088183v10Ki28603.jpg', NULL, '2020-04-28 03:36:23'),
(491, 221, 'LARGE', 700, 900, 'images/media/2020/04/large1588088183iLWhl28903.jpg', NULL, '2020-04-28 03:36:23'),
(492, 222, 'ACTUAL', 700, 900, 'images/media/2020/04/xlHTQ28803.jpg', NULL, NULL),
(493, 222, 'THUMBNAIL', 117, 150, 'images/media/2020/04/thumbnail1588088183xlHTQ28803.jpg', NULL, NULL),
(494, 222, 'MEDIUM', 311, 400, 'images/media/2020/04/medium1588088183xlHTQ28803.jpg', NULL, NULL),
(495, 222, 'LARGE', 700, 900, 'images/media/2020/04/large1588088184xlHTQ28803.jpg', NULL, '2020-04-28 03:36:24'),
(496, 223, 'ACTUAL', 700, 900, 'images/media/2020/04/DF1kN28403.jpg', NULL, NULL),
(497, 223, 'THUMBNAIL', 117, 150, 'images/media/2020/04/thumbnail1588088365DF1kN28403.jpg', NULL, NULL),
(498, 223, 'MEDIUM', 311, 400, 'images/media/2020/04/medium1588088365DF1kN28403.jpg', NULL, NULL),
(499, 223, 'LARGE', 700, 900, 'images/media/2020/04/large1588088365DF1kN28403.jpg', NULL, '2020-04-28 03:39:25'),
(500, 224, 'ACTUAL', 700, 900, 'images/media/2020/04/OPO0928503.png', NULL, NULL),
(501, 224, 'THUMBNAIL', 117, 150, 'images/media/2020/04/thumbnail1588088366OPO0928503.png', NULL, NULL),
(502, 224, 'MEDIUM', 311, 400, 'images/media/2020/04/medium1588088366OPO0928503.png', NULL, NULL),
(503, 224, 'LARGE', 700, 900, 'images/media/2020/04/large1588088366OPO0928503.png', NULL, '2020-04-28 03:39:26'),
(504, 225, 'ACTUAL', 700, 900, 'images/media/2020/04/4lNmF28603.png', NULL, NULL),
(505, 225, 'THUMBNAIL', 117, 150, 'images/media/2020/04/thumbnail15880883664lNmF28603.png', NULL, NULL),
(506, 225, 'MEDIUM', 311, 400, 'images/media/2020/04/medium15880883664lNmF28603.png', NULL, NULL),
(507, 225, 'LARGE', 700, 900, 'images/media/2020/04/large15880883664lNmF28603.png', NULL, '2020-04-28 03:39:26'),
(508, 226, 'ACTUAL', 700, 900, 'images/media/2020/04/IRJ6k28303.jpg', NULL, NULL),
(509, 227, 'ACTUAL', 700, 900, 'images/media/2020/04/SdYT528603.jpg', NULL, NULL),
(510, 226, 'THUMBNAIL', 117, 150, 'images/media/2020/04/thumbnail1588088370IRJ6k28303.jpg', NULL, NULL),
(511, 227, 'THUMBNAIL', 117, 150, 'images/media/2020/04/thumbnail1588088370SdYT528603.jpg', NULL, NULL),
(512, 227, 'MEDIUM', 311, 400, 'images/media/2020/04/medium1588088370SdYT528603.jpg', NULL, NULL),
(513, 226, 'MEDIUM', 311, 400, 'images/media/2020/04/medium1588088370IRJ6k28303.jpg', NULL, NULL),
(514, 227, 'LARGE', 700, 900, 'images/media/2020/04/large1588088370SdYT528603.jpg', NULL, '2020-04-28 03:39:30'),
(515, 226, 'LARGE', 700, 900, 'images/media/2020/04/large1588088370IRJ6k28303.jpg', NULL, '2020-04-28 03:39:30'),
(516, 228, 'ACTUAL', 700, 900, 'images/media/2020/04/L5nF128903.png', NULL, NULL),
(517, 228, 'THUMBNAIL', 117, 150, 'images/media/2020/04/thumbnail1588088371L5nF128903.png', NULL, NULL),
(518, 228, 'MEDIUM', 311, 400, 'images/media/2020/04/medium1588088371L5nF128903.png', NULL, NULL),
(519, 228, 'LARGE', 700, 900, 'images/media/2020/04/large1588088371L5nF128903.png', NULL, '2020-04-28 03:39:31'),
(520, 229, 'ACTUAL', 700, 900, 'images/media/2020/04/aN64028103.jpg', NULL, NULL),
(521, 229, 'THUMBNAIL', 117, 150, 'images/media/2020/04/thumbnail1588088375aN64028103.jpg', NULL, NULL),
(522, 229, 'MEDIUM', 311, 400, 'images/media/2020/04/medium1588088375aN64028103.jpg', NULL, NULL),
(523, 229, 'LARGE', 700, 900, 'images/media/2020/04/large1588088376aN64028103.jpg', NULL, '2020-04-28 03:39:36'),
(524, 230, 'ACTUAL', 700, 900, 'images/media/2020/04/Oy3e128803.png', NULL, NULL),
(525, 230, 'THUMBNAIL', 117, 150, 'images/media/2020/04/thumbnail1588088376Oy3e128803.png', NULL, NULL),
(526, 230, 'MEDIUM', 311, 400, 'images/media/2020/04/medium1588088376Oy3e128803.png', NULL, NULL),
(527, 230, 'LARGE', 700, 900, 'images/media/2020/04/large1588088376Oy3e128803.png', NULL, '2020-04-28 03:39:36'),
(528, 231, 'ACTUAL', 700, 900, 'images/media/2020/04/PFRiP28503.jpg', NULL, NULL),
(529, 231, 'THUMBNAIL', 117, 150, 'images/media/2020/04/thumbnail1588088378PFRiP28503.jpg', NULL, NULL),
(530, 231, 'MEDIUM', 311, 400, 'images/media/2020/04/medium1588088378PFRiP28503.jpg', NULL, NULL),
(531, 231, 'LARGE', 700, 900, 'images/media/2020/04/large1588088378PFRiP28503.jpg', NULL, '2020-04-28 03:39:38'),
(532, 232, 'ACTUAL', 700, 900, 'images/media/2020/04/xuYi328703.jpg', NULL, NULL),
(533, 232, 'THUMBNAIL', 117, 150, 'images/media/2020/04/thumbnail1588088381xuYi328703.jpg', NULL, NULL),
(534, 232, 'MEDIUM', 311, 400, 'images/media/2020/04/medium1588088381xuYi328703.jpg', NULL, NULL),
(535, 232, 'LARGE', 700, 900, 'images/media/2020/04/large1588088381xuYi328703.jpg', NULL, '2020-04-28 03:39:41'),
(536, 233, 'ACTUAL', 700, 900, 'images/media/2020/04/siVQg28703.jpg', NULL, NULL),
(537, 233, 'THUMBNAIL', 117, 150, 'images/media/2020/04/thumbnail1588088382siVQg28703.jpg', NULL, NULL),
(538, 233, 'MEDIUM', 311, 400, 'images/media/2020/04/medium1588088382siVQg28703.jpg', NULL, NULL),
(539, 233, 'LARGE', 700, 900, 'images/media/2020/04/large1588088382siVQg28703.jpg', NULL, '2020-04-28 03:39:42'),
(540, 234, 'ACTUAL', 700, 900, 'images/media/2020/04/FaX7C28403.jpg', NULL, NULL),
(541, 234, 'THUMBNAIL', 117, 150, 'images/media/2020/04/thumbnail1588088382FaX7C28403.jpg', NULL, NULL),
(542, 234, 'MEDIUM', 311, 400, 'images/media/2020/04/medium1588088382FaX7C28403.jpg', NULL, NULL),
(543, 234, 'LARGE', 700, 900, 'images/media/2020/04/large1588088382FaX7C28403.jpg', NULL, '2020-04-28 03:39:42'),
(544, 235, 'ACTUAL', 700, 900, 'images/media/2020/04/WKgh928203.jpg', NULL, NULL),
(545, 236, 'ACTUAL', 700, 900, 'images/media/2020/04/kDmtc28803.jpg', NULL, NULL),
(546, 235, 'THUMBNAIL', 117, 150, 'images/media/2020/04/thumbnail1588088390WKgh928203.jpg', NULL, NULL),
(547, 236, 'THUMBNAIL', 117, 150, 'images/media/2020/04/thumbnail1588088390kDmtc28803.jpg', NULL, NULL),
(548, 235, 'MEDIUM', 311, 400, 'images/media/2020/04/medium1588088391WKgh928203.jpg', NULL, NULL),
(549, 236, 'MEDIUM', 311, 400, 'images/media/2020/04/medium1588088391kDmtc28803.jpg', NULL, NULL),
(550, 235, 'LARGE', 700, 900, 'images/media/2020/04/large1588088391WKgh928203.jpg', NULL, '2020-04-28 03:39:51'),
(551, 236, 'LARGE', 700, 900, 'images/media/2020/04/large1588088391kDmtc28803.jpg', NULL, '2020-04-28 03:39:51'),
(552, 237, 'ACTUAL', 700, 900, 'images/media/2020/04/UUcbX28203.jpg', NULL, NULL),
(553, 237, 'THUMBNAIL', 117, 150, 'images/media/2020/04/thumbnail1588088391UUcbX28203.jpg', NULL, NULL),
(554, 237, 'MEDIUM', 311, 400, 'images/media/2020/04/medium1588088391UUcbX28203.jpg', NULL, NULL),
(555, 237, 'LARGE', 700, 900, 'images/media/2020/04/large1588088391UUcbX28203.jpg', NULL, '2020-04-28 03:39:51'),
(556, 238, 'ACTUAL', 700, 900, 'images/media/2020/04/wem9F28903.jpg', NULL, NULL),
(557, 238, 'THUMBNAIL', 117, 150, 'images/media/2020/04/thumbnail1588089056wem9F28903.jpg', NULL, NULL),
(558, 239, 'ACTUAL', 700, 900, 'images/media/2020/04/b70sr28103.jpg', NULL, NULL),
(559, 238, 'MEDIUM', 311, 400, 'images/media/2020/04/medium1588089057wem9F28903.jpg', NULL, NULL),
(560, 239, 'THUMBNAIL', 117, 150, 'images/media/2020/04/thumbnail1588089057b70sr28103.jpg', NULL, NULL),
(561, 239, 'MEDIUM', 311, 400, 'images/media/2020/04/medium1588089057b70sr28103.jpg', NULL, NULL),
(562, 238, 'LARGE', 700, 900, 'images/media/2020/04/large1588089057wem9F28903.jpg', NULL, '2020-04-28 03:50:57'),
(563, 239, 'LARGE', 700, 900, 'images/media/2020/04/large1588089057b70sr28103.jpg', NULL, '2020-04-28 03:50:57'),
(564, 240, 'ACTUAL', 700, 900, 'images/media/2020/04/OfRqK28603.jpg', NULL, NULL),
(565, 240, 'THUMBNAIL', 117, 150, 'images/media/2020/04/thumbnail1588089057OfRqK28603.jpg', NULL, NULL),
(566, 240, 'MEDIUM', 311, 400, 'images/media/2020/04/medium1588089057OfRqK28603.jpg', NULL, NULL),
(567, 240, 'LARGE', 700, 900, 'images/media/2020/04/large1588089058OfRqK28603.jpg', NULL, '2020-04-28 03:50:58'),
(568, 241, 'ACTUAL', 700, 900, 'images/media/2020/04/0yv7228403.jpg', NULL, NULL),
(569, 241, 'THUMBNAIL', 117, 150, 'images/media/2020/04/thumbnail15880890610yv7228403.jpg', NULL, NULL),
(570, 242, 'ACTUAL', 700, 900, 'images/media/2020/04/wYfXA28903.jpg', NULL, NULL),
(571, 241, 'MEDIUM', 311, 400, 'images/media/2020/04/medium15880890610yv7228403.jpg', NULL, NULL),
(572, 242, 'THUMBNAIL', 117, 150, 'images/media/2020/04/thumbnail1588089061wYfXA28903.jpg', NULL, NULL),
(573, 242, 'MEDIUM', 311, 400, 'images/media/2020/04/medium1588089061wYfXA28903.jpg', NULL, NULL),
(574, 241, 'LARGE', 700, 900, 'images/media/2020/04/large15880890610yv7228403.jpg', NULL, '2020-04-28 03:51:01'),
(575, 242, 'LARGE', 700, 900, 'images/media/2020/04/large1588089061wYfXA28903.jpg', NULL, '2020-04-28 03:51:01'),
(576, 243, 'ACTUAL', 700, 900, 'images/media/2020/04/n8CDg28703.jpg', NULL, NULL),
(577, 243, 'THUMBNAIL', 117, 150, 'images/media/2020/04/thumbnail1588089062n8CDg28703.jpg', NULL, NULL),
(578, 243, 'MEDIUM', 311, 400, 'images/media/2020/04/medium1588089062n8CDg28703.jpg', NULL, NULL),
(579, 243, 'LARGE', 700, 900, 'images/media/2020/04/large1588089062n8CDg28703.jpg', NULL, '2020-04-28 03:51:02'),
(580, 244, 'ACTUAL', 700, 900, 'images/media/2020/04/F2mi628403.jpg', NULL, NULL),
(581, 245, 'ACTUAL', 700, 900, 'images/media/2020/04/7ZTo628103.jpg', NULL, NULL),
(582, 244, 'THUMBNAIL', 117, 150, 'images/media/2020/04/thumbnail1588089066F2mi628403.jpg', NULL, NULL),
(583, 245, 'THUMBNAIL', 117, 150, 'images/media/2020/04/thumbnail15880890667ZTo628103.jpg', NULL, NULL),
(584, 244, 'MEDIUM', 311, 400, 'images/media/2020/04/medium1588089066F2mi628403.jpg', NULL, NULL),
(585, 245, 'MEDIUM', 311, 400, 'images/media/2020/04/medium15880890667ZTo628103.jpg', NULL, NULL),
(586, 244, 'LARGE', 700, 900, 'images/media/2020/04/large1588089066F2mi628403.jpg', NULL, '2020-04-28 03:51:06'),
(587, 245, 'LARGE', 700, 900, 'images/media/2020/04/large15880890667ZTo628103.jpg', NULL, '2020-04-28 03:51:06'),
(588, 246, 'ACTUAL', 700, 900, 'images/media/2020/04/2HodE28903.jpg', NULL, NULL),
(589, 246, 'THUMBNAIL', 117, 150, 'images/media/2020/04/thumbnail15880890672HodE28903.jpg', NULL, NULL),
(590, 246, 'MEDIUM', 311, 400, 'images/media/2020/04/medium15880890672HodE28903.jpg', NULL, NULL),
(591, 246, 'LARGE', 700, 900, 'images/media/2020/04/large15880890672HodE28903.jpg', NULL, '2020-04-28 03:51:07'),
(592, 247, 'ACTUAL', 700, 900, 'images/media/2020/04/EX3gr28703.jpg', NULL, NULL),
(593, 248, 'ACTUAL', 700, 900, 'images/media/2020/04/4TvfR28803.jpg', NULL, NULL),
(594, 248, 'THUMBNAIL', 117, 150, 'images/media/2020/04/thumbnail15880890724TvfR28803.jpg', NULL, NULL),
(595, 247, 'THUMBNAIL', 117, 150, 'images/media/2020/04/thumbnail1588089072EX3gr28703.jpg', NULL, NULL),
(596, 248, 'MEDIUM', 311, 400, 'images/media/2020/04/medium15880890724TvfR28803.jpg', NULL, NULL),
(597, 247, 'MEDIUM', 311, 400, 'images/media/2020/04/medium1588089072EX3gr28703.jpg', NULL, NULL),
(598, 248, 'LARGE', 700, 900, 'images/media/2020/04/large15880890724TvfR28803.jpg', NULL, '2020-04-28 03:51:12'),
(599, 247, 'LARGE', 700, 900, 'images/media/2020/04/large1588089072EX3gr28703.jpg', NULL, '2020-04-28 03:51:12'),
(600, 249, 'ACTUAL', 700, 900, 'images/media/2020/04/fFrf328403.jpg', NULL, NULL),
(601, 249, 'THUMBNAIL', 117, 150, 'images/media/2020/04/thumbnail1588089072fFrf328403.jpg', NULL, NULL),
(602, 249, 'MEDIUM', 311, 400, 'images/media/2020/04/medium1588089072fFrf328403.jpg', NULL, NULL),
(603, 249, 'LARGE', 700, 900, 'images/media/2020/04/large1588089072fFrf328403.jpg', NULL, '2020-04-28 03:51:12'),
(604, 250, 'ACTUAL', 43, 172, 'images/media/2020/04/SnFnt28605.png', NULL, NULL),
(605, 250, 'THUMBNAIL', 38, 150, 'images/media/2020/04/thumbnail1588094784SnFnt28605.png', NULL, NULL),
(606, 251, 'ACTUAL', 16, 16, 'images/media/2020/04/qCnV228805.png', NULL, NULL),
(607, 252, 'ACTUAL', 885, 1673, 'images/media/2020/04/2KQkF28705.jpg', NULL, NULL),
(608, 252, 'THUMBNAIL', 79, 150, 'images/media/2020/04/thumbnail15880963762KQkF28705.jpg', NULL, NULL),
(609, 252, 'MEDIUM', 212, 400, 'images/media/2020/04/medium15880963762KQkF28705.jpg', NULL, NULL),
(610, 252, 'LARGE', 476, 900, 'images/media/2020/04/large15880963762KQkF28705.jpg', NULL, '2020-04-28 05:52:56'),
(611, 253, 'ACTUAL', 1133, 1700, 'images/media/2020/04/OX8Tg28306.jpg', NULL, NULL),
(612, 253, 'THUMBNAIL', 100, 150, 'images/media/2020/04/thumbnail1588098537OX8Tg28306.jpg', NULL, NULL),
(613, 253, 'MEDIUM', 267, 400, 'images/media/2020/04/medium1588098537OX8Tg28306.jpg', NULL, NULL),
(614, 253, 'LARGE', 600, 900, 'images/media/2020/04/large1588098538OX8Tg28306.jpg', NULL, '2020-04-28 06:28:58'),
(615, 254, 'ACTUAL', 1133, 1700, 'images/media/2020/04/VY0Sn28106.jpg', NULL, NULL),
(616, 254, 'THUMBNAIL', 100, 150, 'images/media/2020/04/thumbnail1588099412VY0Sn28106.jpg', NULL, NULL),
(617, 254, 'MEDIUM', 267, 400, 'images/media/2020/04/medium1588099413VY0Sn28106.jpg', NULL, NULL),
(618, 254, 'LARGE', 600, 900, 'images/media/2020/04/large1588099413VY0Sn28106.jpg', NULL, '2020-04-28 06:43:33');
INSERT INTO `image_categories` (`id`, `image_id`, `image_type`, `height`, `width`, `path`, `created_at`, `updated_at`) VALUES
(619, 255, 'ACTUAL', 1135, 1700, 'images/media/2020/04/WynNy28706.jpg', NULL, NULL),
(620, 255, 'THUMBNAIL', 100, 150, 'images/media/2020/04/thumbnail1588099726WynNy28706.jpg', NULL, NULL),
(621, 255, 'MEDIUM', 267, 400, 'images/media/2020/04/medium1588099726WynNy28706.jpg', NULL, NULL),
(622, 255, 'LARGE', 601, 900, 'images/media/2020/04/large1588099726WynNy28706.jpg', NULL, '2020-04-28 06:48:46'),
(623, 256, 'ACTUAL', 500, 500, 'images/media/2020/04/7jVir28207.jpg', NULL, NULL),
(624, 257, 'ACTUAL', 500, 500, 'images/media/2020/04/SnDZ428207.jpg', NULL, NULL),
(625, 257, 'THUMBNAIL', 150, 150, 'images/media/2020/04/thumbnail1588101307SnDZ428207.jpg', NULL, NULL),
(626, 256, 'THUMBNAIL', 150, 150, 'images/media/2020/04/thumbnail15881013077jVir28207.jpg', NULL, NULL),
(627, 257, 'MEDIUM', 400, 400, 'images/media/2020/04/medium1588101307SnDZ428207.jpg', NULL, NULL),
(628, 256, 'MEDIUM', 400, 400, 'images/media/2020/04/medium15881013077jVir28207.jpg', NULL, NULL),
(629, 258, 'ACTUAL', 500, 500, 'images/media/2020/04/ht6BX28807.jpg', NULL, NULL),
(630, 258, 'THUMBNAIL', 150, 150, 'images/media/2020/04/thumbnail1588101307ht6BX28807.jpg', NULL, NULL),
(631, 258, 'MEDIUM', 400, 400, 'images/media/2020/04/medium1588101307ht6BX28807.jpg', NULL, NULL),
(632, 259, 'ACTUAL', 500, 500, 'images/media/2020/04/kKKog28707.jpg', NULL, NULL),
(633, 259, 'THUMBNAIL', 150, 150, 'images/media/2020/04/thumbnail1588101308kKKog28707.jpg', NULL, NULL),
(634, 259, 'MEDIUM', 400, 400, 'images/media/2020/04/medium1588101308kKKog28707.jpg', NULL, NULL),
(635, 260, 'ACTUAL', 500, 500, 'images/media/2020/04/nYQ9j28107.jpg', NULL, NULL),
(636, 260, 'THUMBNAIL', 150, 150, 'images/media/2020/04/thumbnail1588101308nYQ9j28107.jpg', NULL, NULL),
(637, 260, 'MEDIUM', 400, 400, 'images/media/2020/04/medium1588101308nYQ9j28107.jpg', NULL, NULL),
(638, 261, 'ACTUAL', 420, 1170, 'images/media/2020/05/g3id106304.jpg', NULL, NULL),
(639, 261, 'THUMBNAIL', 54, 150, 'images/media/2020/05/thumbnail1588784275g3id106304.jpg', NULL, NULL),
(640, 261, 'MEDIUM', 144, 400, 'images/media/2020/05/medium1588784275g3id106304.jpg', NULL, NULL),
(641, 261, 'LARGE', 323, 900, 'images/media/2020/05/large1588784275g3id106304.jpg', NULL, '2020-05-06 04:57:55'),
(642, 262, 'ACTUAL', 420, 1170, 'images/media/2020/05/Lu47506804.jpg', NULL, NULL),
(643, 262, 'THUMBNAIL', 54, 150, 'images/media/2020/05/thumbnail1588784275Lu47506804.jpg', NULL, NULL),
(644, 262, 'MEDIUM', 144, 400, 'images/media/2020/05/medium1588784275Lu47506804.jpg', NULL, NULL),
(645, 262, 'LARGE', 323, 900, 'images/media/2020/05/large1588784276Lu47506804.jpg', NULL, '2020-05-06 04:57:56'),
(646, 263, 'ACTUAL', 420, 1170, 'images/media/2020/05/7P9mT06804.jpg', NULL, NULL),
(647, 263, 'THUMBNAIL', 54, 150, 'images/media/2020/05/thumbnail15887842767P9mT06804.jpg', NULL, NULL),
(648, 263, 'MEDIUM', 144, 400, 'images/media/2020/05/medium15887842767P9mT06804.jpg', NULL, NULL),
(649, 263, 'LARGE', 323, 900, 'images/media/2020/05/large15887842767P9mT06804.jpg', NULL, '2020-05-06 04:57:56'),
(650, 264, 'ACTUAL', 400, 770, 'images/media/2020/05/zAbaX06105.jpg', NULL, NULL),
(651, 265, 'ACTUAL', 400, 770, 'images/media/2020/05/SKHCw06305.jpg', NULL, NULL),
(652, 265, 'THUMBNAIL', 78, 150, 'images/media/2020/05/thumbnail1588784642SKHCw06305.jpg', NULL, NULL),
(653, 264, 'THUMBNAIL', 78, 150, 'images/media/2020/05/thumbnail1588784642zAbaX06105.jpg', NULL, NULL),
(654, 265, 'MEDIUM', 208, 400, 'images/media/2020/05/medium1588784642SKHCw06305.jpg', NULL, NULL),
(655, 264, 'MEDIUM', 208, 400, 'images/media/2020/05/medium1588784642zAbaX06105.jpg', NULL, NULL),
(656, 266, 'ACTUAL', 400, 770, 'images/media/2020/05/grGTB06505.jpg', NULL, NULL),
(657, 266, 'THUMBNAIL', 78, 150, 'images/media/2020/05/thumbnail1588784643grGTB06505.jpg', NULL, NULL),
(658, 266, 'MEDIUM', 208, 400, 'images/media/2020/05/medium1588784643grGTB06505.jpg', NULL, NULL),
(659, 267, 'ACTUAL', 400, 770, 'images/media/2020/05/YsHhX06105.jpg', NULL, NULL),
(660, 268, 'ACTUAL', 420, 1170, 'images/media/2020/05/L2nsY06805.jpg', NULL, NULL),
(661, 267, 'THUMBNAIL', 78, 150, 'images/media/2020/05/thumbnail1588787234YsHhX06105.jpg', NULL, NULL),
(662, 267, 'MEDIUM', 208, 400, 'images/media/2020/05/medium1588787234YsHhX06105.jpg', NULL, NULL),
(663, 268, 'THUMBNAIL', 54, 150, 'images/media/2020/05/thumbnail1588787234L2nsY06805.jpg', NULL, NULL),
(664, 268, 'MEDIUM', 144, 400, 'images/media/2020/05/medium1588787234L2nsY06805.jpg', NULL, NULL),
(665, 268, 'LARGE', 323, 900, 'images/media/2020/05/large1588787234L2nsY06805.jpg', NULL, '2020-05-06 05:47:14'),
(666, 269, 'ACTUAL', 421, 1600, 'images/media/2020/05/AwVrx06505.jpg', NULL, NULL),
(667, 269, 'THUMBNAIL', 39, 150, 'images/media/2020/05/thumbnail1588787235AwVrx06505.jpg', NULL, NULL),
(668, 269, 'MEDIUM', 105, 400, 'images/media/2020/05/medium1588787235AwVrx06505.jpg', NULL, NULL),
(669, 269, 'LARGE', 237, 900, 'images/media/2020/05/large1588787235AwVrx06505.jpg', NULL, '2020-05-06 05:47:15'),
(670, 270, 'ACTUAL', 421, 1600, 'images/media/2020/05/1a8WE07212.jpg', NULL, NULL),
(671, 271, 'ACTUAL', 421, 1600, 'images/media/2020/05/uKdS007412.jpg', NULL, NULL),
(672, 270, 'THUMBNAIL', 39, 150, 'images/media/2020/05/thumbnail15888117591a8WE07212.jpg', NULL, NULL),
(673, 271, 'THUMBNAIL', 39, 150, 'images/media/2020/05/thumbnail1588811759uKdS007412.jpg', NULL, NULL),
(674, 270, 'MEDIUM', 105, 400, 'images/media/2020/05/medium15888117591a8WE07212.jpg', NULL, NULL),
(675, 271, 'MEDIUM', 105, 400, 'images/media/2020/05/medium1588811759uKdS007412.jpg', NULL, NULL),
(676, 270, 'LARGE', 237, 900, 'images/media/2020/05/large15888117591a8WE07212.jpg', NULL, '2020-05-07 12:35:59'),
(677, 271, 'LARGE', 237, 900, 'images/media/2020/05/large1588811760uKdS007412.jpg', NULL, '2020-05-07 12:36:00'),
(678, 272, 'ACTUAL', 421, 1600, 'images/media/2020/05/lzTes07612.jpg', NULL, NULL),
(679, 272, 'THUMBNAIL', 39, 150, 'images/media/2020/05/thumbnail1588811760lzTes07612.jpg', NULL, NULL),
(680, 272, 'MEDIUM', 105, 400, 'images/media/2020/05/medium1588811760lzTes07612.jpg', NULL, NULL),
(681, 272, 'LARGE', 237, 900, 'images/media/2020/05/large1588811760lzTes07612.jpg', NULL, '2020-05-07 12:36:00'),
(682, 273, 'ACTUAL', 420, 1170, 'images/media/2020/05/w3t5107412.jpg', NULL, NULL),
(683, 274, 'ACTUAL', 420, 1170, 'images/media/2020/05/pkj4707312.jpg', NULL, NULL),
(684, 273, 'THUMBNAIL', 54, 150, 'images/media/2020/05/thumbnail1588811776w3t5107412.jpg', NULL, NULL),
(685, 274, 'THUMBNAIL', 54, 150, 'images/media/2020/05/thumbnail1588811776pkj4707312.jpg', NULL, NULL),
(686, 273, 'MEDIUM', 144, 400, 'images/media/2020/05/medium1588811776w3t5107412.jpg', NULL, NULL),
(687, 274, 'MEDIUM', 144, 400, 'images/media/2020/05/medium1588811776pkj4707312.jpg', NULL, NULL),
(688, 273, 'LARGE', 323, 900, 'images/media/2020/05/large1588811776w3t5107412.jpg', NULL, '2020-05-07 12:36:16'),
(689, 274, 'LARGE', 323, 900, 'images/media/2020/05/large1588811776pkj4707312.jpg', NULL, '2020-05-07 12:36:16'),
(690, 275, 'ACTUAL', 420, 1170, 'images/media/2020/05/PbN9U07712.jpg', NULL, NULL),
(691, 275, 'THUMBNAIL', 54, 150, 'images/media/2020/05/thumbnail1588811777PbN9U07712.jpg', NULL, NULL),
(692, 275, 'MEDIUM', 144, 400, 'images/media/2020/05/medium1588811777PbN9U07712.jpg', NULL, NULL),
(693, 275, 'LARGE', 323, 900, 'images/media/2020/05/large1588811777PbN9U07712.jpg', NULL, '2020-05-07 12:36:17'),
(694, 276, 'ACTUAL', 400, 770, 'images/media/2020/05/0vOd307412.jpg', NULL, NULL),
(695, 277, 'ACTUAL', 400, 770, 'images/media/2020/05/GfS7B07312.jpg', NULL, NULL),
(696, 276, 'THUMBNAIL', 78, 150, 'images/media/2020/05/thumbnail15888117900vOd307412.jpg', NULL, NULL),
(697, 277, 'THUMBNAIL', 78, 150, 'images/media/2020/05/thumbnail1588811790GfS7B07312.jpg', NULL, NULL),
(698, 276, 'MEDIUM', 208, 400, 'images/media/2020/05/medium15888117900vOd307412.jpg', NULL, NULL),
(699, 277, 'MEDIUM', 208, 400, 'images/media/2020/05/medium1588811791GfS7B07312.jpg', NULL, NULL),
(700, 278, 'ACTUAL', 400, 770, 'images/media/2020/05/4Cpiv07912.jpg', NULL, NULL),
(701, 278, 'THUMBNAIL', 78, 150, 'images/media/2020/05/thumbnail15888117914Cpiv07912.jpg', NULL, NULL),
(702, 278, 'MEDIUM', 208, 400, 'images/media/2020/05/medium15888117914Cpiv07912.jpg', NULL, NULL),
(703, 279, 'ACTUAL', 179, 370, 'images/media/2020/05/2qHmA07609.jpg', NULL, NULL),
(704, 280, 'ACTUAL', 179, 370, 'images/media/2020/05/PutZo07409.jpg', NULL, NULL),
(705, 279, 'THUMBNAIL', 73, 150, 'images/media/2020/05/thumbnail15888876902qHmA07609.jpg', NULL, NULL),
(706, 280, 'THUMBNAIL', 73, 150, 'images/media/2020/05/thumbnail1588887690PutZo07409.jpg', NULL, NULL),
(707, 281, 'ACTUAL', 259, 770, 'images/media/2020/07/CRnJ307612.jpg', NULL, NULL),
(708, 281, 'THUMBNAIL', 50, 150, 'images/media/2020/07/thumbnail1594124853CRnJ307612.jpg', NULL, NULL),
(709, 281, 'MEDIUM', 135, 400, 'images/media/2020/07/medium1594124853CRnJ307612.jpg', NULL, NULL),
(710, 282, 'ACTUAL', 259, 770, 'images/media/2020/07/gglbs07912.jpg', NULL, NULL),
(711, 282, 'THUMBNAIL', 50, 150, 'images/media/2020/07/thumbnail1594124853gglbs07912.jpg', NULL, NULL),
(712, 282, 'MEDIUM', 135, 400, 'images/media/2020/07/medium1594124853gglbs07912.jpg', NULL, NULL),
(713, 283, 'ACTUAL', 452, 569, 'images/media/2020/07/DoJMv07912.jpg', NULL, NULL),
(714, 283, 'THUMBNAIL', 119, 150, 'images/media/2020/07/thumbnail1594124858DoJMv07912.jpg', NULL, NULL),
(715, 283, 'MEDIUM', 318, 400, 'images/media/2020/07/medium1594124859DoJMv07912.jpg', NULL, NULL),
(716, 284, 'ACTUAL', 301, 770, 'images/media/2020/07/kr9Tr07412.jpg', NULL, NULL),
(717, 284, 'THUMBNAIL', 59, 150, 'images/media/2020/07/thumbnail1594124881kr9Tr07412.jpg', NULL, NULL),
(718, 284, 'MEDIUM', 156, 400, 'images/media/2020/07/medium1594124881kr9Tr07412.jpg', NULL, NULL),
(719, 285, 'ACTUAL', 277, 370, 'images/media/2020/07/sWHyU07212.jpg', NULL, NULL),
(720, 285, 'THUMBNAIL', 112, 150, 'images/media/2020/07/thumbnail1594124994sWHyU07212.jpg', NULL, NULL),
(721, 286, 'ACTUAL', 277, 370, 'images/media/2020/07/3QnFU07512.jpg', NULL, NULL),
(722, 286, 'THUMBNAIL', 112, 150, 'images/media/2020/07/thumbnail15941258923QnFU07512.jpg', NULL, NULL),
(723, 287, 'ACTUAL', 277, 370, 'images/media/2020/07/IJaMH07612.jpg', NULL, NULL),
(724, 287, 'THUMBNAIL', 112, 150, 'images/media/2020/07/thumbnail1594125980IJaMH07612.jpg', NULL, NULL),
(725, 288, 'ACTUAL', 493, 370, 'images/media/2020/07/eHLr807812.jpg', NULL, NULL),
(726, 288, 'THUMBNAIL', 150, 113, 'images/media/2020/07/thumbnail1594126700eHLr807812.jpg', NULL, NULL),
(727, 288, 'MEDIUM', 400, 300, 'images/media/2020/07/medium1594126700eHLr807812.jpg', NULL, NULL),
(728, 289, 'ACTUAL', 229, 270, 'images/media/2020/07/E4wSw07201.jpg', NULL, NULL),
(729, 289, 'THUMBNAIL', 127, 150, 'images/media/2020/07/thumbnail1594127315E4wSw07201.jpg', NULL, NULL),
(730, 290, 'ACTUAL', 490, 570, 'images/media/2020/07/HxIeG07501.jpg', NULL, NULL),
(731, 290, 'THUMBNAIL', 129, 150, 'images/media/2020/07/thumbnail1594127458HxIeG07501.jpg', NULL, NULL),
(732, 290, 'MEDIUM', 344, 400, 'images/media/2020/07/medium1594127458HxIeG07501.jpg', NULL, NULL),
(733, 291, 'ACTUAL', 211, 570, 'images/media/2020/07/hvRxD07301.jpg', NULL, NULL),
(734, 291, 'THUMBNAIL', 56, 150, 'images/media/2020/07/thumbnail1594128622hvRxD07301.jpg', NULL, NULL),
(735, 291, 'MEDIUM', 148, 400, 'images/media/2020/07/medium1594128622hvRxD07301.jpg', NULL, NULL),
(736, 292, 'ACTUAL', 298, 569, 'images/media/2020/07/23fbn07301.jpg', NULL, NULL),
(737, 292, 'THUMBNAIL', 79, 150, 'images/media/2020/07/thumbnail159412876823fbn07301.jpg', NULL, NULL),
(738, 292, 'MEDIUM', 209, 400, 'images/media/2020/07/medium159412876823fbn07301.jpg', NULL, NULL),
(739, 293, 'ACTUAL', 298, 568, 'images/media/2020/07/u93Kq07201.jpg', NULL, NULL),
(740, 293, 'THUMBNAIL', 79, 150, 'images/media/2020/07/thumbnail1594129116u93Kq07201.jpg', NULL, NULL),
(741, 293, 'MEDIUM', 210, 400, 'images/media/2020/07/medium1594129116u93Kq07201.jpg', NULL, NULL);

--
-- Truncate table before insert `inventory`
--


--
-- Truncate table before insert `labels`
--

TRUNCATE TABLE `labels`;
--
-- Dumping data for table `labels`
--

INSERT INTO `labels` (`label_id`, `label_name`) VALUES
(1, 'I\'ve forgotten my password?'),
(2, 'Creating an account means you’re okay with shopify\'s Terms of Service, Privacy Policy'),
(872, 'Login with'),
(873, 'or'),
(874, 'Email'),
(875, 'Password'),
(876, 'Register'),
(877, 'Forgot Password'),
(878, 'Send'),
(879, 'About Us'),
(880, 'Categories'),
(881, 'Contact Us'),
(882, 'Name'),
(883, 'Your Messsage'),
(884, 'Please connect to the internet'),
(885, 'Recently Viewed'),
(886, 'Products are available.'),
(887, 'Top Seller'),
(888, 'Special Deals'),
(889, 'Most Liked'),
(890, 'All Categories'),
(891, 'Deals'),
(892, 'REMOVE'),
(893, 'Intro'),
(894, 'Skip Intro'),
(895, 'Got It!'),
(896, 'Order Detail'),
(897, 'Price Detail'),
(898, 'Total'),
(899, 'Sub Total'),
(900, 'Shipping'),
(901, 'Product Details'),
(902, 'New'),
(903, 'Out of Stock'),
(904, 'In Stock'),
(905, 'Add to Cart'),
(906, 'ADD TO CART'),
(907, 'Product Description'),
(908, 'Techincal details'),
(909, 'OFF'),
(910, 'No Products Found'),
(911, 'Reset Filters'),
(912, 'Search'),
(913, 'Main Categories'),
(914, 'Sub Categories'),
(915, 'Shipping method'),
(916, 'Thank You'),
(917, 'Thank you for shopping with us.'),
(918, 'My Orders'),
(919, 'Continue Shopping'),
(920, 'Favourite'),
(921, 'Your wish List is empty'),
(922, 'Continue Adding'),
(923, 'Explore'),
(924, 'Word Press Post Detail'),
(925, 'Go Back'),
(926, 'Top Sellers'),
(927, 'News'),
(928, 'Enter keyword'),
(929, 'Settings'),
(930, 'Shop'),
(931, 'Reset'),
(932, 'Select Language'),
(933, 'OUT OF STOCK'),
(934, 'Newest'),
(935, 'Refund Policy'),
(936, 'Privacy Policy'),
(937, 'Term and Services'),
(938, 'Skip'),
(939, 'Top Dishes'),
(940, 'Recipe of Day'),
(941, 'Food Categories'),
(942, 'Coupon Code'),
(943, 'Coupon Amount'),
(944, 'coupon code'),
(945, 'Coupon'),
(946, 'Note to the buyer'),
(947, 'Explore More'),
(948, 'All'),
(949, 'A - Z'),
(950, 'Z - A'),
(951, 'Price : high - low'),
(952, 'Price : low - high'),
(953, 'Special Products'),
(954, 'Sort Products'),
(955, 'Cancel'),
(956, 'most liked'),
(957, 'special'),
(958, 'top seller'),
(959, 'newest'),
(960, 'Likes'),
(961, 'My Account'),
(962, 'Mobile'),
(963, 'Date of Birth'),
(964, 'Update'),
(965, 'Current Password'),
(966, 'New Password'),
(967, 'Change Password'),
(968, 'Customer Orders'),
(969, 'Order Status'),
(970, 'Orders ID'),
(971, 'Product Price'),
(972, 'No. of Products'),
(973, 'Date'),
(974, 'Customer Address'),
(975, 'Please add your new shipping address for the futher processing of the your order'),
(976, 'Add new Address'),
(977, 'Create an Account'),
(978, 'First Name'),
(979, 'Last Name'),
(980, 'Already Memeber?'),
(981, 'Billing Info'),
(982, 'Address'),
(983, 'Phone'),
(984, 'Same as Shipping Address'),
(985, 'Next'),
(986, 'Order'),
(987, 'Billing Address'),
(988, 'Shipping Method'),
(989, 'Products'),
(990, 'SubTotal'),
(991, 'Products Price'),
(992, 'Tax'),
(993, 'Shipping Cost'),
(994, 'Order Notes'),
(995, 'Payment'),
(996, 'Card Number'),
(997, 'Expiration Date'),
(998, 'Expiration'),
(999, 'Error: invalid card number!'),
(1000, 'Error: invalid expiry date!'),
(1001, 'Error: invalid cvc number!'),
(1002, 'Continue'),
(1003, 'My Cart'),
(1004, 'Your cart is empty'),
(1005, 'continue shopping'),
(1006, 'Price'),
(1007, 'Quantity'),
(1008, 'by'),
(1009, 'View'),
(1010, 'Remove'),
(1011, 'Proceed'),
(1012, 'Shipping Address'),
(1013, 'Country'),
(1014, 'other'),
(1015, 'Zone'),
(1016, 'City'),
(1017, 'Post code'),
(1018, 'State'),
(1019, 'Update Address'),
(1020, 'Save Address'),
(1021, 'Login & Register'),
(1022, 'Please login or create an account for free'),
(1023, 'Log Out'),
(1024, 'My Wish List'),
(1025, 'Filters'),
(1026, 'Price Range'),
(1027, 'Close'),
(1028, 'Apply'),
(1029, 'Clear'),
(1030, 'Menu'),
(1031, 'Home'),
(1033, 'Creating an account means you’re okay with our'),
(1034, 'Login'),
(1035, 'Turn on/off Local Notifications'),
(1036, 'Turn on/off Notifications'),
(1037, 'Change Language'),
(1038, 'Official Website'),
(1039, 'Rate Us'),
(1040, 'Share'),
(1041, 'Edit Profile'),
(1042, 'A percentage discount for the entire cart'),
(1043, 'A fixed total discount for the entire cart'),
(1044, 'A fixed total discount for selected products only'),
(1045, 'A percentage discount for selected products only'),
(1047, 'Network Connected Reloading Data'),
(1048, 'Sort by'),
(1049, 'Flash Sale'),
(1050, 'ok'),
(1051, 'Number'),
(1052, 'Expire Month'),
(1053, 'Expire Year'),
(1054, 'Payment Method'),
(1055, 'Status'),
(1056, 'And'),
(1057, 'cccc'),
(1058, 'Shop More'),
(1059, 'Me'),
(1060, 'View All'),
(1061, 'Featured'),
(1062, 'Shop Now'),
(1063, 'New Arrivals'),
(1064, 'Sort'),
(1065, 'Help & Support'),
(1066, 'Select Currency'),
(1067, 'Your Price'),
(1068, 'Billing'),
(1069, 'Ship to a different address?'),
(1070, 'Method'),
(1071, 'Summary'),
(1072, 'Discount'),
(1073, 'Error in initialization, maybe PayPal isnt supported or something else'),
(1074, 'Alert'),
(1075, 'Your Wishlist is Empty'),
(1076, 'Press heart icon on products to add them in wishlist'),
(1077, 'Wishlist'),
(1078, 'All Items'),
(1079, 'Account Info'),
(1080, 'You Must Be Logged in to use this Feature!'),
(1081, 'Remove from Wishlist'),
(1082, 'Sign Up'),
(1083, 'Reset Password'),
(1084, 'Invalid email or password'),
(1085, 'Recent Searches'),
(1086, 'Add to Wishlist'),
(1087, 'Discover Latest Trends'),
(1088, 'Add To My Wishlist'),
(1089, 'Start Shoping'),
(1090, 'A Smart Shopping Experience'),
(1091, 'Addresses'),
(1092, 'Account'),
(1093, 'DETAILS'),
(1094, 'Dark Mode'),
(1095, 'Enter a description'),
(1096, 'Grocery Store'),
(1097, 'Post Comment'),
(1098, 'Rate and write a review'),
(1099, 'Ratings & Reviews'),
(1100, 'Write a review'),
(1101, 'Your Rating'),
(1102, 'rating'),
(1103, 'rating and review'),
(1104, 'Coupon Codes List'),
(1105, 'Custom Orders'),
(1106, 'Ecommerce'),
(1107, 'Featured Products'),
(1108, 'House Hold 1'),
(1109, 'Newest Products'),
(1110, 'On Sale Products'),
(1111, 'Braintree'),
(1112, 'Hyperpay'),
(1113, 'Instamojo'),
(1114, 'PayTm'),
(1115, 'Paypal'),
(1116, 'Razor Pay'),
(1117, 'Stripe');

--
-- Truncate table before insert `label_value`
--

TRUNCATE TABLE `label_value`;
--
-- Dumping data for table `label_value`
--

INSERT INTO `label_value` (`label_value_id`, `label_value`, `language_id`, `label_id`) VALUES
(1297, 'Home', 1, 1031),
(1298, 'Menu', 1, 1030),
(1299, 'Clear', 1, 1029),
(1300, 'Apply', 1, 1028),
(1301, 'Close', 1, 1027),
(1302, 'Price Range', 1, 1026),
(1303, 'Filters', 1, 1025),
(1304, 'My Wish List', 1, 1024),
(1305, 'Log Out', 1, 1023),
(1306, 'Please login or create an account for free', 1, 1022),
(1307, 'login & Register', 1, 1021),
(1308, 'Save Address', 1, 1020),
(1309, 'State', 1, 1018),
(1310, 'Update Address', 1, 1019),
(1311, 'Post code', 1, 1017),
(1312, 'City', 1, 1016),
(1313, 'Zone', 1, 1015),
(1314, 'other', 1, 1014),
(1315, 'Country', 1, 1013),
(1316, 'Shipping Address', 1, 1012),
(1317, 'Proceed', 1, 1011),
(1318, 'Remove', 1, 1010),
(1319, 'by', 1, 1008),
(1320, 'View', 1, 1009),
(1321, 'Quantity', 1, 1007),
(1322, 'Price', 1, 1006),
(1323, 'continue shopping', 1, 1005),
(1324, 'Your cart is empty', 1, 1004),
(1325, 'My Cart', 1, 1003),
(1326, 'Continue', 1, 1002),
(1327, 'Error: invalid cvc number!', 1, 1001),
(1328, 'Error: invalid expiry date!', 1, 1000),
(1329, 'Error: invalid card number!', 1, 999),
(1330, 'Expiration', 1, 998),
(1331, 'Expiration Date', 1, 997),
(1332, 'Card Number', 1, 996),
(1333, 'Payment', 1, 995),
(1334, 'Order Notes', 1, 994),
(1335, 'Shipping Cost', 1, 993),
(1336, 'Tax', 1, 992),
(1337, 'Products Price', 1, 991),
(1338, 'SubTotal', 1, 990),
(1339, 'Products', 1, 989),
(1340, 'Shipping Method', 1, 988),
(1341, 'Billing Address', 1, 987),
(1342, 'Order', 1, 986),
(1343, 'Next', 1, 985),
(1344, 'Same as Shipping Address', 1, 984),
(1345, 'Billing Info', 1, 981),
(1346, 'Address', 1, 982),
(1347, 'Phone', 1, 983),
(1348, 'Already Memeber?', 1, 980),
(1349, 'Last Name', 1, 979),
(1350, 'First Name', 1, 978),
(1351, 'Create an Account', 1, 977),
(1352, 'Add new Address', 1, 976),
(1353, 'Please add your new shipping address for the futher processing of the your order', 1, 975),
(1354, 'Order Status', 1, 969),
(1355, 'Orders ID', 1, 970),
(1356, 'Product Price', 1, 971),
(1357, 'No. of Products', 1, 972),
(1358, 'Date', 1, 973),
(1359, 'Customer Address', 1, 974),
(1360, 'Customer Orders', 1, 968),
(1361, 'Change Password', 1, 967),
(1362, 'New Password', 1, 966),
(1363, 'Current Password', 1, 965),
(1364, 'Update', 1, 964),
(1365, 'Date of Birth', 1, 963),
(1366, 'Mobile', 1, 962),
(1367, 'My Account', 1, 961),
(1368, 'Likes', 1, 960),
(1369, 'Newest', 1, 959),
(1370, 'Top Seller', 1, 958),
(1371, 'Special', 1, 957),
(1372, 'Most Liked', 1, 956),
(1373, 'Cancel', 1, 955),
(1374, 'Sort Products', 1, 954),
(1375, 'Special Products', 1, 953),
(1376, 'Price : low - high', 1, 952),
(1377, 'Price : high - low', 1, 951),
(1378, 'Z - A', 1, 950),
(1379, 'A - Z', 1, 949),
(1380, 'All', 1, 948),
(1381, 'Explore More', 1, 947),
(1382, 'Note to the buyer', 1, 946),
(1383, 'Coupon', 1, 945),
(1384, 'coupon code', 1, 944),
(1385, 'Coupon Amount', 1, 943),
(1386, 'Coupon Code', 1, 942),
(1387, 'Food Categories', 1, 941),
(1388, 'Recipe of Day', 1, 940),
(1389, 'Top Dishes', 1, 939),
(1390, 'Skip', 1, 938),
(1391, 'Term and Services', 1, 937),
(1392, 'Privacy Policy', 1, 936),
(1393, 'Refund Policy', 1, 935),
(1394, 'Newest', 1, 934),
(1395, 'OUT OF STOCK', 1, 933),
(1396, 'Select Language', 1, 932),
(1397, 'Reset', 1, 931),
(1398, 'Shop', 1, 930),
(1399, 'Settings', 1, 929),
(1400, 'Enter keyword', 1, 928),
(1401, 'News', 1, 927),
(1402, 'Top Sellers', 1, 926),
(1403, 'Go Back', 1, 925),
(1404, 'Word Press Post Detail', 1, 924),
(1405, 'Explore', 1, 923),
(1406, 'Continue Adding', 1, 922),
(1407, 'Your wish List is empty', 1, 921),
(1408, 'Favourite', 1, 920),
(1409, 'Continue Shopping', 1, 919),
(1410, 'My Orders', 1, 918),
(1411, 'Thank you for shopping with us.', 1, 917),
(1412, 'Thank You', 1, 916),
(1413, 'Shipping method', 1, 915),
(1414, 'Sub Categories', 1, 914),
(1415, 'Main Categories', 1, 913),
(1416, 'Search', 1, 912),
(1417, 'Reset Filters', 1, 911),
(1418, 'No Products Found', 1, 910),
(1419, 'OFF', 1, 909),
(1420, 'Techincal details', 1, 908),
(1421, 'Product Description', 1, 907),
(1422, 'ADD TO CART', 1, 906),
(1423, 'Add to Cart', 1, 905),
(1424, 'In Stock', 1, 904),
(1425, 'Out of Stock', 1, 903),
(1426, 'New', 1, 902),
(1427, 'Product Details', 1, 901),
(1428, 'Shipping', 1, 900),
(1429, 'Sub Total', 1, 899),
(1430, 'Total', 1, 898),
(1431, 'Price Detail', 1, 897),
(1432, 'Order Detail', 1, 896),
(1433, 'Got It!', 1, 895),
(1434, 'Skip Intro', 1, 894),
(1435, 'Intro', 1, 893),
(1436, 'REMOVE', 1, 892),
(1437, 'Deals', 1, 891),
(1438, 'All Categories', 1, 890),
(1439, 'Most Liked', 1, 889),
(1440, 'Special Deals', 1, 888),
(1441, 'Top Seller', 1, 887),
(1442, 'Products are available.', 1, 886),
(1443, 'Recently Viewed', 1, 885),
(1444, 'Please connect to the internet', 1, 884),
(1445, 'Contact Us', 1, 881),
(1446, 'Name', 1, 882),
(1447, 'Your Message', 1, 883),
(1448, 'Categories', 1, 880),
(1449, 'About Us', 1, 879),
(1450, 'Send', 1, 878),
(1451, 'Forgot Password', 1, 877),
(1452, 'Register', 1, 876),
(1453, 'Password', 1, 875),
(1454, 'Email', 1, 874),
(1455, 'or', 1, 873),
(1456, 'Login with', 1, 872),
(1457, 'Creating an account means you\'re okay with shopify\'s Terms of Service, Privacy Policy', 1, 2),
(1458, 'I\'ve forgotten my password?', 1, 1),
(1459, NULL, 1, NULL),
(1462, 'Creating an account means you’re okay with our', 1, 1033),
(1465, 'Login', 1, 1034),
(1468, 'Turn on/off Local Notifications', 1, 1035),
(1471, 'Turn on/off Notifications', 1, 1036),
(1474, 'Change Language', 1, 1037),
(1477, 'Official Website', 1, 1038),
(1480, 'Rate Us', 1, 1039),
(1483, 'Share', 1, 1040),
(1486, 'Edit Profile', 1, 1041),
(1489, 'A percentage discount for the entire cart', 1, 1042),
(1492, 'A fixed total discount for the entire cart', 1, 1043),
(1495, 'A fixed total discount for selected products only', 1, 1044),
(1498, 'A percentage discount for selected products only', 1, 1045),
(1501, 'Network Connected Reloading Data', 1, 1047),
(1503, 'Sort by', 1, 1048),
(1505, 'Flash Sale', 1, 1049),
(1507, 'ok', 1, 1050),
(1509, 'Number', 1, 1051),
(1511, 'Expire Month', 1, 1052),
(1513, 'Expire Year', 1, 1053),
(1515, 'Payment Method', 1, 1054),
(1517, 'Status', 1, 1055),
(1519, 'And', 1, 1056),
(1520, 'نسيت كلمة المرور الخاصة بي؟', 4, 1),
(1521, 'إن إنشاء حساب يعني موافقتك على شروط الخدمة وسياسة الخصوصية', 4, 2),
(1522, 'تسجيل الدخول مع', 4, 872),
(1523, 'أو', 4, 873),
(1524, 'البريد الإلكتروني', 4, 874),
(1525, 'كلمه السر', 4, 875),
(1526, 'تسجيل', 4, 876),
(1527, 'هل نسيت كلمة المرور', 4, 877),
(1528, 'إرسال', 4, 878),
(1529, 'معلومات عنا', 4, 879),
(1530, 'التصنيفات', 4, 880),
(1531, 'اتصل بنا', 4, 881),
(1532, 'اسم', 4, 882),
(1533, 'رسالتك', 4, 883),
(1534, 'يرجى الاتصال بالإنترنت', 4, 884),
(1535, 'شوهدت مؤخرا', 4, 885),
(1536, 'المنتجات المتاحة.', 4, 886),
(1537, 'أعلى بائع', 4, 887),
(1538, 'صفقة خاصة', 4, 888),
(1539, 'الأكثر إعجابا', 4, 889),
(1540, 'جميع الفئات', 4, 890),
(1541, 'صفقات', 4, 891),
(1542, 'إزالة', 4, 892),
(1543, 'مقدمة', 4, 893),
(1544, 'تخطي المقدمة', 4, 894),
(1545, 'فهمتك!', 4, 895),
(1546, 'تفاصيل الطلب', 4, 896),
(1547, 'سعر التفاصيل', 4, 897),
(1548, 'مجموع', 4, 898),
(1549, 'المجموع الفرعي', 4, 899),
(1550, 'الشحن', 4, 900),
(1551, 'تفاصيل المنتج', 4, 901),
(1552, 'جديد', 4, 902),
(1553, 'إنتهى من المخزن', 4, 903),
(1554, 'في المخزن', 4, 904),
(1555, 'أضف إلى السلة', 4, 905),
(1556, 'أضف إلى السلة', 4, 906),
(1557, 'وصف المنتج', 4, 907),
(1558, 'تفاصيل تقنية', 4, 908),
(1559, 'إيقاف', 4, 909),
(1560, 'لا توجد منتجات', 4, 910),
(1561, 'إعادة تعيين المرشحات', 4, 911),
(1562, 'بحث', 4, 912),
(1563, 'الفئات الرئيسية', 4, 913),
(1564, 'الفئات الفرعية', 4, 914),
(1565, 'طريقة الشحن', 4, 915),
(1566, 'شكرا جزيلا', 4, 916),
(1567, 'شكرا للتسوق معنا.', 4, 917),
(1568, 'طلباتي', 4, 918),
(1569, 'مواصلة التسوق', 4, 919),
(1570, NULL, 4, NULL),
(1571, 'مفضل', 4, 920),
(1572, 'قائمة رغباتك فارغة', 4, 921),
(1573, 'متابعة الإضافة', 4, 922),
(1574, 'يكتشف', 4, 923),
(1575, 'وورد بوست التفاصيل', 4, 924),
(1576, 'عد', 4, 925),
(1577, 'أفضل البائعين', 4, 926),
(1578, 'أخبار', 4, 927),
(1579, 'أدخل الكلمة المفتاحية', 4, 928),
(1580, 'الإعدادات', 4, 929),
(1581, 'متجر', 4, 930),
(1582, 'إعادة تعيين', 4, 931),
(1583, 'اختار اللغة', 4, 932),
(1584, 'إنتهى من المخزن', 4, 933),
(1585, 'الأحدث', 4, 934),
(1586, 'سياسة الاسترجاع', 4, 935),
(1587, 'سياسة خاصة', 4, 936),
(1588, 'مصطلح والخدمات', 4, 937),
(1589, 'تخطى', 4, 938),
(1590, 'أطباق الأعلى', 4, 939),
(1591, 'وصفة اليوم', 4, 940),
(1592, 'فئات الغذاء', 4, 941),
(1593, 'رمز الكوبون', 4, 942),
(1594, 'مبلغ القسيمة', 4, 943),
(1595, 'رمز الكوبون', 4, 944),
(1596, 'كوبون', 4, 945),
(1597, 'ملاحظة للمشتري', 4, 946),
(1598, 'استكشاف المزيد', 4, 947),
(1599, 'الكل', 4, 948),
(1600, 'أ - ي', 4, 949),
(1601, 'ي - أ', 4, 950),
(1602, 'السعر مرتفع منخفض', 4, 951),
(1603, 'سعر منخفض مرتفع', 4, 952),
(1604, 'المنتجات الخاصة', 4, 953),
(1605, 'فرز المنتجات', 4, 954),
(1606, 'إلغاء', 4, 955),
(1607, 'الأكثر إعجابا', 4, 956),
(1608, 'خاص', 4, 957),
(1609, 'أعلى بائع', 4, 958),
(1610, 'الأحدث', 4, 959),
(1611, 'الإعجابات', 4, 960),
(1612, 'حسابي', 4, 961),
(1613, 'التليفون المحمول', 4, 962),
(1614, 'تاريخ الولادة', 4, 963),
(1615, 'تحديث', 4, 964),
(1616, 'كلمة المرور الحالية', 4, 965),
(1617, 'كلمة سر جديدة', 4, 966),
(1618, 'تغيير كلمة المرور', 4, 967),
(1619, 'طلبات العملاء', 4, 968),
(1620, 'حالة الطلب', 4, 969),
(1621, 'معرف الطلبات', 4, 970),
(1622, 'سعر المنتج', 4, 971),
(1623, 'عدد المنتجات', 4, 972),
(1624, 'تاريخ', 4, 973),
(1625, 'عنوان العميل', 4, 974),
(1626, 'يرجى إضافة عنوان الشحن الجديد لمزيد من المعالجة لطلبك', 4, 975),
(1627, 'إضافة عنوان جديد', 4, 976),
(1628, 'انشئ حساب', 4, 977),
(1629, 'الاسم الاول', 4, 978),
(1630, 'الكنية', 4, 979),
(1631, 'هل أنت عضو بالفعل؟', 4, 980),
(1632, 'معلومات الفواتير', 4, 981),
(1633, 'عنوان', 4, 982),
(1634, 'هاتف', 4, 983),
(1635, 'نفس عنوان الشحن', 4, 984),
(1636, 'التالى', 4, 985),
(1637, 'طلب', 4, 986),
(1638, 'عنوان وصول الفواتير', 4, 987),
(1639, 'طريقة الشحن', 4, 988),
(1640, 'منتجات', 4, 989),
(1641, 'حاصل الجمع', 4, 990),
(1642, 'سعر المنتجات', 4, 991),
(1643, 'ضريبة', 4, 992),
(1644, 'تكلفة الشحن', 4, 993),
(1645, 'ترتيب ملاحظات', 4, 994),
(1646, 'دفع', 4, 995),
(1647, 'رقم البطاقة', 4, 996),
(1648, 'تاريخ الإنتهاء', 4, 997),
(1649, 'انتهاء الصلاحية', 4, 998),
(1650, 'خطأ: رقم البطاقة غير صالح!', 4, 999),
(1651, 'خطأ: تاريخ انتهاء الصلاحية غير صحيح!', 4, 1000),
(1652, 'خطأ: رقم cvc غير صالح!', 4, 1001),
(1653, 'استمر', 4, 1002),
(1654, 'سلتي', 4, 1003),
(1655, 'عربة التسوق فارغة', 4, 1004),
(1656, 'مواصلة التسوق', 4, 1005),
(1657, 'السعر', 4, 1006),
(1658, 'كمية', 4, 1007),
(1659, 'بواسطة', 4, 1008),
(1660, 'رأي', 4, 1009),
(1661, 'إزالة', 4, 1010),
(1662, 'تقدم', 4, 1011),
(1663, 'عنوان الشحن', 4, 1012),
(1664, 'بلد', 4, 1013),
(1665, 'آخر', 4, 1014),
(1666, 'منطقة', 4, 1015),
(1667, 'مدينة', 4, 1016),
(1668, 'الرمز البريدي', 4, 1017),
(1669, 'حالة', 4, 1018),
(1670, 'تحديث العنوان', 4, 1019),
(1671, 'حفظ العنوان', 4, 1020),
(1672, 'دخولتسجيل', 4, 1021),
(1673, 'يرجى تسجيل الدخول أو إنشاء حساب مجانا', 4, 1022),
(1674, 'تسجيل خروج', 4, 1023),
(1675, 'قائمة امنياتي', 4, 1024),
(1676, 'مرشحات', 4, 1025),
(1677, 'نطاق السعر', 4, 1026),
(1678, 'قريب', 4, 1027),
(1679, 'تطبيق', 4, 1028),
(1680, 'واضح', 4, 1029),
(1681, 'قائمة طعام', 4, 1030),
(1682, 'الصفحة الرئيسية', 4, 1031),
(1683, 'إن إنشاء حساب يعني أنك بخير من خلال موقعنا', 4, 1033),
(1684, 'تسجيل الدخول', 4, 1034),
(1685, 'تشغيل / إيقاف الإشعارات', 4, 1035),
(1686, 'تشغيل / إيقاف الإشعارات', 4, 1036),
(1687, 'تغيير اللغة', 4, 1037),
(1688, 'الموقع الرسمي', 4, 1038),
(1689, 'قيمنا', 4, 1039),
(1690, 'شارك', 4, 1040),
(1691, 'تعديل الملف الشخصي', 4, 1041),
(1692, 'خصم النسبة المئوية للسلة بأكملها', 4, 1042),
(1693, 'خصم إجمالي ثابت للعربة بأكملها', 4, 1043),
(1694, 'خصم إجمالي ثابت للمنتجات المحددة فقط', 4, 1044),
(1695, 'خصم النسبة المئوية للمنتجات المختارة فقط', 4, 1045),
(1696, 'شبكة متصلة إعادة تحميل البيانات', 4, 1047),
(1697, 'صنف حسب', 4, 1048),
(1698, 'بيع مفاجئ', 4, 1049),
(1699, 'حسنا', 4, 1050),
(1700, 'رقم', 4, 1051),
(1701, 'انتهاء الشهر', 4, 1052),
(1702, 'انتهاء السنة', 4, 1053),
(1703, 'طريقة الدفع او السداد', 4, 1054),
(1704, 'الحالة', 4, 1055),
(1705, 'و', 4, 1056),
(1706, 'cccc', 1, 1057),
(1707, 'cccc', 4, 1057),
(1708, 'Shop More', 1, 1058),
(1709, 'عربي', 4, 1058),
(1710, 'Discount', 1, 1072),
(1711, 'خصم', 4, 1072),
(1712, 'Error in initialization, maybe PayPal isnt supported or something else', 1, 1073),
(1713, 'خطأ في التهيئة ، ربما لا يتم دعم PayPal أو أي شيء آخر', 4, 1073),
(1714, 'Alert', 1, 1074),
(1715, 'إنذار', 4, 1074),
(1716, 'Your Wishlist is Empty', 1, 1075),
(1717, 'قائمة رغباتك فارغة', 4, 1075),
(1718, 'Press heart icon on products to add them in wishlist', 1, 1076),
(1719, 'اضغط على أيقونة القلب على المنتجات لإضافتها إلى قائمة الرغبات', 4, 1076),
(1720, 'Wishlist', 1, 1077),
(1721, 'قائمة الرغبات', 4, 1077),
(1722, 'All Items', 1, 1078),
(1723, 'كل الاشياء', 4, 1078),
(1724, 'Account Info', 1, 1079),
(1725, 'معلومات الحساب', 4, 1079),
(1726, 'You Must Be Logged in to use this Feature!', 1, 1080),
(1727, 'يجب عليك تسجيل الدخول لاستخدام هذه الميزة!', 4, 1080),
(1728, 'Remove from Wishlist', 1, 1081),
(1729, 'إزالة من قائمة الرغبات', 4, 1081),
(1730, 'Sign Up', 1, 1082),
(1731, 'سجل', 4, 1082),
(1732, 'Reset Password', 1, 1083),
(1733, 'إعادة تعيين كلمة المرور', 4, 1083),
(1734, 'Invalid email or password', 1, 1084),
(1735, 'البريد الإلكتروني أو كلمة السر خاطئة', 4, 1084),
(1736, 'Recent Searches', 1, 1085),
(1737, 'عمليات البحث الأخيرة', 4, 1085),
(1738, 'Add to Wishlist', 1, 1086),
(1739, 'أضف إلى قائمة الامنيات', 4, 1086),
(1740, 'Discover Latest Trends', 1, 1087),
(1741, 'اكتشف أحدث الاتجاهات', 4, 1087),
(1742, 'Add To My Wishlist', 1, 1088),
(1743, 'أضف إلى قائمة أمنياتي', 4, 1088),
(1744, 'Start Shoping', 1, 1089),
(1745, 'ابدأ التسوق', 4, 1089),
(1746, 'A Smart Shopping Experience', 1, 1090),
(1747, 'تجربة تسوق ذكية', 4, 1090),
(1748, 'Addresses', 1, 1091),
(1749, 'عناوين', 4, 1091),
(1750, 'Account', 1, 1092),
(1751, 'الحساب', 4, 1092),
(1752, 'DETAILS', 1, 1093),
(1753, 'تفاصيل', 4, 1093),
(1754, 'Dark Mode', 1, 1094),
(1755, 'الوضع الداكن', 4, 1094),
(1756, 'Enter a description', 1, 1095),
(1757, 'أدخل وصفًا', 4, 1095),
(1758, 'Grocery Store', 1, 1096),
(1759, 'بقالة', 4, 1096),
(1760, 'Post Comment', 1, 1097),
(1761, 'أضف تعليقا', 4, 1097),
(1762, 'Rate and write a review', 1, 1098),
(1763, 'تقييم وكتابة مراجعة', 4, 1098),
(1764, 'Ratings & Reviews', 1, 1099),
(1765, 'التقييمات والمراجعات', 4, 1099),
(1766, 'Write a review', 1, 1100),
(1767, 'أكتب مراجعة', 4, 1100),
(1768, 'Your Rating', 1, 1101),
(1769, 'تقييمك', 4, 1101),
(1770, 'rating', 1, 1102),
(1771, 'تقييم', 4, 1102),
(1772, 'rating and review', 1, 1103),
(1773, 'تصنيف ومراجعة', 4, 1103),
(1774, 'Coupon Codes List', 1, 1104),
(1775, 'قائمة رموز القسيمة', 4, 1104),
(1776, 'Custom Orders', 1, 1105),
(1777, 'أوامر مخصصة', 4, 1105),
(1778, 'Ecommerce', 1, 1106),
(1779, 'التجارة الإلكترونية', 4, 1106),
(1780, 'Featured Products', 1, 1107),
(1781, 'منتجات مميزة', 4, 1107),
(1782, 'House Hold 1', 1, 1108),
(1783, 'المنزل عقد 1', 4, 1108),
(1784, 'Newest Products', 1, 1109),
(1785, 'أحدث المنتجات', 4, 1109),
(1786, 'On Sale Products', 1, 1110),
(1787, 'المنتجات المعروضة للبيع', 4, 1110),
(1788, 'Braintree', 1, 1111),
(1789, 'برينتري', 4, 1111),
(1790, 'Hyperpay', 1, 1112),
(1791, 'Hyperpay', 4, 1112),
(1792, 'Instamojo', 1, 1113),
(1793, 'Instamojo', 4, 1113),
(1794, 'PayTm', 1, 1114),
(1795, 'PayTm', 4, 1114),
(1796, 'Paypal', 1, 1115),
(1797, 'باي بال', 4, 1115),
(1798, 'Razor Pay', 1, 1116),
(1799, 'الحلاقة الدفع', 4, 1116),
(1800, 'Stripe', 1, 1117),
(1801, 'شريط', 4, 1117),
(1802, 'Me', 1, 1059),
(1803, 'أنا', 4, 1059),
(1804, 'View All', 1, 1060),
(1805, 'عرض الكل', 4, 1060),
(1806, 'Featured', 1, 1061),
(1807, 'متميز', 4, 1061),
(1808, 'Shop Now', 1, 1062),
(1809, 'تسوق الآن', 4, 1062),
(1810, 'New Arrivals', 1, 1063),
(1811, 'الوافدون الجدد', 4, 1063),
(1812, 'Sort', 1, 1064),
(1813, 'فرز', 4, 1064),
(1814, 'Help & Support', 1, 1065),
(1815, 'ساعد لدعم', 4, 1065),
(1816, 'Select Currency', 1, 1066),
(1817, 'اختر العملة', 4, 1066),
(1818, 'Your Price', 1, 1067),
(1819, 'السعر الخاص', 4, 1067),
(1820, 'Billing', 1, 1068),
(1821, 'الفواتير', 4, 1068),
(1822, 'Ship to a different address?', 1, 1069),
(1823, 'هل تريد الشحن إلى عنوان مختلف؟', 4, 1069),
(1824, 'Method', 1, 1070),
(1825, 'طريقة', 4, 1070),
(1826, 'Summary', 1, 1071),
(1827, 'ملخص', 4, 1071);

--
-- Truncate table before insert `languages`
--

TRUNCATE TABLE `languages`;
--
-- Dumping data for table `languages`
--

INSERT INTO `languages` (`languages_id`, `name`, `code`, `image`, `directory`, `sort_order`, `direction`, `status`, `is_default`) VALUES
(1, 'English', 'en', '118', NULL, 1, 'ltr', 1, 1),
(2, 'Arabic', 'ar', '119', NULL, 2, 'rtl', 1, 0);

--
-- Truncate table before insert `manage_min_max`
--

TRUNCATE TABLE `manage_min_max`;
--
-- Truncate table before insert `manage_role`
--

TRUNCATE TABLE `manage_role`;
--
-- Dumping data for table `manage_role`
--

INSERT INTO `manage_role` (`manage_role_id`, `user_types_id`, `dashboard_view`, `manufacturer_view`, `manufacturer_create`, `manufacturer_update`, `manufacturer_delete`, `categories_view`, `categories_create`, `categories_update`, `categories_delete`, `products_view`, `products_create`, `products_update`, `products_delete`, `news_view`, `news_create`, `news_update`, `news_delete`, `customers_view`, `customers_create`, `customers_update`, `customers_delete`, `tax_location_view`, `tax_location_create`, `tax_location_update`, `tax_location_delete`, `coupons_view`, `coupons_create`, `coupons_update`, `coupons_delete`, `notifications_view`, `notifications_send`, `orders_view`, `orders_confirm`, `shipping_methods_view`, `shipping_methods_update`, `payment_methods_view`, `payment_methods_update`, `reports_view`, `website_setting_view`, `website_setting_update`, `application_setting_view`, `application_setting_update`, `general_setting_view`, `general_setting_update`, `manage_admins_view`, `manage_admins_create`, `manage_admins_update`, `manage_admins_delete`, `language_view`, `language_create`, `language_update`, `language_delete`, `profile_view`, `profile_update`, `admintype_view`, `admintype_create`, `admintype_update`, `admintype_delete`, `manage_admins_role`, `add_media`, `edit_media`, `view_media`, `delete_media`, `edit_management`, `reviews_view`, `reviews_update`, `deliveryboy_view`, `deliveryboy_create`, `deliveryboy_update`, `deliveryboy_delete`, `finance_view`) VALUES
(1, 1, 1, 1, 1, 1, 1, 1, 1, 1, 1, 1, 1, 1, 1, 1, 1, 1, 1, 1, 1, 1, 1, 1, 1, 1, 1, 1, 1, 1, 1, 1, 1, 1, 1, 1, 1, 1, 1, 1, 1, 1, 1, 1, 1, 1, 1, 1, 1, 1, 1, 1, 1, 1, 1, 1, 1, 1, 1, 1, 1, 1, 1, 1, 1, 1, 1, 1, 1, 1, 1, 1, 1);

--
-- Truncate table before insert `manufacturers`
--

TRUNCATE TABLE `manufacturers`;
--
-- Truncate table before insert `manufacturers_info`
--

TRUNCATE TABLE `manufacturers_info`;
--
-- Truncate table before insert `menus`
--

TRUNCATE TABLE `menus`;
--
-- Dumping data for table `menus`
--

INSERT INTO `menus` (`id`, `sort_order`, `sub_sort_order`, `parent_id`, `type`, `external_link`, `link`, `page_id`, `status`, `created_at`, `updated_at`) VALUES
(1, 1, NULL, 0, 1, NULL, '/', NULL, 1, NULL, NULL),
(18, 13, 4, 35, 1, NULL, '/page?name=about-us', 1, 1, NULL, NULL),
(19, 15, 2, 35, 1, NULL, '/page?name=privacy-policy', 1, 1, NULL, NULL),
(20, 16, NULL, 0, 5, '#', '/news', 0, 1, NULL, NULL),
(22, 14, NULL, 35, 5, 'http://localhost:8000/contact', '/contact', 0, 1, NULL, NULL),
(26, 6, NULL, 0, 1, '#', '#', 0, 1, NULL, NULL),
(27, 7, NULL, 26, 3, '', 'beverages', 0, 1, NULL, NULL),
(28, 5, NULL, 0, 3, '', 'eggs-dairy', 0, 1, NULL, NULL),
(29, 3, NULL, 0, 3, 'fruits-and-vegetables', 'fruits-and-vegetables', 0, 1, NULL, NULL),
(30, 4, NULL, 0, 3, '', 'meat', 0, 1, NULL, NULL),
(31, 8, NULL, 26, 3, '', 'snacks-candy', 0, 1, NULL, NULL),
(32, 9, NULL, 26, 3, '', 'sprouts', 0, 1, NULL, NULL),
(33, 10, NULL, 26, 3, '', 'farm-foods', 0, 1, NULL, NULL),
(34, 2, NULL, 0, 3, NULL, 'food-grains', 0, 1, NULL, NULL),
(35, 12, NULL, 0, 2, NULL, 'about-us', 0, 1, NULL, NULL);

--
-- Truncate table before insert `menu_translation`
--

TRUNCATE TABLE `menu_translation`;
--
-- Dumping data for table `menu_translation`
--

INSERT INTO `menu_translation` (`id`, `menu_id`, `language_id`, `menu_name`) VALUES
(2, 1, 1, 'Home'),
(3, 1, 2, 'Homee'),
(33, 18, 1, 'About Us'),
(34, 18, 2, 'About Us'),
(35, 19, 1, 'Privacy Policy'),
(36, 19, 2, 'Privacy Policy'),
(37, 20, 1, 'News'),
(38, 20, 2, 'News'),
(41, 22, 1, 'Contact Us'),
(42, 22, 2, 'Contact Us'),
(49, 26, 1, 'Others'),
(50, 26, 2, 'الآخرين'),
(51, 27, 1, 'Beverages'),
(52, 27, 2, 'مشروبات'),
(53, 28, 1, 'Eggs & Dairy'),
(54, 28, 2, 'البيض ومنتجات الألبان'),
(55, 29, 1, 'Vegetables'),
(56, 29, 2, 'خضراوات'),
(57, 30, 1, 'Meat'),
(58, 30, 2, 'لحم'),
(59, 31, 1, 'Snacks & Candy'),
(60, 31, 2, 'الوجبات الخفيفة والحلوى'),
(61, 32, 1, 'Sprouts'),
(62, 32, 2, 'براعم'),
(63, 33, 1, 'Farm Foods'),
(64, 33, 2, 'أغذية المزرعة'),
(65, 34, 1, 'Grains'),
(66, 34, 2, 'الطعام'),
(67, 35, 1, 'Company'),
(68, 35, 2, 'شركة');

--
-- Truncate table before insert `news`
--

TRUNCATE TABLE `news`;
--
-- Dumping data for table `news`
--

INSERT INTO `news` (`news_id`, `news_image`, `news_date_added`, `news_last_modified`, `news_status`, `is_feature`, `news_slug`, `created_at`, `updated_at`) VALUES
(1, '228', '0000-00-00 00:00:00', NULL, 1, 1, 'us-foods-wraps-up-acquisition-of-smart-food-service-warehouse', '2020-04-28 07:52:35', NULL),
(16, '260', '0000-00-00 00:00:00', NULL, 1, 1, 'produce-shelf-life-weighs-heavily-for-shoppers-amid-pandemic', '2020-04-28 08:07:37', NULL),
(17, '259', '0000-00-00 00:00:00', NULL, 1, 1, 'freshdirect-to-sell-meals-from-restaurant-associates', '2020-04-28 08:10:37', NULL),
(18, '257', '0000-00-00 00:00:00', NULL, 1, 1, 'the-giant-company-ramps-up-hiring-as-pandemic-spurs-grocery-purchases', '2020-04-28 08:13:16', NULL);

--
-- Truncate table before insert `news_categories`
--

TRUNCATE TABLE `news_categories`;
--
-- Dumping data for table `news_categories`
--

INSERT INTO `news_categories` (`categories_id`, `categories_image`, `categories_icon`, `parent_id`, `sort_order`, `date_added`, `last_modified`, `news_categories_slug`, `categories_status`, `created_at`, `updated_at`) VALUES
(1, '260', '', 0, 1, NULL, NULL, 'retail-financial', 1, '2020-04-28 07:42:51', NULL),
(2, '259', '', 0, 2, NULL, NULL, 'center-store', 1, '2020-04-28 07:43:24', NULL),
(3, '258', '', 0, 3, NULL, NULL, 'prepared-foods', 1, '2020-04-28 07:43:55', NULL),
(4, '257', '', 0, 4, NULL, NULL, 'farm-fresh', 1, '2020-04-28 07:45:52', NULL);

--
-- Truncate table before insert `news_categories_description`
--

TRUNCATE TABLE `news_categories_description`;
--
-- Dumping data for table `news_categories_description`
--

INSERT INTO `news_categories_description` (`categories_description_id`, `categories_id`, `language_id`, `categories_name`) VALUES
(1, 1, 1, 'RETAIL & FINANCIAL'),
(2, 1, 2, 'التجزئة والمالية'),
(3, 2, 1, 'CENTER STORE'),
(4, 2, 2, 'مخزن المركز'),
(5, 3, 1, 'PREPARED FOODS'),
(6, 3, 2, 'أطعمة محضرة'),
(7, 4, 1, 'Farm Fresh'),
(8, 4, 2, 'الزراعية الطازجة');

--
-- Truncate table before insert `news_description`
--

TRUNCATE TABLE `news_description`;
--
-- Dumping data for table `news_description`
--

INSERT INTO `news_description` (`language_id`, `news_name`, `news_id`, `news_description`, `news_url`, `news_viewed`) VALUES
(1, 'US Foods wraps up acquisition of Smart Food service Warehouse', 1, '<p>US Foods Holding Corp. has closed its $970 million acquisition of Smart Foodservice Warehouse Stores from the private equity owner of Smart &amp; Final Stores.</p>\r\n\r\n<p>Rosemont, Ill.-based US Foods said Friday that, with the addition of Smart Foodservice, it expects to achieve $20 million in annual run-rate cost synergies by the end of 2023, namely via purchasing efficiencies and private-label expansion.</p>\r\n\r\n<p>US Foods Holding Corp. has closed its $970 million acquisition of Smart Foodservice Warehouse Stores from the private equity owner of Smart &amp; Final Stores.</p>\r\n\r\n<p>Rosemont, Ill.-based US Foods said Friday that, with the addition of Smart Foodservice, it expects to achieve $20 million in annual run-rate cost synergies by the end of 2023, namely via purchasing efficiencies and private-label expansion.</p>\r\n\r\n<p>US Foods Holding Corp. has closed its $970 million acquisition of Smart Foodservice Warehouse Stores from the private equity owner of Smart &amp; Final Stores.</p>\r\n\r\n<p>Rosemont, Ill.-based US Foods said Friday that, with the addition of Smart Foodservice, it expects to achieve $20 million in annual run-rate cost synergies by the end of 2023, namely via purchasing efficiencies and private-label expansion.</p>', '0', 0),
(2, 'فودز تختتم اقتناء مستودع خدمات الغذاء الذكي', 1, '<pre>\r\nأغلقت شركة فودز القابضة كورب للاستحواذ على 970 مليون دولار من متاجر مخازن الخدمات الغذائية من مالك الأسهم الخاصة للمتاجر الذكية والنهائية.\r\n</pre>\r\n\r\n<pre>\r\nأغلقت شركة فودز القابضة كورب للاستحواذ على 970 مليون دولار من متاجر مخازن الخدمات الغذائية من مالك الأسهم الخاصة للمتاجر الذكية والنهائية.\r\n</pre>\r\n\r\n<pre>\r\nأغلقت شركة فودز القابضة كورب للاستحواذ على 970 مليون دولار من متاجر مخازن الخدمات الغذائية من مالك الأسهم الخاصة للمتاجر الذكية والنهائية.\r\n</pre>\r\n\r\n<pre>\r\nأغلقت شركة فودز القابضة كورب للاستحواذ على 970 مليون دولار من متاجر مخازن الخدمات الغذائية من مالك الأسهم الخاصة للمتاجر الذكية والنهائية.\r\n</pre>', '0', 0),
(1, 'Produce shelf life weighs heavily for shoppers amid pandemic', 16, '<p>US Foods Holding Corp. has closed its $970 million acquisition of Smart Foodservice Warehouse Stores from the private equity owner of Smart &amp; Final Stores.</p>\r\n\r\n<p>Rosemont, Ill.-based US Foods said Friday that, with the addition of Smart Foodservice, it expects to achieve $20 million in annual run-rate cost synergies by the end of 2023, namely via purchasing efficiencies and private-label expansion.</p>\r\n\r\n<p>US Foods Holding Corp. has closed its $970 million acquisition of Smart Foodservice Warehouse Stores from the private equity owner of Smart &amp; Final Stores.</p>\r\n\r\n<p>Rosemont, Ill.-based US Foods said Friday that, with the addition of Smart Foodservice, it expects to achieve $20 million in annual run-rate cost synergies by the end of 2023, namely via purchasing efficiencies and private-label expansion.</p>\r\n\r\n<p>US Foods Holding Corp. has closed its $970 million acquisition of Smart Foodservice Warehouse Stores from the private equity owner of Smart &amp; Final Stores.</p>\r\n\r\n<p>Rosemont, Ill.-based US Foods said Friday that, with the addition of Smart Foodservice, it expects to achieve $20 million in annual run-rate cost synergies by the end of 2023, namely via purchasing efficiencies and private-label expansion.</p>', '0', 0),
(2, 'ينتج العمر التخزيني ثقلاً كبيرًا للمتسوقين وسط جائحة', 16, '<pre>\r\nأغلقت شركة فودز القابضة كورب للاستحواذ على 970 مليون دولار من متاجر مخازن الخدمات الغذائية من مالك الأسهم الخاصة للمتاجر الذكية والنهائية.\r\n</pre>\r\n\r\n<pre>\r\nأغلقت شركة فودز القابضة كورب للاستحواذ على 970 مليون دولار من متاجر مخازن الخدمات الغذائية من مالك الأسهم الخاصة للمتاجر الذكية والنهائية.\r\n</pre>\r\n\r\n<pre>\r\nأغلقت شركة فودز القابضة كورب للاستحواذ على 970 مليون دولار من متاجر مخازن الخدمات الغذائية من مالك الأسهم الخاصة للمتاجر الذكية والنهائية.\r\n</pre>\r\n\r\n<pre>\r\nأغلقت شركة فودز القابضة كورب للاستحواذ على 970 مليون دولار من متاجر مخازن الخدمات الغذائية من مالك الأسهم الخاصة للمتاجر الذكية والنهائية.</pre>', '0', 0),
(1, 'FreshDirect to sell meals from Restaurant Associates', 17, '<p>US Foods Holding Corp. has closed its $970 million acquisition of Smart Foodservice Warehouse Stores from the private equity owner of Smart &amp; Final Stores.</p>\r\n\r\n<p>Rosemont, Ill.-based US Foods said Friday that, with the addition of Smart Foodservice, it expects to achieve $20 million in annual run-rate cost synergies by the end of 2023, namely via purchasing efficiencies and private-label expansion.</p>\r\n\r\n<p>US Foods Holding Corp. has closed its $970 million acquisition of Smart Foodservice Warehouse Stores from the private equity owner of Smart &amp; Final Stores.</p>\r\n\r\n<p>Rosemont, Ill.-based US Foods said Friday that, with the addition of Smart Foodservice, it expects to achieve $20 million in annual run-rate cost synergies by the end of 2023, namely via purchasing efficiencies and private-label expansion.</p>\r\n\r\n<p>US Foods Holding Corp. has closed its $970 million acquisition of Smart Foodservice Warehouse Stores from the private equity owner of Smart &amp; Final Stores.</p>\r\n\r\n<p>Rosemont, Ill.-based US Foods said Friday that, with the addition of Smart Foodservice, it expects to achieve $20 million in annual run-rate cost synergies by the end of 2023, namely via purchasing efficiencies and private-label expansion.</p>', '0', 0),
(2, 'فريش دايركت لبيع الوجبات من مطعم أسوشيتس', 17, '<pre>\r\nأغلقت شركة فودز القابضة كورب للاستحواذ على 970 مليون دولار من متاجر مخازن الخدمات الغذائية من مالك الأسهم الخاصة للمتاجر الذكية والنهائية.\r\n</pre>\r\n\r\n<pre>\r\nأغلقت شركة فودز القابضة كورب للاستحواذ على 970 مليون دولار من متاجر مخازن الخدمات الغذائية من مالك الأسهم الخاصة للمتاجر الذكية والنهائية.\r\n</pre>\r\n\r\n<pre>\r\nأغلقت شركة فودز القابضة كورب للاستحواذ على 970 مليون دولار من متاجر مخازن الخدمات الغذائية من مالك الأسهم الخاصة للمتاجر الذكية والنهائية.\r\n</pre>\r\n\r\n<pre>\r\nأغلقت شركة فودز القابضة كورب للاستحواذ على 970 مليون دولار من متاجر مخازن الخدمات الغذائية من مالك الأسهم الخاصة للمتاجر الذكية والنهائية.</pre>', '0', 0),
(1, 'The Giant Company ramps up hiring as pandemic spurs grocery purc', 18, '<p>US Foods Holding Corp. has closed its $970 million acquisition of Smart Foodservice Warehouse Stores from the private equity owner of Smart &amp; Final Stores.</p>\r\n\r\n<p>Rosemont, Ill.-based US Foods said Friday that, with the addition of Smart Foodservice, it expects to achieve $20 million in annual run-rate cost synergies by the end of 2023, namely via purchasing efficiencies and private-label expansion.</p>\r\n\r\n<p>US Foods Holding Corp. has closed its $970 million acquisition of Smart Foodservice Warehouse Stores from the private equity owner of Smart &amp; Final Stores.</p>\r\n\r\n<p>Rosemont, Ill.-based US Foods said Friday that, with the addition of Smart Foodservice, it expects to achieve $20 million in annual run-rate cost synergies by the end of 2023, namely via purchasing efficiencies and private-label expansion.</p>\r\n\r\n<p>US Foods Holding Corp. has closed its $970 million acquisition of Smart Foodservice Warehouse Stores from the private equity owner of Smart &amp; Final Stores.</p>\r\n\r\n<p>Rosemont, Ill.-based US Foods said Friday that, with the addition of Smart Foodservice, it expects to achieve $20 million in annual run-rate cost synergies by the end of 2023, namely via purchasing efficiencies and private-label expansion.</p>', '0', 0),
(2, 'تكثف `` الشركة العملاقة \'\' عمليات التوظيف حيث يحفز الوباء مشتريا', 18, '<pre>\r\nأغلقت شركة فودز القابضة كورب للاستحواذ على 970 مليون دولار من متاجر مخازن الخدمات الغذائية من مالك الأسهم الخاصة للمتاجر الذكية والنهائية.\r\n</pre>\r\n\r\n<pre>\r\nأغلقت شركة فودز القابضة كورب للاستحواذ على 970 مليون دولار من متاجر مخازن الخدمات الغذائية من مالك الأسهم الخاصة للمتاجر الذكية والنهائية.\r\n</pre>\r\n\r\n<pre>\r\nأغلقت شركة فودز القابضة كورب للاستحواذ على 970 مليون دولار من متاجر مخازن الخدمات الغذائية من مالك الأسهم الخاصة للمتاجر الذكية والنهائية.\r\n</pre>\r\n\r\n<pre>\r\nأغلقت شركة فودز القابضة كورب للاستحواذ على 970 مليون دولار من متاجر مخازن الخدمات الغذائية من مالك الأسهم الخاصة للمتاجر الذكية والنهائية.</pre>', '0', 0);

--
-- Truncate table before insert `news_to_news_categories`
--

TRUNCATE TABLE `news_to_news_categories`;
--
-- Dumping data for table `news_to_news_categories`
--

INSERT INTO `news_to_news_categories` (`news_id`, `categories_id`, `created_at`, `updated_at`) VALUES
(1, 1, '2020-04-28 07:52:35', NULL),
(16, 2, '2020-04-28 08:07:37', NULL),
(17, 3, '2020-04-28 08:10:37', NULL),
(18, 4, '2020-04-28 08:13:16', NULL);

--
-- Truncate table before insert `pages`
--

TRUNCATE TABLE `pages`;
--
-- Dumping data for table `pages`
--

INSERT INTO `pages` (`page_id`, `slug`, `status`, `type`) VALUES
(1, 'privacy-policy', 1, 1),
(2, 'term-services', 1, 1),
(3, 'refund-policy', 1, 1),
(4, 'about-us', 1, 1),
(5, 'privacy-policy', 1, 2),
(6, 'term-services', 1, 2),
(7, 'refund-policy', 1, 2),
(8, 'about-us', 1, 2),
(9, 'ssssss', 1, 1),
(10, 'terms-n-condition2', 1, 3),
(11, 'Privacy-Policy', 1, 3),
(12, 'Refund-Policy', 1, 3),
(13, 'About-Us', 1, 3);

--
-- Truncate table before insert `pages_description`
--

TRUNCATE TABLE `pages_description`;
--
-- Dumping data for table `pages_description`
--

INSERT INTO `pages_description` (`page_description_id`, `name`, `description`, `language_id`, `page_id`) VALUES
(1, 'Privacy Policy', '<p>Lorem Ipsum is simply dummy text of the printing and typesetting industry. Lorem Ipsum has been the industry&#39;s standard dummy</p>\r\n\r\n<p>text ever since the 1500s, when an unknown printer took a galley of type and scrambled it to make a type specimen</p>\r\n\r\n<p>book. It has survived not only five centuries, but also the leap into electronic typesetting, remaining essentially</p>\r\n\r\n<p>unchanged. It was popularised in the 1960s with the release of Letraset sheets containing Lorem Ipsum passages,</p>\r\n\r\n<p>and more recently with desktop publishing software like Aldus PageMaker including versions of Lorem Ipsum. Lorem</p>\r\n\r\n<p>Ipsum is simply dummy text of the printing and typesetting industry. Lorem Ipsum has been the industry&#39;s standard</p>\r\n\r\n<p>dummy text ever since the 1500s, when an unknown printer took a galley of type and scrambled it to make a type</p>\r\n\r\n<p>specimen book. It has survived not only five centuries, but also the leap into electronic typesetting, remaining</p>\r\n\r\n<p>essentially unchanged. It was popularised in the 1960s with the release of Letraset sheets containing Lorem Ipsum</p>\r\n\r\n<p>passages, and more recently with desktop publishing software like Aldus PageMaker including versions of Lorem</p>\r\n\r\n<p>Ipsum. Lorem Ipsum is simply dummy text of the printing and typesetting industry. Lorem Ipsum has been the industry&#39;s</p>\r\n\r\n<p>standard dummy text ever since the 1500s, when an unknown printer took a galley of type and scrambled it to make</p>\r\n\r\n<p>a type specimen book. It has survived not only five centuries, but also the leap into electronic typesetting,</p>\r\n\r\n<p>remaining essentially unchanged. It was popularised in the 1960s with the release of Letraset sheets containing</p>\r\n\r\n<p>Lorem Ipsum passages, and more recently with desktop publishing software like Aldus PageMaker including versions</p>\r\n\r\n<p>of Lorem Ipsum. Lorem Ipsum is simply dummy text of the printing and typesetting industry. Lorem Ipsum has been</p>\r\n\r\n<p>the industry&#39;s standard dummy text ever since the 1500s, when an unknown printer took a galley of type and scrambled</p>\r\n\r\n<p>it to make a type specimen book. It has survived not only five centuries, but also the leap into electronic typesetting,</p>\r\n\r\n<p>remaining essentially unchanged. It was popularised in the 1960s with the release of Letraset sheets containing</p>\r\n\r\n<p>Lorem Ipsum passages, and more recently with desktop publishing software like Aldus PageMaker including versions</p>\r\n\r\n<p>of Lorem Ipsum. Lorem Ipsum is simply dummy text of the printing and typesetting industry. Lorem Ipsum has been</p>\r\n\r\n<p>the industry&#39;s standard dummy text ever since the 1500s, when an unknown printer took a galley of type and scrambled</p>\r\n\r\n<p>it to make a type specimen book. It has survived not only five centuries, but also the leap into electronic typesetting,</p>\r\n\r\n<p>remaining essentially unchanged. It was popularised in the 1960s with the release of Letraset sheets containing</p>\r\n\r\n<p>Lorem Ipsum passages, and more recently with desktop publishing software like Aldus PageMaker including versions</p>\r\n\r\n<p>of Lorem Ipsum.</p>', 1, 1),
(4, 'Term & Services', '<p>Lorem Ipsum is simply dummy text of the printing and typesetting industry. Lorem Ipsum has been the industry&#39;s standard dummy</p>\r\n\r\n<p>text ever since the 1500s, when an unknown printer took a galley of type and scrambled it to make a type specimen</p>\r\n\r\n<p>book. It has survived not only five centuries, but also the leap into electronic typesetting, remaining essentially</p>\r\n\r\n<p>unchanged. It was popularised in the 1960s with the release of Letraset sheets containing Lorem Ipsum passages,</p>\r\n\r\n<p>and more recently with desktop publishing software like Aldus PageMaker including versions of Lorem Ipsum. Lorem</p>\r\n\r\n<p>Ipsum is simply dummy text of the printing and typesetting industry. Lorem Ipsum has been the industry&#39;s standard</p>\r\n\r\n<p>dummy text ever since the 1500s, when an unknown printer took a galley of type and scrambled it to make a type</p>\r\n\r\n<p>specimen book. It has survived not only five centuries, but also the leap into electronic typesetting, remaining</p>\r\n\r\n<p>essentially unchanged. It was popularised in the 1960s with the release of Letraset sheets containing Lorem Ipsum</p>\r\n\r\n<p>passages, and more recently with desktop publishing software like Aldus PageMaker including versions of Lorem</p>\r\n\r\n<p>Ipsum. Lorem Ipsum is simply dummy text of the printing and typesetting industry. Lorem Ipsum has been the industry&#39;s</p>\r\n\r\n<p>standard dummy text ever since the 1500s, when an unknown printer took a galley of type and scrambled it to make</p>\r\n\r\n<p>a type specimen book. It has survived not only five centuries, but also the leap into electronic typesetting,</p>\r\n\r\n<p>remaining essentially unchanged. It was popularised in the 1960s with the release of Letraset sheets containing</p>\r\n\r\n<p>Lorem Ipsum passages, and more recently with desktop publishing software like Aldus PageMaker including versions</p>\r\n\r\n<p>of Lorem Ipsum. Lorem Ipsum is simply dummy text of the printing and typesetting industry. Lorem Ipsum has been</p>\r\n\r\n<p>the industry&#39;s standard dummy text ever since the 1500s, when an unknown printer took a galley of type and scrambled</p>\r\n\r\n<p>it to make a type specimen book. It has survived not only five centuries, but also the leap into electronic typesetting,</p>\r\n\r\n<p>remaining essentially unchanged. It was popularised in the 1960s with the release of Letraset sheets containing</p>\r\n\r\n<p>Lorem Ipsum passages, and more recently with desktop publishing software like Aldus PageMaker including versions</p>\r\n\r\n<p>of Lorem Ipsum. Lorem Ipsum is simply dummy text of the printing and typesetting industry. Lorem Ipsum has been</p>\r\n\r\n<p>the industry&#39;s standard dummy text ever since the 1500s, when an unknown printer took a galley of type and scrambled</p>\r\n\r\n<p>it to make a type specimen book. It has survived not only five centuries, but also the leap into electronic typesetting,</p>\r\n\r\n<p>remaining essentially unchanged. It was popularised in the 1960s with the release of Letraset sheets containing</p>\r\n\r\n<p>Lorem Ipsum passages, and more recently with desktop publishing software like Aldus PageMaker including versions</p>\r\n\r\n<p>of Lorem Ipsum.</p>\r\n', 1, 2),
(7, 'Refund Policy', '<p>Lorem Ipsum is simply dummy text of the printing and typesetting industry. Lorem Ipsum has been the industry&#39;s standard dummy</p>\r\n\r\n<p>text ever since the 1500s, when an unknown printer took a galley of type and scrambled it to make a type specimen</p>\r\n\r\n<p>book. It has survived not only five centuries, but also the leap into electronic typesetting, remaining essentially</p>\r\n\r\n<p>unchanged. It was popularised in the 1960s with the release of Letraset sheets containing Lorem Ipsum passages,</p>\r\n\r\n<p>and more recently with desktop publishing software like Aldus PageMaker including versions of Lorem Ipsum. Lorem</p>\r\n\r\n<p>Ipsum is simply dummy text of the printing and typesetting industry. Lorem Ipsum has been the industry&#39;s standard</p>\r\n\r\n<p>dummy text ever since the 1500s, when an unknown printer took a galley of type and scrambled it to make a type</p>\r\n\r\n<p>specimen book. It has survived not only five centuries, but also the leap into electronic typesetting, remaining</p>\r\n\r\n<p>essentially unchanged. It was popularised in the 1960s with the release of Letraset sheets containing Lorem Ipsum</p>\r\n\r\n<p>passages, and more recently with desktop publishing software like Aldus PageMaker including versions of Lorem</p>\r\n\r\n<p>Ipsum. Lorem Ipsum is simply dummy text of the printing and typesetting industry. Lorem Ipsum has been the industry&#39;s</p>\r\n\r\n<p>standard dummy text ever since the 1500s, when an unknown printer took a galley of type and scrambled it to make</p>\r\n\r\n<p>a type specimen book. It has survived not only five centuries, but also the leap into electronic typesetting,</p>\r\n\r\n<p>remaining essentially unchanged. It was popularised in the 1960s with the release of Letraset sheets containing</p>\r\n\r\n<p>Lorem Ipsum passages, and more recently with desktop publishing software like Aldus PageMaker including versions</p>\r\n\r\n<p>of Lorem Ipsum. Lorem Ipsum is simply dummy text of the printing and typesetting industry. Lorem Ipsum has been</p>\r\n\r\n<p>the industry&#39;s standard dummy text ever since the 1500s, when an unknown printer took a galley of type and scrambled</p>\r\n\r\n<p>it to make a type specimen book. It has survived not only five centuries, but also the leap into electronic typesetting,</p>\r\n\r\n<p>remaining essentially unchanged. It was popularised in the 1960s with the release of Letraset sheets containing</p>\r\n\r\n<p>Lorem Ipsum passages, and more recently with desktop publishing software like Aldus PageMaker including versions</p>\r\n\r\n<p>of Lorem Ipsum. Lorem Ipsum is simply dummy text of the printing and typesetting industry. Lorem Ipsum has been</p>\r\n\r\n<p>the industry&#39;s standard dummy text ever since the 1500s, when an unknown printer took a galley of type and scrambled</p>\r\n\r\n<p>it to make a type specimen book. It has survived not only five centuries, but also the leap into electronic typesetting,</p>\r\n\r\n<p>remaining essentially unchanged. It was popularised in the 1960s with the release of Letraset sheets containing</p>\r\n\r\n<p>Lorem Ipsum passages, and more recently with desktop publishing software like Aldus PageMaker including versions</p>\r\n\r\n<p>of Lorem Ipsum.</p>', 1, 3),
(10, 'About Us', '<h2><strong>Lorem ipsum dolor sit amet, consectetur adipiscing elit.</strong></h2>\r\n\r\n<p>Cras non justo sed nulla finibus pulvinar sit amet et neque. Duis et odio vitae orci mattis gravida. Nullam vel tincidunt ex. Praesent vel neque egestas arcu feugiat venenatis. Donec eget dolor quis justo tempus mattis. Phasellus dictum nunc ut dapibus dictum. Etiam vel leo nulla. Ut eu mi hendrerit, eleifend lacus sed, dictum neque.</p>\r\n\r\n<p>Aliquam non convallis nibh. Donec luctus purus magna, et commodo urna fermentum sed. Cras vel ex blandit, pretium nulla id, efficitur massa. Suspendisse potenti. Maecenas vel vehicula velit. Etiam quis orci molestie, elementum nisl eget, ultricies felis. Ut condimentum quam ut mi scelerisque accumsan. Suspendisse potenti. Etiam orci purus, iaculis sit amet ornare sit amet, finibus sed ligula. Quisque et mollis libero, sit amet consectetur augue. Vestibulum posuere pellentesque enim, in facilisis diam dictum eget. Phasellus sed vestibulum urna, in aliquet felis. Vivamus quis lacus id est ornare faucibus at id nulla.</p>\r\n\r\n<h2>Class aptent taciti sociosqu ad litora torquent per conubia nostra, per inceptos himenaeos.</h2>\r\n\r\n<p>Nulla justo lectus, sollicitudin at lorem eu, sollicitudin molestie augue. Maecenas egestas facilisis dolor mattis feugiat. Donec sed orci tellus. Maecenas tortor ipsum, varius vel dolor nec, bibendum porttitor felis. Mauris rutrum tristique vehicula. Sed ullamcorper nisl non erat pharetra, sit amet mattis enim posuere. Nulla convallis fringilla tortor, at vestibulum mauris cursus eget. Ut semper sollicitudin odio, sed molestie libero luctus quis. Integer viverra rutrum diam non maximus. Maecenas pellentesque tortor et sapien fermentum laoreet non et est. Phasellus felis quam, laoreet rhoncus erat eget, tempor condimentum massa. Integer gravida turpis id suscipit bibendum. Phasellus pellentesque venenatis erat, ut maximus justo vulputate sed. Vestibulum maximus enim ligula, non suscipit lectus dignissim vel. Suspendisse eleifend lorem egestas, tristique ligula id, condimentum est.</p>\r\n\r\n<p>Mauris nulla nulla, laoreet at auctor quis, bibendum rutrum neque. Donec eu ligula mi. Nam cursus vulputate semper. Phasellus facilisis mollis tellus, interdum laoreet justo rutrum pulvinar. Praesent molestie, nibh sed ultrices porttitor, nulla tortor volutpat enim, quis auctor est sem et orci. Proin lacinia vestibulum ex ut convallis. Phasellus tempus odio purus.</p>\r\n\r\n<ul>\r\n<li>Nam lacinia urna eu arcu auctor, eget euismod metus sagittis.</li>\r\n<li>Etiam eleifend ex eu interdum varius.</li>\r\n<li>Nunc dapibus purus eu felis tincidunt, vel rhoncus erat tristique.</li>\r\n<li>Aenean nec augue sit amet lorem blandit ultrices.</li>\r\n<li>Nullam at lacus eleifend, pulvinar velit tempor, auctor nisi.</li>\r\n</ul>\r\n\r\n<p>Nunc accumsan tincidunt augue sed blandit. Duis et dignissim nisi. Phasellus sed ligula velit. Etiam rhoncus aliquet magna, nec volutpat nulla imperdiet et. Nunc vel tincidunt magna. Vestibulum lacinia odio a metus placerat maximus. Lorem ipsum dolor sit amet, consectetur adipiscing elit. Aliquam et faucibus neque. Class aptent taciti sociosqu ad litora torquent per conubia nostra, per inceptos himenaeos. Aenean et metus malesuada, ullamcorper dui vel, convallis est. Donec congue libero sed turpis porta consequat. Suspendisse potenti. Aliquam pharetra nibh in magna iaculis, non elementum ipsum luctus.</p>\r\n\r\n<p>&nbsp;</p>', 1, 4),
(13, 'Privacy Policy', '<p>Lorem Ipsum is simply dummy text of the printing and typesetting industry. Lorem Ipsum has been the industry&#39;s standard dummy</p>\r\n\r\n<p>text ever since the 1500s, when an unknown printer took a galley of type and scrambled it to make a type specimen</p>\r\n\r\n<p>book. It has survived not only five centuries, but also the leap into electronic typesetting, remaining essentially</p>\r\n\r\n<p>unchanged. It was popularised in the 1960s with the release of Letraset sheets containing Lorem Ipsum passages,</p>\r\n\r\n<p>and more recently with desktop publishing software like Aldus PageMaker including versions of Lorem Ipsum. Lorem</p>\r\n\r\n<p>Ipsum is simply dummy text of the printing and typesetting industry. Lorem Ipsum has been the industry&#39;s standard</p>\r\n\r\n<p>dummy text ever since the 1500s, when an unknown printer took a galley of type and scrambled it to make a type</p>\r\n\r\n<p>specimen book. It has survived not only five centuries, but also the leap into electronic typesetting, remaining</p>\r\n\r\n<p>essentially unchanged. It was popularised in the 1960s with the release of Letraset sheets containing Lorem Ipsum</p>\r\n\r\n<p>passages, and more recently with desktop publishing software like Aldus PageMaker including versions of Lorem</p>\r\n\r\n<p>Ipsum. Lorem Ipsum is simply dummy text of the printing and typesetting industry. Lorem Ipsum has been the industry&#39;s</p>\r\n\r\n<p>standard dummy text ever since the 1500s, when an unknown printer took a galley of type and scrambled it to make</p>\r\n\r\n<p>a type specimen book. It has survived not only five centuries, but also the leap into electronic typesetting,</p>\r\n\r\n<p>remaining essentially unchanged. It was popularised in the 1960s with the release of Letraset sheets containing</p>\r\n\r\n<p>Lorem Ipsum passages, and more recently with desktop publishing software like Aldus PageMaker including versions</p>\r\n\r\n<p>of Lorem Ipsum. Lorem Ipsum is simply dummy text of the printing and typesetting industry. Lorem Ipsum has been</p>\r\n\r\n<p>the industry&#39;s standard dummy text ever since the 1500s, when an unknown printer took a galley of type and scrambled</p>\r\n\r\n<p>it to make a type specimen book. It has survived not only five centuries, but also the leap into electronic typesetting,</p>\r\n\r\n<p>remaining essentially unchanged. It was popularised in the 1960s with the release of Letraset sheets containing</p>\r\n\r\n<p>Lorem Ipsum passages, and more recently with desktop publishing software like Aldus PageMaker including versions</p>\r\n\r\n<p>of Lorem Ipsum. Lorem Ipsum is simply dummy text of the printing and typesetting industry. Lorem Ipsum has been</p>\r\n\r\n<p>the industry&#39;s standard dummy text ever since the 1500s, when an unknown printer took a galley of type and scrambled</p>\r\n\r\n<p>it to make a type specimen book. It has survived not only five centuries, but also the leap into electronic typesetting,</p>\r\n\r\n<p>remaining essentially unchanged. It was popularised in the 1960s with the release of Letraset sheets containing</p>\r\n\r\n<p>Lorem Ipsum passages, and more recently with desktop publishing software like Aldus PageMaker including versions</p>\r\n\r\n<p>of Lorem Ipsum.</p>', 1, 5),
(16, 'Term & Services', '<p>Lorem Ipsum is simply dummy text of the printing and typesetting industry. Lorem Ipsum has been the industry&#39;s standard dummy</p>\r\n\r\n<p>text ever since the 1500s, when an unknown printer took a galley of type and scrambled it to make a type specimen</p>\r\n\r\n<p>book. It has survived not only five centuries, but also the leap into electronic typesetting, remaining essentially</p>\r\n\r\n<p>unchanged. It was popularised in the 1960s with the release of Letraset sheets containing Lorem Ipsum passages,</p>\r\n\r\n<p>and more recently with desktop publishing software like Aldus PageMaker including versions of Lorem Ipsum. Lorem</p>\r\n\r\n<p>Ipsum is simply dummy text of the printing and typesetting industry. Lorem Ipsum has been the industry&#39;s standard</p>\r\n\r\n<p>dummy text ever since the 1500s, when an unknown printer took a galley of type and scrambled it to make a type</p>\r\n\r\n<p>specimen book. It has survived not only five centuries, but also the leap into electronic typesetting, remaining</p>\r\n\r\n<p>essentially unchanged. It was popularised in the 1960s with the release of Letraset sheets containing Lorem Ipsum</p>\r\n\r\n<p>passages, and more recently with desktop publishing software like Aldus PageMaker including versions of Lorem</p>\r\n\r\n<p>Ipsum. Lorem Ipsum is simply dummy text of the printing and typesetting industry. Lorem Ipsum has been the industry&#39;s</p>\r\n\r\n<p>standard dummy text ever since the 1500s, when an unknown printer took a galley of type and scrambled it to make</p>\r\n\r\n<p>a type specimen book. It has survived not only five centuries, but also the leap into electronic typesetting,</p>\r\n\r\n<p>remaining essentially unchanged. It was popularised in the 1960s with the release of Letraset sheets containing</p>\r\n\r\n<p>Lorem Ipsum passages, and more recently with desktop publishing software like Aldus PageMaker including versions</p>\r\n\r\n<p>of Lorem Ipsum. Lorem Ipsum is simply dummy text of the printing and typesetting industry. Lorem Ipsum has been</p>\r\n\r\n<p>the industry&#39;s standard dummy text ever since the 1500s, when an unknown printer took a galley of type and scrambled</p>\r\n\r\n<p>it to make a type specimen book. It has survived not only five centuries, but also the leap into electronic typesetting,</p>\r\n\r\n<p>remaining essentially unchanged. It was popularised in the 1960s with the release of Letraset sheets containing</p>\r\n\r\n<p>Lorem Ipsum passages, and more recently with desktop publishing software like Aldus PageMaker including versions</p>\r\n\r\n<p>of Lorem Ipsum. Lorem Ipsum is simply dummy text of the printing and typesetting industry. Lorem Ipsum has been</p>\r\n\r\n<p>the industry&#39;s standard dummy text ever since the 1500s, when an unknown printer took a galley of type and scrambled</p>\r\n\r\n<p>it to make a type specimen book. It has survived not only five centuries, but also the leap into electronic typesetting,</p>\r\n\r\n<p>remaining essentially unchanged. It was popularised in the 1960s with the release of Letraset sheets containing</p>\r\n\r\n<p>Lorem Ipsum passages, and more recently with desktop publishing software like Aldus PageMaker including versions</p>\r\n\r\n<p>of Lorem Ipsum.</p>', 1, 6),
(19, 'Refund Policy', '<p>Lorem Ipsum is simply dummy text of the printing and typesetting industry. Lorem Ipsum has been the industry&#39;s standard dummy</p>\r\n\r\n<p>text ever since the 1500s, when an unknown printer took a galley of type and scrambled it to make a type specimen</p>\r\n\r\n<p>book. It has survived not only five centuries, but also the leap into electronic typesetting, remaining essentially</p>\r\n\r\n<p>unchanged. It was popularised in the 1960s with the release of Letraset sheets containing Lorem Ipsum passages,</p>\r\n\r\n<p>and more recently with desktop publishing software like Aldus PageMaker including versions of Lorem Ipsum. Lorem</p>\r\n\r\n<p>Ipsum is simply dummy text of the printing and typesetting industry. Lorem Ipsum has been the industry&#39;s standard</p>\r\n\r\n<p>dummy text ever since the 1500s, when an unknown printer took a galley of type and scrambled it to make a type</p>\r\n\r\n<p>specimen book. It has survived not only five centuries, but also the leap into electronic typesetting, remaining</p>\r\n\r\n<p>essentially unchanged. It was popularised in the 1960s with the release of Letraset sheets containing Lorem Ipsum</p>\r\n\r\n<p>passages, and more recently with desktop publishing software like Aldus PageMaker including versions of Lorem</p>\r\n\r\n<p>Ipsum. Lorem Ipsum is simply dummy text of the printing and typesetting industry. Lorem Ipsum has been the industry&#39;s</p>\r\n\r\n<p>standard dummy text ever since the 1500s, when an unknown printer took a galley of type and scrambled it to make</p>\r\n\r\n<p>a type specimen book. It has survived not only five centuries, but also the leap into electronic typesetting,</p>\r\n\r\n<p>remaining essentially unchanged. It was popularised in the 1960s with the release of Letraset sheets containing</p>\r\n\r\n<p>Lorem Ipsum passages, and more recently with desktop publishing software like Aldus PageMaker including versions</p>\r\n\r\n<p>of Lorem Ipsum. Lorem Ipsum is simply dummy text of the printing and typesetting industry. Lorem Ipsum has been</p>\r\n\r\n<p>the industry&#39;s standard dummy text ever since the 1500s, when an unknown printer took a galley of type and scrambled</p>\r\n\r\n<p>it to make a type specimen book. It has survived not only five centuries, but also the leap into electronic typesetting,</p>\r\n\r\n<p>remaining essentially unchanged. It was popularised in the 1960s with the release of Letraset sheets containing</p>\r\n\r\n<p>Lorem Ipsum passages, and more recently with desktop publishing software like Aldus PageMaker including versions</p>\r\n\r\n<p>of Lorem Ipsum. Lorem Ipsum is simply dummy text of the printing and typesetting industry. Lorem Ipsum has been</p>\r\n\r\n<p>the industry&#39;s standard dummy text ever since the 1500s, when an unknown printer took a galley of type and scrambled</p>\r\n\r\n<p>it to make a type specimen book. It has survived not only five centuries, but also the leap into electronic typesetting,</p>\r\n\r\n<p>remaining essentially unchanged. It was popularised in the 1960s with the release of Letraset sheets containing</p>\r\n\r\n<p>Lorem Ipsum passages, and more recently with desktop publishing software like Aldus PageMaker including versions</p>\r\n\r\n<p>of Lorem Ipsum.</p>', 1, 7),
(22, 'About Us', '<h2><strong>Lorem ipsum dolor sit amet, consectetur adipiscing elit.</strong></h2>\r\n\r\n<p><strong>Lorem ipsum dolor sit amet, consectetur adipiscing elit.</strong></p>\r\n\r\n<p>Cras non justo sed nulla finibus pulvinar sit amet et neque. Duis et odio vitae orci mattis gravida. Nullam vel tincidunt ex. Praesent vel neque egestas arcu feugiat venenatis. Donec eget dolor quis justo tempus mattis. Phasellus dictum nunc ut dapibus dictum. Etiam vel leo nulla. Ut eu mi hendrerit, eleifend lacus sed, dictum neque.</p>\r\n\r\n<p>Aliquam non convallis nibh. Donec luctus purus magna, et commodo urna fermentum sed. Cras vel ex blandit, pretium nulla id, efficitur massa. Suspendisse potenti. Maecenas vel vehicula velit. Etiam quis orci molestie, elementum nisl eget, ultricies felis. Ut condimentum quam ut mi scelerisque accumsan. Suspendisse potenti. Etiam orci purus, iaculis sit amet ornare sit amet, finibus sed ligula. Quisque et mollis libero, sit amet consectetur augue. Vestibulum posuere pellentesque enim, in facilisis diam dictum eget. Phasellus sed vestibulum urna, in aliquet felis. Vivamus quis lacus id est ornare faucibus at id nulla.</p>\r\n\r\n<h2>Class aptent taciti sociosqu ad litora torquent per conubia nostra, per inceptos himenaeos.</h2>\r\n\r\n<p>Nulla justo lectus, sollicitudin at lorem eu, sollicitudin molestie augue. Maecenas egestas facilisis dolor mattis feugiat. Donec sed orci tellus. Maecenas tortor ipsum, varius vel dolor nec, bibendum porttitor felis. Mauris rutrum tristique vehicula. Sed ullamcorper nisl non erat pharetra, sit amet mattis enim posuere. Nulla convallis fringilla tortor, at vestibulum mauris cursus eget. Ut semper sollicitudin odio, sed molestie libero luctus quis. Integer viverra rutrum diam non maximus. Maecenas pellentesque tortor et sapien fermentum laoreet non et est. Phasellus felis quam, laoreet rhoncus erat eget, tempor condimentum massa. Integer gravida turpis id suscipit bibendum. Phasellus pellentesque venenatis erat, ut maximus justo vulputate sed. Vestibulum maximus enim ligula, non suscipit lectus dignissim vel. Suspendisse eleifend lorem egestas, tristique ligula id, condimentum est.</p>\r\n\r\n<p>Mauris nulla nulla, laoreet at auctor quis, bibendum rutrum neque. Donec eu ligula mi. Nam cursus vulputate semper. Phasellus facilisis mollis tellus, interdum laoreet justo rutrum pulvinar. Praesent molestie, nibh sed ultrices porttitor, nulla tortor volutpat enim, quis auctor est sem et orci. Proin lacinia vestibulum ex ut convallis. Phasellus tempus odio purus.</p>\r\n\r\n<ul>\r\n<li>Nam lacinia urna eu arcu auctor, eget euismod metus sagittis.</li>\r\n<li>Etiam eleifend ex eu interdum varius.</li>\r\n<li>Nunc dapibus purus eu felis tincidunt, vel rhoncus erat tristique.</li>\r\n<li>Aenean nec augue sit amet lorem blandit ultrices.</li>\r\n<li>Nullam at lacus eleifend, pulvinar velit tempor, auctor nisi.</li>\r\n</ul>\r\n\r\n<p>Nunc accumsan tincidunt augue sed blandit. Duis et dignissim nisi. Phasellus sed ligula velit. Etiam rhoncus aliquet magna, nec volutpat nulla imperdiet et. Nunc vel tincidunt magna. Vestibulum lacinia odio a metus placerat maximus. Lorem ipsum dolor sit amet, consectetur adipiscing elit. Aliquam et faucibus neque. Class aptent taciti sociosqu ad litora torquent per conubia nostra, per inceptos himenaeos. Aenean et metus malesuada, ullamcorper dui vel, convallis est. Donec congue libero sed turpis porta consequat. Suspendisse potenti. Aliquam pharetra nibh in magna iaculis, non elementum ipsum luctus.</p>', 1, 8),
(23, 'cccd', '<p>ccddcdc</p>', 1, 9),
(24, 'Terms & condition', '<p><strong>Lorem Ipsum</strong>&nbsp;is simply dummy text of the printing and typesetting industry. Lorem Ipsum has been the industry&#39;s standard dummy text ever since the 1500s, when an unknown printer took a galley of type and scrambled it to make a type specimen book. It has survived not only five centuries, but also the leap into electronic typesetting, remaining essentially unchanged. It was popularised in the 1960s with the release of Letraset sheets containing Lorem Ipsum passages, and more recently with desktop publishing software like Aldus PageMaker including versions of Lorem Ipsum.</p>', 1, 10),
(25, 'Terms & condition', '<p><strong>Lorem Ipsum</strong>&nbsp;is simply dummy text of the printing and typesetting industry. Lorem Ipsum has been the industry&#39;s standard dummy text ever since the 1500s, when an unknown printer took a galley of type and scrambled it to make a type specimen book. It has survived not only five centuries, but also the leap into electronic typesetting, remaining essentially unchanged. It was popularised in the 1960s with the release of Letraset sheets containing Lorem Ipsum passages, and more recently with desktop publishing software like Aldus PageMaker including versions of Lorem Ipsum.</p>', 2, 10),
(26, 'سياسة خاصة', '', 2, 1),
(27, 'Privacy Policy', '<p>Lorem Ipsum is simply dummy text of the printing and typesetting industry. Lorem Ipsum has been the industry&#39;s standard dummy</p>\r\n\r\n<p>text ever since the 1500s, when an unknown printer took a galley of type and scrambled it to make a type specimen</p>\r\n\r\n<p>book. It has survived not only five centuries, but also the leap into electronic typesetting, remaining essentially</p>\r\n\r\n<p>unchanged. It was popularised in the 1960s with the release of Letraset sheets containing Lorem Ipsum passages,</p>\r\n\r\n<p>and more recently with desktop publishing software like Aldus PageMaker including versions of Lorem Ipsum. Lorem</p>\r\n\r\n<p>Ipsum is simply dummy text of the printing and typesetting industry. Lorem Ipsum has been the industry&#39;s standard</p>\r\n\r\n<p>dummy text ever since the 1500s, when an unknown printer took a galley of type and scrambled it to make a type</p>\r\n\r\n<p>specimen book. It has survived not only five centuries, but also the leap into electronic typesetting, remaining</p>\r\n\r\n<p>essentially unchanged. It was popularised in the 1960s with the release of Letraset sheets containing Lorem Ipsum</p>\r\n\r\n<p>passages, and more recently with desktop publishing software like Aldus PageMaker including versions of Lorem</p>\r\n\r\n<p>Ipsum. Lorem Ipsum is simply dummy text of the printing and typesetting industry. Lorem Ipsum has been the industry&#39;s</p>\r\n\r\n<p>standard dummy text ever since the 1500s, when an unknown printer took a galley of type and scrambled it to make</p>\r\n\r\n<p>a type specimen book. It has survived not only five centuries, but also the leap into electronic typesetting,</p>\r\n\r\n<p>remaining essentially unchanged. It was popularised in the 1960s with the release of Letraset sheets containing</p>\r\n\r\n<p>Lorem Ipsum passages, and more recently with desktop publishing software like Aldus PageMaker including versions</p>\r\n\r\n<p>of Lorem Ipsum. Lorem Ipsum is simply dummy text of the printing and typesetting industry. Lorem Ipsum has been</p>\r\n\r\n<p>the industry&#39;s standard dummy text ever since the 1500s, when an unknown printer took a galley of type and scrambled</p>\r\n\r\n<p>it to make a type specimen book. It has survived not only five centuries, but also the leap into electronic typesetting,</p>\r\n\r\n<p>remaining essentially unchanged. It was popularised in the 1960s with the release of Letraset sheets containing</p>\r\n\r\n<p>Lorem Ipsum passages, and more recently with desktop publishing software like Aldus PageMaker including versions</p>\r\n\r\n<p>of Lorem Ipsum. Lorem Ipsum is simply dummy text of the printing and typesetting industry. Lorem Ipsum has been</p>\r\n\r\n<p>the industry&#39;s standard dummy text ever since the 1500s, when an unknown printer took a galley of type and scrambled</p>\r\n\r\n<p>it to make a type specimen book. It has survived not only five centuries, but also the leap into electronic typesetting,</p>\r\n\r\n<p>remaining essentially unchanged. It was popularised in the 1960s with the release of Letraset sheets containing</p>\r\n\r\n<p>Lorem Ipsum passages, and more recently with desktop publishing software like Aldus PageMaker including versions</p>\r\n\r\n<p>of Lorem Ipsum.</p>', 1, 11),
(28, 'سياسة خاصة', '<p>Lorem Ipsum is simply dummy text of the printing and typesetting industry. Lorem Ipsum has been the industry&#39;s standard dummy</p>\r\n\r\n<p>text ever since the 1500s, when an unknown printer took a galley of type and scrambled it to make a type specimen</p>\r\n\r\n<p>book. It has survived not only five centuries, but also the leap into electronic typesetting, remaining essentially</p>\r\n\r\n<p>unchanged. It was popularised in the 1960s with the release of Letraset sheets containing Lorem Ipsum passages,</p>\r\n\r\n<p>and more recently with desktop publishing software like Aldus PageMaker including versions of Lorem Ipsum. Lorem</p>\r\n\r\n<p>Ipsum is simply dummy text of the printing and typesetting industry. Lorem Ipsum has been the industry&#39;s standard</p>\r\n\r\n<p>dummy text ever since the 1500s, when an unknown printer took a galley of type and scrambled it to make a type</p>\r\n\r\n<p>specimen book. It has survived not only five centuries, but also the leap into electronic typesetting, remaining</p>\r\n\r\n<p>essentially unchanged. It was popularised in the 1960s with the release of Letraset sheets containing Lorem Ipsum</p>\r\n\r\n<p>passages, and more recently with desktop publishing software like Aldus PageMaker including versions of Lorem</p>\r\n\r\n<p>Ipsum. Lorem Ipsum is simply dummy text of the printing and typesetting industry. Lorem Ipsum has been the industry&#39;s</p>\r\n\r\n<p>standard dummy text ever since the 1500s, when an unknown printer took a galley of type and scrambled it to make</p>\r\n\r\n<p>a type specimen book. It has survived not only five centuries, but also the leap into electronic typesetting,</p>\r\n\r\n<p>remaining essentially unchanged. It was popularised in the 1960s with the release of Letraset sheets containing</p>\r\n\r\n<p>Lorem Ipsum passages, and more recently with desktop publishing software like Aldus PageMaker including versions</p>\r\n\r\n<p>of Lorem Ipsum. Lorem Ipsum is simply dummy text of the printing and typesetting industry. Lorem Ipsum has been</p>\r\n\r\n<p>the industry&#39;s standard dummy text ever since the 1500s, when an unknown printer took a galley of type and scrambled</p>\r\n\r\n<p>it to make a type specimen book. It has survived not only five centuries, but also the leap into electronic typesetting,</p>\r\n\r\n<p>remaining essentially unchanged. It was popularised in the 1960s with the release of Letraset sheets containing</p>\r\n\r\n<p>Lorem Ipsum passages, and more recently with desktop publishing software like Aldus PageMaker including versions</p>\r\n\r\n<p>of Lorem Ipsum. Lorem Ipsum is simply dummy text of the printing and typesetting industry. Lorem Ipsum has been</p>\r\n\r\n<p>the industry&#39;s standard dummy text ever since the 1500s, when an unknown printer took a galley of type and scrambled</p>\r\n\r\n<p>it to make a type specimen book. It has survived not only five centuries, but also the leap into electronic typesetting,</p>\r\n\r\n<p>remaining essentially unchanged. It was popularised in the 1960s with the release of Letraset sheets containing</p>\r\n\r\n<p>Lorem Ipsum passages, and more recently with desktop publishing software like Aldus PageMaker including versions</p>\r\n\r\n<p>of Lorem Ipsum.</p>', 2, 11),
(29, 'سياسة الاسترجاع', '<p>Lorem Ipsum is simply dummy text of the printing and typesetting industry. Lorem Ipsum has been the industry&#39;s standard dummy</p>\r\n\r\n<p>text ever since the 1500s, when an unknown printer took a galley of type and scrambled it to make a type specimen</p>\r\n\r\n<p>book. It has survived not only five centuries, but also the leap into electronic typesetting, remaining essentially</p>\r\n\r\n<p>unchanged. It was popularised in the 1960s with the release of Letraset sheets containing Lorem Ipsum passages,</p>\r\n\r\n<p>and more recently with desktop publishing software like Aldus PageMaker including versions of Lorem Ipsum. Lorem</p>\r\n\r\n<p>Ipsum is simply dummy text of the printing and typesetting industry. Lorem Ipsum has been the industry&#39;s standard</p>\r\n\r\n<p>dummy text ever since the 1500s, when an unknown printer took a galley of type and scrambled it to make a type</p>\r\n\r\n<p>specimen book. It has survived not only five centuries, but also the leap into electronic typesetting, remaining</p>\r\n\r\n<p>essentially unchanged. It was popularised in the 1960s with the release of Letraset sheets containing Lorem Ipsum</p>\r\n\r\n<p>passages, and more recently with desktop publishing software like Aldus PageMaker including versions of Lorem</p>\r\n\r\n<p>Ipsum. Lorem Ipsum is simply dummy text of the printing and typesetting industry. Lorem Ipsum has been the industry&#39;s</p>\r\n\r\n<p>standard dummy text ever since the 1500s, when an unknown printer took a galley of type and scrambled it to make</p>\r\n\r\n<p>a type specimen book. It has survived not only five centuries, but also the leap into electronic typesetting,</p>\r\n\r\n<p>remaining essentially unchanged. It was popularised in the 1960s with the release of Letraset sheets containing</p>\r\n\r\n<p>Lorem Ipsum passages, and more recently with desktop publishing software like Aldus PageMaker including versions</p>\r\n\r\n<p>of Lorem Ipsum. Lorem Ipsum is simply dummy text of the printing and typesetting industry. Lorem Ipsum has been</p>\r\n\r\n<p>the industry&#39;s standard dummy text ever since the 1500s, when an unknown printer took a galley of type and scrambled</p>\r\n\r\n<p>it to make a type specimen book. It has survived not only five centuries, but also the leap into electronic typesetting,</p>\r\n\r\n<p>remaining essentially unchanged. It was popularised in the 1960s with the release of Letraset sheets containing</p>\r\n\r\n<p>Lorem Ipsum passages, and more recently with desktop publishing software like Aldus PageMaker including versions</p>\r\n\r\n<p>of Lorem Ipsum. Lorem Ipsum is simply dummy text of the printing and typesetting industry. Lorem Ipsum has been</p>\r\n\r\n<p>the industry&#39;s standard dummy text ever since the 1500s, when an unknown printer took a galley of type and scrambled</p>\r\n\r\n<p>it to make a type specimen book. It has survived not only five centuries, but also the leap into electronic typesetting,</p>\r\n\r\n<p>remaining essentially unchanged. It was popularised in the 1960s with the release of Letraset sheets containing</p>\r\n\r\n<p>Lorem Ipsum passages, and more recently with desktop publishing software like Aldus PageMaker including versions</p>\r\n\r\n<p>of Lorem Ipsum.</p>', 2, 3),
(30, 'Refund Policy', '<p>Lorem Ipsum is simply dummy text of the printing and typesetting industry. Lorem Ipsum has been the industry&#39;s standard dummy</p>\r\n\r\n<p>text ever since the 1500s, when an unknown printer took a galley of type and scrambled it to make a type specimen</p>\r\n\r\n<p>book. It has survived not only five centuries, but also the leap into electronic typesetting, remaining essentially</p>\r\n\r\n<p>unchanged. It was popularised in the 1960s with the release of Letraset sheets containing Lorem Ipsum passages,</p>\r\n\r\n<p>and more recently with desktop publishing software like Aldus PageMaker including versions of Lorem Ipsum. Lorem</p>\r\n\r\n<p>Ipsum is simply dummy text of the printing and typesetting industry. Lorem Ipsum has been the industry&#39;s standard</p>\r\n\r\n<p>dummy text ever since the 1500s, when an unknown printer took a galley of type and scrambled it to make a type</p>\r\n\r\n<p>specimen book. It has survived not only five centuries, but also the leap into electronic typesetting, remaining</p>\r\n\r\n<p>essentially unchanged. It was popularised in the 1960s with the release of Letraset sheets containing Lorem Ipsum</p>\r\n\r\n<p>passages, and more recently with desktop publishing software like Aldus PageMaker including versions of Lorem</p>\r\n\r\n<p>Ipsum. Lorem Ipsum is simply dummy text of the printing and typesetting industry. Lorem Ipsum has been the industry&#39;s</p>\r\n\r\n<p>standard dummy text ever since the 1500s, when an unknown printer took a galley of type and scrambled it to make</p>\r\n\r\n<p>a type specimen book. It has survived not only five centuries, but also the leap into electronic typesetting,</p>\r\n\r\n<p>remaining essentially unchanged. It was popularised in the 1960s with the release of Letraset sheets containing</p>\r\n\r\n<p>Lorem Ipsum passages, and more recently with desktop publishing software like Aldus PageMaker including versions</p>\r\n\r\n<p>of Lorem Ipsum. Lorem Ipsum is simply dummy text of the printing and typesetting industry. Lorem Ipsum has been</p>\r\n\r\n<p>the industry&#39;s standard dummy text ever since the 1500s, when an unknown printer took a galley of type and scrambled</p>\r\n\r\n<p>it to make a type specimen book. It has survived not only five centuries, but also the leap into electronic typesetting,</p>\r\n\r\n<p>remaining essentially unchanged. It was popularised in the 1960s with the release of Letraset sheets containing</p>\r\n\r\n<p>Lorem Ipsum passages, and more recently with desktop publishing software like Aldus PageMaker including versions</p>\r\n\r\n<p>of Lorem Ipsum. Lorem Ipsum is simply dummy text of the printing and typesetting industry. Lorem Ipsum has been</p>\r\n\r\n<p>the industry&#39;s standard dummy text ever since the 1500s, when an unknown printer took a galley of type and scrambled</p>\r\n\r\n<p>it to make a type specimen book. It has survived not only five centuries, but also the leap into electronic typesetting,</p>\r\n\r\n<p>remaining essentially unchanged. It was popularised in the 1960s with the release of Letraset sheets containing</p>\r\n\r\n<p>Lorem Ipsum passages, and more recently with desktop publishing software like Aldus PageMaker including versions</p>\r\n\r\n<p>of Lorem Ipsum.</p>', 1, 12),
(31, 'سياسة الاسترجاع', '<p>Lorem Ipsum is simply dummy text of the printing and typesetting industry. Lorem Ipsum has been the industry&#39;s standard dummy</p>\r\n\r\n<p>text ever since the 1500s, when an unknown printer took a galley of type and scrambled it to make a type specimen</p>\r\n\r\n<p>book. It has survived not only five centuries, but also the leap into electronic typesetting, remaining essentially</p>\r\n\r\n<p>unchanged. It was popularised in the 1960s with the release of Letraset sheets containing Lorem Ipsum passages,</p>\r\n\r\n<p>and more recently with desktop publishing software like Aldus PageMaker including versions of Lorem Ipsum. Lorem</p>\r\n\r\n<p>Ipsum is simply dummy text of the printing and typesetting industry. Lorem Ipsum has been the industry&#39;s standard</p>\r\n\r\n<p>dummy text ever since the 1500s, when an unknown printer took a galley of type and scrambled it to make a type</p>\r\n\r\n<p>specimen book. It has survived not only five centuries, but also the leap into electronic typesetting, remaining</p>\r\n\r\n<p>essentially unchanged. It was popularised in the 1960s with the release of Letraset sheets containing Lorem Ipsum</p>\r\n\r\n<p>passages, and more recently with desktop publishing software like Aldus PageMaker including versions of Lorem</p>\r\n\r\n<p>Ipsum. Lorem Ipsum is simply dummy text of the printing and typesetting industry. Lorem Ipsum has been the industry&#39;s</p>\r\n\r\n<p>standard dummy text ever since the 1500s, when an unknown printer took a galley of type and scrambled it to make</p>\r\n\r\n<p>a type specimen book. It has survived not only five centuries, but also the leap into electronic typesetting,</p>\r\n\r\n<p>remaining essentially unchanged. It was popularised in the 1960s with the release of Letraset sheets containing</p>\r\n\r\n<p>Lorem Ipsum passages, and more recently with desktop publishing software like Aldus PageMaker including versions</p>\r\n\r\n<p>of Lorem Ipsum. Lorem Ipsum is simply dummy text of the printing and typesetting industry. Lorem Ipsum has been</p>\r\n\r\n<p>the industry&#39;s standard dummy text ever since the 1500s, when an unknown printer took a galley of type and scrambled</p>\r\n\r\n<p>it to make a type specimen book. It has survived not only five centuries, but also the leap into electronic typesetting,</p>\r\n\r\n<p>remaining essentially unchanged. It was popularised in the 1960s with the release of Letraset sheets containing</p>\r\n\r\n<p>Lorem Ipsum passages, and more recently with desktop publishing software like Aldus PageMaker including versions</p>\r\n\r\n<p>of Lorem Ipsum. Lorem Ipsum is simply dummy text of the printing and typesetting industry. Lorem Ipsum has been</p>\r\n\r\n<p>the industry&#39;s standard dummy text ever since the 1500s, when an unknown printer took a galley of type and scrambled</p>\r\n\r\n<p>it to make a type specimen book. It has survived not only five centuries, but also the leap into electronic typesetting,</p>\r\n\r\n<p>remaining essentially unchanged. It was popularised in the 1960s with the release of Letraset sheets containing</p>\r\n\r\n<p>Lorem Ipsum passages, and more recently with desktop publishing software like Aldus PageMaker including versions</p>\r\n\r\n<p>of Lorem Ipsum.</p>', 2, 12),
(32, 'About Us', '<p>Lorem Ipsum is simply dummy text of the printing and typesetting industry. Lorem Ipsum has been the industry&#39;s standard dummy</p>\r\n\r\n<p>text ever since the 1500s, when an unknown printer took a galley of type and scrambled it to make a type specimen</p>\r\n\r\n<p>book. It has survived not only five centuries, but also the leap into electronic typesetting, remaining essentially</p>\r\n\r\n<p>unchanged. It was popularised in the 1960s with the release of Letraset sheets containing Lorem Ipsum passages,</p>\r\n\r\n<p>and more recently with desktop publishing software like Aldus PageMaker including versions of Lorem Ipsum. Lorem</p>\r\n\r\n<p>Ipsum is simply dummy text of the printing and typesetting industry. Lorem Ipsum has been the industry&#39;s standard</p>\r\n\r\n<p>dummy text ever since the 1500s, when an unknown printer took a galley of type and scrambled it to make a type</p>\r\n\r\n<p>specimen book. It has survived not only five centuries, but also the leap into electronic typesetting, remaining</p>\r\n\r\n<p>essentially unchanged. It was popularised in the 1960s with the release of Letraset sheets containing Lorem Ipsum</p>\r\n\r\n<p>passages, and more recently with desktop publishing software like Aldus PageMaker including versions of Lorem</p>\r\n\r\n<p>Ipsum. Lorem Ipsum is simply dummy text of the printing and typesetting industry. Lorem Ipsum has been the industry&#39;s</p>\r\n\r\n<p>standard dummy text ever since the 1500s, when an unknown printer took a galley of type and scrambled it to make</p>\r\n\r\n<p>a type specimen book. It has survived not only five centuries, but also the leap into electronic typesetting,</p>\r\n\r\n<p>remaining essentially unchanged. It was popularised in the 1960s with the release of Letraset sheets containing</p>\r\n\r\n<p>Lorem Ipsum passages, and more recently with desktop publishing software like Aldus PageMaker including versions</p>\r\n\r\n<p>of Lorem Ipsum. Lorem Ipsum is simply dummy text of the printing and typesetting industry. Lorem Ipsum has been</p>\r\n\r\n<p>the industry&#39;s standard dummy text ever since the 1500s, when an unknown printer took a galley of type and scrambled</p>\r\n\r\n<p>it to make a type specimen book. It has survived not only five centuries, but also the leap into electronic typesetting,</p>\r\n\r\n<p>remaining essentially unchanged. It was popularised in the 1960s with the release of Letraset sheets containing</p>\r\n\r\n<p>Lorem Ipsum passages, and more recently with desktop publishing software like Aldus PageMaker including versions</p>\r\n\r\n<p>of Lorem Ipsum. Lorem Ipsum is simply dummy text of the printing and typesetting industry. Lorem Ipsum has been</p>\r\n\r\n<p>the industry&#39;s standard dummy text ever since the 1500s, when an unknown printer took a galley of type and scrambled</p>\r\n\r\n<p>it to make a type specimen book. It has survived not only five centuries, but also the leap into electronic typesetting,</p>\r\n\r\n<p>remaining essentially unchanged. It was popularised in the 1960s with the release of Letraset sheets containing</p>\r\n\r\n<p>Lorem Ipsum passages, and more recently with desktop publishing software like Aldus PageMaker including versions</p>\r\n\r\n<p>of Lorem Ipsum.</p>', 1, 13);
INSERT INTO `pages_description` (`page_description_id`, `name`, `description`, `language_id`, `page_id`) VALUES
(33, 'معلومات عنا', '<p>Lorem Ipsum is simply dummy text of the printing and typesetting industry. Lorem Ipsum has been the industry&#39;s standard dummy</p>\r\n\r\n<p>text ever since the 1500s, when an unknown printer took a galley of type and scrambled it to make a type specimen</p>\r\n\r\n<p>book. It has survived not only five centuries, but also the leap into electronic typesetting, remaining essentially</p>\r\n\r\n<p>unchanged. It was popularised in the 1960s with the release of Letraset sheets containing Lorem Ipsum passages,</p>\r\n\r\n<p>and more recently with desktop publishing software like Aldus PageMaker including versions of Lorem Ipsum. Lorem</p>\r\n\r\n<p>Ipsum is simply dummy text of the printing and typesetting industry. Lorem Ipsum has been the industry&#39;s standard</p>\r\n\r\n<p>dummy text ever since the 1500s, when an unknown printer took a galley of type and scrambled it to make a type</p>\r\n\r\n<p>specimen book. It has survived not only five centuries, but also the leap into electronic typesetting, remaining</p>\r\n\r\n<p>essentially unchanged. It was popularised in the 1960s with the release of Letraset sheets containing Lorem Ipsum</p>\r\n\r\n<p>passages, and more recently with desktop publishing software like Aldus PageMaker including versions of Lorem</p>\r\n\r\n<p>Ipsum. Lorem Ipsum is simply dummy text of the printing and typesetting industry. Lorem Ipsum has been the industry&#39;s</p>\r\n\r\n<p>standard dummy text ever since the 1500s, when an unknown printer took a galley of type and scrambled it to make</p>\r\n\r\n<p>a type specimen book. It has survived not only five centuries, but also the leap into electronic typesetting,</p>\r\n\r\n<p>remaining essentially unchanged. It was popularised in the 1960s with the release of Letraset sheets containing</p>\r\n\r\n<p>Lorem Ipsum passages, and more recently with desktop publishing software like Aldus PageMaker including versions</p>\r\n\r\n<p>of Lorem Ipsum. Lorem Ipsum is simply dummy text of the printing and typesetting industry. Lorem Ipsum has been</p>\r\n\r\n<p>the industry&#39;s standard dummy text ever since the 1500s, when an unknown printer took a galley of type and scrambled</p>\r\n\r\n<p>it to make a type specimen book. It has survived not only five centuries, but also the leap into electronic typesetting,</p>\r\n\r\n<p>remaining essentially unchanged. It was popularised in the 1960s with the release of Letraset sheets containing</p>\r\n\r\n<p>Lorem Ipsum passages, and more recently with desktop publishing software like Aldus PageMaker including versions</p>\r\n\r\n<p>of Lorem Ipsum. Lorem Ipsum is simply dummy text of the printing and typesetting industry. Lorem Ipsum has been</p>\r\n\r\n<p>the industry&#39;s standard dummy text ever since the 1500s, when an unknown printer took a galley of type and scrambled</p>\r\n\r\n<p>it to make a type specimen book. It has survived not only five centuries, but also the leap into electronic typesetting,</p>\r\n\r\n<p>remaining essentially unchanged. It was popularised in the 1960s with the release of Letraset sheets containing</p>\r\n\r\n<p>Lorem Ipsum passages, and more recently with desktop publishing software like Aldus PageMaker including versions</p>\r\n\r\n<p>of Lorem Ipsum.</p>', 2, 13);

--
-- Truncate table before insert `payment_description`
--

TRUNCATE TABLE `payment_description`;
--
-- Dumping data for table `payment_description`
--

INSERT INTO `payment_description` (`id`, `payment_methods_id`, `name`, `language_id`, `sub_name_1`, `sub_name_2`) VALUES
(1, 1, 'Braintree', 1, 'Credit Card', 'Paypal'),
(4, 2, 'Stripe', 1, '', ''),
(5, 3, 'Paypal', 1, '', ''),
(6, 4, 'Cash on Delivery', 1, '', ''),
(7, 5, 'Instamojo', 1, '', ''),
(8, 0, 'Cybersoure', 1, '', ''),
(9, 6, 'Hyperpay', 1, '', ''),
(10, 7, 'Razor Pay', 1, '', ''),
(11, 8, 'PayTm', 1, '', ''),
(12, 9, 'Direct Bank Transfer', 1, 'Make your payment directly into our bank account. Please use your Order ID as the payment reference.', ''),
(13, 10, 'Paystack', 1, '', ''),
(14, 11, 'Midtrans', 1, '', ''),
(15, 1, 'Braintree', 2, '', '');

--
-- Truncate table before insert `payment_methods`
--

TRUNCATE TABLE `payment_methods`;
--
-- Dumping data for table `payment_methods`
--

INSERT INTO `payment_methods` (`payment_methods_id`, `payment_method`, `status`, `environment`, `created_at`, `updated_at`) VALUES
(1, 'braintree', 1, 0, '2019-09-18 16:40:13', '0000-00-00 00:00:00'),
(2, 'stripe', 1, 0, '2019-09-18 16:56:17', '0000-00-00 00:00:00'),
(3, 'paypal', 1, 0, '2019-09-18 16:56:04', '0000-00-00 00:00:00'),
(4, 'cash_on_delivery', 1, 0, '2019-09-18 16:56:37', '0000-00-00 00:00:00'),
(5, 'instamojo', 1, 0, '2019-09-18 16:57:23', '0000-00-00 00:00:00'),
(6, 'hyperpay', 1, 0, '2019-09-18 16:56:44', '0000-00-00 00:00:00'),
(7, 'razor_pay', 1, 0, '2019-09-18 11:56:44', '0000-00-00 00:00:00'),
(8, 'pay_tm', 1, 0, '2019-09-18 11:56:44', '0000-00-00 00:00:00'),
(9, 'banktransfer', 0, 0, '2020-04-27 21:26:16', '2020-04-27 21:26:16'),
(10, 'paystack', 0, 0, '2020-04-27 21:26:16', '2020-04-27 21:26:16'),
(11, 'midtrans', 1, 0, '2020-04-27 21:26:16', '2020-04-27 21:26:16');

--
-- Truncate table before insert `payment_methods_detail`
--

TRUNCATE TABLE `payment_methods_detail`;
--
-- Dumping data for table `payment_methods_detail`
--

INSERT INTO `payment_methods_detail` (`id`, `payment_methods_id`, `key`, `value`) VALUES
(3, 1, 'merchant_id', '75mbjj9hs4jpm59y'),
(4, 1, 'public_key', 'vjg862wzypkfbbd9'),
(5, 1, 'private_key', '456723ce8d6dcba371f8151852d2d64b'),
(9, 2, 'secret_key', 'sk_test_Gsz7jL4wRikI8YFaNzbwxKOF'),
(10, 2, 'publishable_key', 'pk_test_cCAEC6EejawuAvsvR9bhKrGR'),
(15, 3, 'id', 'AULJ0Q_kdXwEbi7PCBunUBJc4Kkg2vvdazF8kJoywAV9_i7iJMQphB9NLwdR0v2BAUlLF974iTrynbys'),
(18, 3, 'payment_currency', 'USD'),
(21, 5, 'api_key', 'c5a348bd5fcb4c866074c48e9c77c6c4'),
(22, 5, 'auth_token', '99448897defb4423b921fe47e0851b86'),
(23, 5, 'client_id', 'test_9l7MW8I7c2bwIw7q0koc6B1j5NrvzyhasQh'),
(24, 5, 'client_secret', 'test_m9Ey3Jqp9AfmyWKmUMktt4K3g1uMIdapledVRRYJha7WinxOsBVV5900QMlwvv3l2zRmzcYDEOKPh1cvnVedkAKtHOFFpJbqcoNCNrjx1FtZhtDMkEJFv9MJuXD'),
(32, 6, 'userid', '8a82941865340dc8016537cdac1e0841'),
(33, 6, 'password', 'sXrYy8pnsf'),
(34, 6, 'entityid', '8a82941865340dc8016537ce08db0845'),
(35, 7, 'RAZORPAY_KEY', 'rzp_test_izyMwtDZYAQeSA'),
(36, 7, 'RAZORPAY_SECRET', 'LBIgacPG7Da6mdOARfig205j'),
(37, 8, 'paytm_mid', 'QROqBU67944622696360'),
(39, 8, 'paytm_key', 'w#5bJEFYV5EU4vnP'),
(40, 8, 'current_domain_name', 'http://localhost:8000'),
(41, 9, 'account_name', ''),
(42, 9, 'account_number', ''),
(43, 9, 'bank_name', ''),
(44, 9, 'short_code', ''),
(45, 9, 'iban', ''),
(46, 9, 'swift', ''),
(47, 10, 'secret_key', ''),
(48, 10, 'public_key', ''),
(49, 10, 'paystack_callback_url', '/paystack/verify/transaction'),
(50, 11, 'merchant_id', ''),
(51, 11, 'server_key', ''),
(52, 11, 'client_key', '');

--
-- Truncate table before insert `permissions`
--

TRUNCATE TABLE `permissions`;
--
-- Truncate table before insert `products`
--

TRUNCATE TABLE `products`;
--
-- Dumping data for table `products`
--

INSERT INTO `products` (`products_id`, `products_quantity`, `products_model`, `products_image`, `products_video_link`, `products_price`, `products_date_added`, `products_last_modified`, `products_date_available`, `products_weight`, `products_weight_unit`, `products_status`, `is_current`, `products_tax_class_id`, `manufacturers_id`, `products_ordered`, `products_liked`, `low_limit`, `is_feature`, `products_slug`, `products_type`, `products_min_order`, `products_max_stock`, `created_at`, `updated_at`) VALUES
(1, -3, NULL, '132', NULL, 10.00, '0000-00-00 00:00:00', NULL, NULL, '0.250', 'Kilogram', 1, 1, 1, NULL, 30, 8, 0, 0, 'coca-cola-soda', 0, 1, NULL, '2019-11-27 01:34:16', '2020-06-05 11:33:17'),
(2, -2, NULL, '133', NULL, 8.00, '0000-00-00 00:00:00', NULL, NULL, '250', 'Gram', 1, 1, 0, NULL, 8, 4, 0, 0, 'gold-peak-sweet-tea', 0, 1, NULL, '2019-11-27 01:36:24', '2019-11-27 01:37:23'),
(3, -1, NULL, '135', NULL, 15.00, '0000-00-00 00:00:00', NULL, NULL, '500', 'Gram', 1, 1, 0, NULL, 4, 7, 0, 0, 'great-value-100-apple-juice', 0, 1, NULL, '2019-11-27 01:39:06', NULL),
(4, -4, NULL, '134', NULL, 25.00, '0000-00-00 00:00:00', NULL, NULL, '1000', 'Gram', 1, 1, 0, NULL, 16, 13, 0, 0, 'milk-chocolate-hot-cocoa-mix', 0, 1, NULL, '2019-11-27 01:41:05', NULL),
(5, -2, NULL, '136', NULL, 30.00, '0000-00-00 00:00:00', NULL, NULL, '1000', 'Gram', 1, 1, 0, NULL, 16, 4, 0, 0, 'roast-ground-coffee', 0, 1, NULL, '2019-11-27 01:42:48', NULL),
(6, -1, NULL, '138', NULL, 18.00, '0000-00-00 00:00:00', NULL, NULL, '200', 'Gram', 1, 1, 0, NULL, 1, 0, 0, 0, 'blueberry-soft-chewy-pre-sliced-bagels', 0, 1, NULL, '2019-11-27 01:47:25', NULL),
(7, -3, NULL, '137', NULL, 21.00, '0000-00-00 00:00:00', NULL, NULL, '250', 'Gram', 1, 1, 0, NULL, 5, 7, 0, 0, 'coffee-mate-sugar-free', 0, 1, NULL, '2019-11-27 01:50:32', NULL),
(8, -2, NULL, '140', NULL, 14.00, '0000-00-00 00:00:00', NULL, NULL, '250', 'Gram', 1, 1, 0, NULL, 3, 1, 0, 0, 'frigo-cheese-heads', 0, 1, NULL, '2019-11-27 01:52:14', NULL),
(9, -1, NULL, '139', NULL, 30.00, '0000-00-00 00:00:00', NULL, NULL, '1000', 'Gram', 1, 1, 0, NULL, 10, 3, 0, 0, 'lowfat-vanilla-yogurt', 0, 1, NULL, '2019-11-27 01:53:37', NULL),
(10, -1, NULL, '141', NULL, 22.00, '0000-00-00 00:00:00', NULL, NULL, '500', 'Gram', 1, 1, 0, NULL, 8, 1, 0, 0, 'marketside-large-brown-eggs', 0, 1, NULL, '2019-11-27 01:55:50', NULL),
(11, -2, NULL, '143', NULL, 11.00, '0000-00-00 00:00:00', NULL, NULL, '500', 'Gram', 1, 1, 0, NULL, 6, 2, 0, 0, 'black-plums', 0, 1, NULL, '2019-11-27 02:00:10', NULL),
(12, -1, NULL, '144', NULL, 9.00, '0000-00-00 00:00:00', NULL, NULL, '500', 'Gram', 1, 1, 0, NULL, 1, 2, 0, 0, 'broccoli-crowns', 0, 1, NULL, '2019-11-28 12:28:40', NULL),
(13, -1, NULL, '145', NULL, 16.00, '0000-00-00 00:00:00', NULL, NULL, '500', 'Gram', 1, 1, 0, NULL, 1, 0, 0, 0, 'cucumber', 0, 1, NULL, '2019-11-28 12:35:50', NULL),
(14, 0, NULL, '146', NULL, 19.00, '0000-00-00 00:00:00', NULL, NULL, '500', 'Gram', 1, 1, 0, NULL, 0, 0, 0, 0, 'gala-apples', 0, 1, NULL, '2019-11-28 12:47:15', NULL),
(15, 0, NULL, '147', NULL, 17.00, '0000-00-00 00:00:00', NULL, NULL, '500', 'Gram', 1, 1, 0, NULL, 1, 0, 0, 0, 'garlic-bundle', 0, 1, NULL, '2019-11-28 12:51:20', NULL),
(16, 0, NULL, '148', NULL, 12.00, '0000-00-00 00:00:00', NULL, NULL, '500', 'Gram', 1, 1, 0, NULL, 0, 0, 0, 0, 'green-seedless-grapes', 0, 1, NULL, '2019-11-28 01:10:10', NULL),
(17, 0, NULL, '149', NULL, 13.00, '0000-00-00 00:00:00', NULL, NULL, '500', 'Gram', 1, 1, 0, NULL, 0, -1, 0, 0, 'iceberg-lettuce', 0, 1, NULL, '2019-11-28 01:16:40', NULL),
(18, 0, NULL, '150', NULL, 23.00, '0000-00-00 00:00:00', NULL, NULL, '1000', 'Gram', 1, 1, 0, NULL, 2, 1, 0, 0, 'navel-oranges', 0, 1, NULL, '2019-11-28 01:18:23', NULL),
(19, 0, NULL, '151', NULL, 22.00, '0000-00-00 00:00:00', NULL, NULL, '1000', 'Gram', 1, 1, 0, NULL, 11, 3, 0, 0, 'organic-bananas-bunch', 0, 1, NULL, '2019-11-28 01:20:32', NULL),
(20, 0, NULL, '152', NULL, 17.00, '0000-00-00 00:00:00', NULL, NULL, '1000', 'Gram', 1, 1, 0, NULL, 2, 1, 0, 0, 'organic-strawberries', 0, 1, NULL, '2019-11-28 01:26:22', '2019-11-28 01:28:05'),
(21, 0, NULL, '153', NULL, 19.00, '0000-00-00 00:00:00', NULL, NULL, '1000', 'Gram', 1, 1, 0, NULL, 5, 0, 0, 0, 'red-bell-pepper', 0, 1, NULL, '2019-11-28 01:35:53', NULL),
(22, 0, NULL, '154', NULL, 26.00, '0000-00-00 00:00:00', NULL, NULL, '1000', 'Gram', 1, 1, 0, NULL, 23, 2, 0, 0, 'red-onion', 0, 1, NULL, '2019-11-28 01:44:20', NULL),
(23, 0, NULL, '155', NULL, 23.00, '0000-00-00 00:00:00', NULL, NULL, '1000', 'Gram', 1, 1, 0, NULL, 36, 9, 0, 0, 'roma-tomatoes', 0, 1, NULL, '2019-11-28 01:47:34', NULL),
(24, -1, NULL, '156', NULL, 35.00, '0000-00-00 00:00:00', NULL, NULL, '1000', 'Gram', 1, 1, 0, NULL, 4, 12, 0, 0, 'beef-stew-meat', 0, 1, NULL, '2019-11-28 01:52:09', NULL),
(25, -3, NULL, '157', NULL, 31.00, '0000-00-00 00:00:00', NULL, NULL, '1000', 'Gram', 1, 1, 0, NULL, 11, 10, 0, 0, 'cooked-peeled', 0, 1, NULL, '2019-11-28 01:57:44', NULL),
(26, 0, NULL, '158', NULL, 38.00, '0000-00-00 00:00:00', NULL, NULL, '1000', 'Gram', 1, 1, 0, NULL, 3, -1, 0, 0, 'economy-chicken-drumsticks', 0, 1, NULL, '2019-11-29 10:40:29', NULL),
(27, 0, NULL, '160', NULL, 32.00, '0000-00-00 00:00:00', NULL, NULL, '1000', 'Gram', 1, 1, 0, NULL, 6, 0, 0, 0, 'peeled-deveined-tail', 0, 1, NULL, '2019-12-02 08:27:30', NULL),
(28, 0, NULL, '161', NULL, 33.00, '0000-00-00 00:00:00', NULL, NULL, '1000', 'Gram', 1, 1, 0, NULL, 8, 1, 0, 0, 'trout-fillets', 0, 1, NULL, '2019-12-02 08:29:15', NULL),
(29, -1, NULL, '163', NULL, 20.00, '0000-00-00 00:00:00', NULL, NULL, '500', 'Gram', 1, 1, 0, NULL, 1, 2, 0, 0, 'cheese-tortilla-chips', 0, 1, NULL, '2019-12-02 08:36:17', NULL),
(30, -3, NULL, '164', NULL, 24.00, '0000-00-00 00:00:00', NULL, NULL, '500', 'Gram', 1, 1, 0, NULL, 3, 2, 0, 0, 'ginger-root', 0, 1, NULL, '2019-12-02 08:41:00', NULL),
(31, 0, NULL, '165', NULL, 26.00, '0000-00-00 00:00:00', NULL, NULL, '500', 'Gram', 1, 1, 0, NULL, 0, 0, 0, 0, 'kit-kat-white-creme-wafer', 0, 1, NULL, '2019-12-02 08:45:47', NULL),
(32, 0, NULL, '166', NULL, 27.00, '0000-00-00 00:00:00', NULL, NULL, '500', 'Gram', 1, 1, 0, NULL, 0, 0, 0, 0, 'milk-chocolate-candies', 0, 1, NULL, '2019-12-02 08:49:38', NULL),
(33, 0, NULL, '167', NULL, 28.00, '0000-00-00 00:00:00', NULL, NULL, '500', 'Gram', 1, 1, 0, NULL, 0, 5, 0, 0, 'naked-pita-chips', 0, 1, NULL, '2019-12-02 08:53:39', NULL),
(34, 0, NULL, '168', NULL, 29.00, '0000-00-00 00:00:00', NULL, NULL, '500', 'Gram', 1, 1, 0, NULL, 1, 1, 0, 0, 'mixed-berry-fruity-snacks-pouches', 0, 1, NULL, '2019-12-02 08:59:23', NULL),
(35, 0, NULL, '169', NULL, 30.00, '0000-00-00 00:00:00', NULL, NULL, '500', 'Gram', 1, 1, 0, NULL, 1, 1, 0, 0, 'party-size-crackers', 0, 1, NULL, '2019-12-02 09:01:56', NULL),
(36, 0, NULL, '170', NULL, 32.00, '0000-00-00 00:00:00', NULL, NULL, '500', 'Gram', 1, 1, 0, NULL, 2, -1, 0, 0, 'pillsbury-cinnamon-rolls', 0, 1, NULL, '2019-12-02 09:09:20', NULL),
(37, 0, NULL, '121', NULL, 123.00, '0000-00-00 00:00:00', NULL, NULL, '500', 'Gram', 1, 1, 2, NULL, 1, 2, 0, 0, 'up-coming', 0, 1, NULL, '2019-12-02 11:36:36', '2020-06-05 11:40:14'),
(38, 0, NULL, '211', NULL, 35.00, '0000-00-00 00:00:00', NULL, NULL, '1000', 'Gram', 1, 1, 0, NULL, 0, -1, 0, 0, 'flower-mushroom', 0, 1, NULL, '2020-04-28 03:22:37', NULL),
(39, 0, NULL, '215', NULL, 49.00, '0000-00-00 00:00:00', NULL, NULL, '1000', 'Gram', 1, 1, 0, NULL, 0, -3, 0, 0, 'jambul', 0, 1, NULL, '2020-04-28 03:26:20', NULL),
(40, 0, NULL, '217', NULL, 52.00, '0000-00-00 00:00:00', NULL, NULL, '1000', 'Gram', 1, 1, 0, NULL, 0, 1, 0, 0, 'plum', 0, 1, NULL, '2020-04-28 03:28:09', NULL),
(41, 0, NULL, '220', NULL, 26.00, '0000-00-00 00:00:00', NULL, NULL, '1000', 'Gram', 1, 1, 0, NULL, 0, 0, 0, 0, 'coriander', 0, 1, NULL, '2020-04-28 03:38:08', NULL),
(42, 0, NULL, '224', NULL, 33.00, '0000-00-00 00:00:00', NULL, NULL, '1000', 'Gram', 1, 1, 0, NULL, 0, -2, 0, 0, 'brown-rice', 0, 1, NULL, '2020-04-28 03:41:44', NULL),
(43, 0, NULL, '227', NULL, 19.00, '0000-00-00 00:00:00', NULL, NULL, '1000', 'Gram', 1, 1, 0, NULL, 0, 1, 0, 0, 'cherry', 0, 1, NULL, '2020-04-28 03:43:34', NULL),
(44, 0, NULL, '230', NULL, 36.00, '0000-00-00 00:00:00', NULL, NULL, '1000', 'Gram', 1, 1, 0, NULL, 0, 4, 0, 0, 'horse-gram', 0, 1, NULL, '2020-04-28 03:46:09', NULL),
(45, 0, NULL, '232', NULL, 44.00, '0000-00-00 00:00:00', NULL, NULL, '1000', 'Gram', 1, 1, 0, NULL, 0, 0, 0, 0, 'oat-flakes', 0, 1, NULL, '2020-04-28 03:47:46', NULL),
(46, 0, NULL, '235', NULL, 51.00, '0000-00-00 00:00:00', NULL, NULL, '1000', 'Gram', 1, 1, 0, NULL, 0, 0, 0, 0, 'wheat', 0, 1, NULL, '2020-04-28 03:49:33', NULL),
(47, 0, NULL, '238', NULL, 33.00, '0000-00-00 00:00:00', NULL, NULL, '1000', 'Gram', 1, 1, 0, NULL, 0, 4, 0, 0, 'brown-onion', 0, 1, NULL, '2020-04-28 03:52:06', NULL),
(48, 0, NULL, '242', NULL, 41.00, '0000-00-00 00:00:00', NULL, NULL, '1000', 'Gram', 1, 1, 0, NULL, 0, 1, 0, 0, 'brussels', 0, 1, NULL, '2020-04-28 03:53:29', NULL),
(49, 0, NULL, '244', NULL, 32.00, '0000-00-00 00:00:00', NULL, NULL, '1000', 'Gram', 1, 1, 0, NULL, 0, 0, 0, 0, 'fresh-pea-sprouts', 0, 1, NULL, '2020-04-28 03:54:46', NULL),
(50, 0, NULL, '247', NULL, 22.00, '0000-00-00 00:00:00', NULL, NULL, '1000', 'Gram', 1, 1, 0, NULL, 0, 6, 0, 0, 'lettuce', 0, 1, NULL, '2020-04-28 03:56:10', NULL);

--
-- Truncate table before insert `products_attributes`
--

TRUNCATE TABLE `products_attributes`;
--
-- Truncate table before insert `products_description`
--

TRUNCATE TABLE `products_description`;
--
-- Dumping data for table `products_description`
--

INSERT INTO `products_description` (`id`, `products_id`, `language_id`, `products_name`, `products_description`, `products_url`, `products_viewed`, `products_left_banner`, `products_left_banner_start_date`, `products_left_banner_expire_date`, `products_right_banner`, `products_right_banner_start_date`, `products_right_banner_expire_date`) VALUES
(1, 1, 1, 'Coca-Cola Soda', '<p>Lorem ipsum dolor sit amet, consectetur adipiscing elit, sed do eiusmod tempor incididunt ut labore et dolore magna aliqua. Ut enim ad minim veniam, quis nostrud exercitation ullamco laboris nisi ut aliquip ex ea commodo consequat. Duis aute irure dolor in reprehenderit in voluptate velit esse cillum dolore eu fugiat nulla pariatur. Excepteur sint occaecat cupidatat non proident, sunt in culpa qui officia deserunt mollit anim id est laborum.</p>', NULL, 0, NULL, 0, 0, NULL, 0, 0),
(2, 1, 2, 'كوكاكولا الصودا', '<p>لكن لا بد أن أوضح لك أن كل هذه الأفكار المغلوطة حول استنكار &nbsp;النشوة وتمجيد الألم نشأت بالفعل، وسأعرض لك التفاصيل لتكتشف حقيقة وأساس تلك السعادة البشرية، فلا أحد يرفض أو يكره أو يتجنب الشعور بالسعادة، ولكن بفضل هؤلاء الأشخاص الذين لا يدركون بأن السعادة لا بد أن نستشعرها بصورة أكثر عقلانية ومنطقية فيعرضهم هذا لمواجهة الظروف الأليمة، وأكرر بأنه لا يوجد من يرغب في الحب ونيل المنال ويتلذذ بالآلام، الألم هو الألم ولكن نتيجة لظروف ما قد تكمن السعاده فيما نتحمله من كد وأسي.</p>\r\n\r\n<p>و سأعرض مثال حي لهذا، من منا لم يتحمل جهد بدني شاق إلا من أجل الحصول على ميزة أو فائدة؟ ولكن من لديه الحق أن ينتقد شخص ما أراد أن يشعر بالسعادة التي لا تشوبها عواقب أليمة أو آخر أراد أن يتجنب الألم الذي ربما تنجم عنه بعض المتعة ؟&nbsp;<br />\r\nعلي الجانب الآخر نشجب ونستنكر هؤلاء الرجال المفتونون بنشوة اللحظة الهائمون في رغباتهم فلا يدركون ما يعقبها من الألم والأسي المحتم، واللوم كذلك يشمل هؤلاء الذين أخفقوا في واجباتهم نتيجة لضعف إرادتهم فيتساوي مع هؤلاء الذين يتجنبون وينأون عن تحمل الكدح والألم .<br />\r\n&nbsp;&nbsp; &nbsp; &nbsp; &nbsp; &nbsp;&nbsp;</p>', NULL, 0, NULL, 0, 0, NULL, 0, 0),
(3, 2, 1, 'Gold Peak Sweet Tea', '<p>Lorem ipsum dolor sit amet, consectetur adipiscing elit, sed do eiusmod tempor incididunt ut labore et dolore magna aliqua. Ut enim ad minim veniam, quis nostrud exercitation ullamco laboris nisi ut aliquip ex ea commodo consequat. Duis aute irure dolor in reprehenderit in voluptate velit esse cillum dolore eu fugiat nulla pariatur. Excepteur sint occaecat cupidatat non proident, sunt in culpa qui officia deserunt mollit anim id est laborum.</p>', NULL, 0, NULL, 0, 0, NULL, 0, 0),
(4, 2, 2, 'الذهب الذروة الحلو الشاي', '<p>لكن لا بد أن أوضح لك أن كل هذه الأفكار المغلوطة حول استنكار &nbsp;النشوة وتمجيد الألم نشأت بالفعل، وسأعرض لك التفاصيل لتكتشف حقيقة وأساس تلك السعادة البشرية، فلا أحد يرفض أو يكره أو يتجنب الشعور بالسعادة، ولكن بفضل هؤلاء الأشخاص الذين لا يدركون بأن السعادة لا بد أن نستشعرها بصورة أكثر عقلانية ومنطقية فيعرضهم هذا لمواجهة الظروف الأليمة، وأكرر بأنه لا يوجد من يرغب في الحب ونيل المنال ويتلذذ بالآلام، الألم هو الألم ولكن نتيجة لظروف ما قد تكمن السعاده فيما نتحمله من كد وأسي.</p>\r\n\r\n<p>و سأعرض مثال حي لهذا، من منا لم يتحمل جهد بدني شاق إلا من أجل الحصول على ميزة أو فائدة؟ ولكن من لديه الحق أن ينتقد شخص ما أراد أن يشعر بالسعادة التي لا تشوبها عواقب أليمة أو آخر أراد أن يتجنب الألم الذي ربما تنجم عنه بعض المتعة ؟&nbsp;<br />\r\nعلي الجانب الآخر نشجب ونستنكر هؤلاء الرجال المفتونون بنشوة اللحظة الهائمون في رغباتهم فلا يدركون ما يعقبها من الألم والأسي المحتم، واللوم كذلك يشمل هؤلاء الذين أخفقوا في واجباتهم نتيجة لضعف إرادتهم فيتساوي مع هؤلاء الذين يتجنبون وينأون عن تحمل الكدح والألم .<br />\r\n&nbsp;&nbsp; &nbsp; &nbsp; &nbsp; &nbsp;&nbsp;</p>', NULL, 0, NULL, 0, 0, NULL, 0, 0),
(5, 3, 1, 'Great Value 100% Apple Juice', '<p>Lorem ipsum dolor sit amet, consectetur adipiscing elit, sed do eiusmod tempor incididunt ut labore et dolore magna aliqua. Ut enim ad minim veniam, quis nostrud exercitation ullamco laboris nisi ut aliquip ex ea commodo consequat. Duis aute irure dolor in reprehenderit in voluptate velit esse cillum dolore eu fugiat nulla pariatur. Excepteur sint occaecat cupidatat non proident, sunt in culpa qui officia deserunt mollit anim id est laborum.</p>', NULL, 0, '', NULL, NULL, '', NULL, NULL),
(6, 3, 2, 'قيمة كبيرة 100 ٪ عصير التفاح', '<p>لكن لا بد أن أوضح لك أن كل هذه الأفكار المغلوطة حول استنكار &nbsp;النشوة وتمجيد الألم نشأت بالفعل، وسأعرض لك التفاصيل لتكتشف حقيقة وأساس تلك السعادة البشرية، فلا أحد يرفض أو يكره أو يتجنب الشعور بالسعادة، ولكن بفضل هؤلاء الأشخاص الذين لا يدركون بأن السعادة لا بد أن نستشعرها بصورة أكثر عقلانية ومنطقية فيعرضهم هذا لمواجهة الظروف الأليمة، وأكرر بأنه لا يوجد من يرغب في الحب ونيل المنال ويتلذذ بالآلام، الألم هو الألم ولكن نتيجة لظروف ما قد تكمن السعاده فيما نتحمله من كد وأسي.</p>\r\n\r\n<p>و سأعرض مثال حي لهذا، من منا لم يتحمل جهد بدني شاق إلا من أجل الحصول على ميزة أو فائدة؟ ولكن من لديه الحق أن ينتقد شخص ما أراد أن يشعر بالسعادة التي لا تشوبها عواقب أليمة أو آخر أراد أن يتجنب الألم الذي ربما تنجم عنه بعض المتعة ؟&nbsp;<br />\r\nعلي الجانب الآخر نشجب ونستنكر هؤلاء الرجال المفتونون بنشوة اللحظة الهائمون في رغباتهم فلا يدركون ما يعقبها من الألم والأسي المحتم، واللوم كذلك يشمل هؤلاء الذين أخفقوا في واجباتهم نتيجة لضعف إرادتهم فيتساوي مع هؤلاء الذين يتجنبون وينأون عن تحمل الكدح والألم .<br />\r\n&nbsp;&nbsp; &nbsp; &nbsp; &nbsp; &nbsp;&nbsp;</p>', NULL, 0, '', NULL, NULL, '', NULL, NULL),
(7, 4, 1, 'Milk Chocolate Hot Cocoa Mix', '<p>Lorem ipsum dolor sit amet, consectetur adipiscing elit, sed do eiusmod tempor incididunt ut labore et dolore magna aliqua. Ut enim ad minim veniam, quis nostrud exercitation ullamco laboris nisi ut aliquip ex ea commodo consequat. Duis aute irure dolor in reprehenderit in voluptate velit esse cillum dolore eu fugiat nulla pariatur. Excepteur sint occaecat cupidatat non proident, sunt in culpa qui officia deserunt mollit anim id est laborum.</p>', NULL, 0, '', NULL, NULL, '', NULL, NULL),
(8, 4, 2, 'شوكولا حليب خليط الكاكاو الساخن', '<p>لكن لا بد أن أوضح لك أن كل هذه الأفكار المغلوطة حول استنكار &nbsp;النشوة وتمجيد الألم نشأت بالفعل، وسأعرض لك التفاصيل لتكتشف حقيقة وأساس تلك السعادة البشرية، فلا أحد يرفض أو يكره أو يتجنب الشعور بالسعادة، ولكن بفضل هؤلاء الأشخاص الذين لا يدركون بأن السعادة لا بد أن نستشعرها بصورة أكثر عقلانية ومنطقية فيعرضهم هذا لمواجهة الظروف الأليمة، وأكرر بأنه لا يوجد من يرغب في الحب ونيل المنال ويتلذذ بالآلام، الألم هو الألم ولكن نتيجة لظروف ما قد تكمن السعاده فيما نتحمله من كد وأسي.</p>\r\n\r\n<p>و سأعرض مثال حي لهذا، من منا لم يتحمل جهد بدني شاق إلا من أجل الحصول على ميزة أو فائدة؟ ولكن من لديه الحق أن ينتقد شخص ما أراد أن يشعر بالسعادة التي لا تشوبها عواقب أليمة أو آخر أراد أن يتجنب الألم الذي ربما تنجم عنه بعض المتعة ؟&nbsp;<br />\r\nعلي الجانب الآخر نشجب ونستنكر هؤلاء الرجال المفتونون بنشوة اللحظة الهائمون في رغباتهم فلا يدركون ما يعقبها من الألم والأسي المحتم، واللوم كذلك يشمل هؤلاء الذين أخفقوا في واجباتهم نتيجة لضعف إرادتهم فيتساوي مع هؤلاء الذين يتجنبون وينأون عن تحمل الكدح والألم .<br />\r\n&nbsp;&nbsp; &nbsp; &nbsp; &nbsp; &nbsp;&nbsp;</p>', NULL, 0, '', NULL, NULL, '', NULL, NULL),
(9, 5, 1, 'Roast Ground Coffee', '<p>Lorem ipsum dolor sit amet, consectetur adipiscing elit, sed do eiusmod tempor incididunt ut labore et dolore magna aliqua. Ut enim ad minim veniam, quis nostrud exercitation ullamco laboris nisi ut aliquip ex ea commodo consequat. Duis aute irure dolor in reprehenderit in voluptate velit esse cillum dolore eu fugiat nulla pariatur. Excepteur sint occaecat cupidatat non proident, sunt in culpa qui officia deserunt mollit anim id est laborum.</p>', NULL, 0, '', NULL, NULL, '', NULL, NULL),
(10, 5, 2, 'البن المحمص المطحون', '<p>لكن لا بد أن أوضح لك أن كل هذه الأفكار المغلوطة حول استنكار &nbsp;النشوة وتمجيد الألم نشأت بالفعل، وسأعرض لك التفاصيل لتكتشف حقيقة وأساس تلك السعادة البشرية، فلا أحد يرفض أو يكره أو يتجنب الشعور بالسعادة، ولكن بفضل هؤلاء الأشخاص الذين لا يدركون بأن السعادة لا بد أن نستشعرها بصورة أكثر عقلانية ومنطقية فيعرضهم هذا لمواجهة الظروف الأليمة، وأكرر بأنه لا يوجد من يرغب في الحب ونيل المنال ويتلذذ بالآلام، الألم هو الألم ولكن نتيجة لظروف ما قد تكمن السعاده فيما نتحمله من كد وأسي.</p>\r\n\r\n<p>و سأعرض مثال حي لهذا، من منا لم يتحمل جهد بدني شاق إلا من أجل الحصول على ميزة أو فائدة؟ ولكن من لديه الحق أن ينتقد شخص ما أراد أن يشعر بالسعادة التي لا تشوبها عواقب أليمة أو آخر أراد أن يتجنب الألم الذي ربما تنجم عنه بعض المتعة ؟&nbsp;<br />\r\nعلي الجانب الآخر نشجب ونستنكر هؤلاء الرجال المفتونون بنشوة اللحظة الهائمون في رغباتهم فلا يدركون ما يعقبها من الألم والأسي المحتم، واللوم كذلك يشمل هؤلاء الذين أخفقوا في واجباتهم نتيجة لضعف إرادتهم فيتساوي مع هؤلاء الذين يتجنبون وينأون عن تحمل الكدح والألم .<br />\r\n&nbsp;&nbsp; &nbsp; &nbsp; &nbsp; &nbsp;&nbsp;</p>', NULL, 0, '', NULL, NULL, '', NULL, NULL),
(11, 6, 1, 'Blueberry Soft & Chewy Pre-Sliced Bagels', '<p>Lorem ipsum dolor sit amet, consectetur adipiscing elit, sed do eiusmod tempor incididunt ut labore et dolore magna aliqua. Ut enim ad minim veniam, quis nostrud exercitation ullamco laboris nisi ut aliquip ex ea commodo consequat. Duis aute irure dolor in reprehenderit in voluptate velit esse cillum dolore eu fugiat nulla pariatur. Excepteur sint occaecat cupidatat non proident, sunt in culpa qui officia deserunt mollit anim id est laborum.</p>', NULL, 0, '', NULL, NULL, '', NULL, NULL),
(12, 6, 2, 'عنبية لينة وخجول قبل شرائح الخبز', '<p>لكن لا بد أن أوضح لك أن كل هذه الأفكار المغلوطة حول استنكار &nbsp;النشوة وتمجيد الألم نشأت بالفعل، وسأعرض لك التفاصيل لتكتشف حقيقة وأساس تلك السعادة البشرية، فلا أحد يرفض أو يكره أو يتجنب الشعور بالسعادة، ولكن بفضل هؤلاء الأشخاص الذين لا يدركون بأن السعادة لا بد أن نستشعرها بصورة أكثر عقلانية ومنطقية فيعرضهم هذا لمواجهة الظروف الأليمة، وأكرر بأنه لا يوجد من يرغب في الحب ونيل المنال ويتلذذ بالآلام، الألم هو الألم ولكن نتيجة لظروف ما قد تكمن السعاده فيما نتحمله من كد وأسي.</p>\r\n\r\n<p>و سأعرض مثال حي لهذا، من منا لم يتحمل جهد بدني شاق إلا من أجل الحصول على ميزة أو فائدة؟ ولكن من لديه الحق أن ينتقد شخص ما أراد أن يشعر بالسعادة التي لا تشوبها عواقب أليمة أو آخر أراد أن يتجنب الألم الذي ربما تنجم عنه بعض المتعة ؟&nbsp;<br />\r\nعلي الجانب الآخر نشجب ونستنكر هؤلاء الرجال المفتونون بنشوة اللحظة الهائمون في رغباتهم فلا يدركون ما يعقبها من الألم والأسي المحتم، واللوم كذلك يشمل هؤلاء الذين أخفقوا في واجباتهم نتيجة لضعف إرادتهم فيتساوي مع هؤلاء الذين يتجنبون وينأون عن تحمل الكدح والألم .<br />\r\n&nbsp;&nbsp; &nbsp; &nbsp; &nbsp; &nbsp;&nbsp;</p>', NULL, 0, '', NULL, NULL, '', NULL, NULL),
(13, 7, 1, 'COFFEE MATE Sugar Free', '<p>Lorem ipsum dolor sit amet, consectetur adipiscing elit, sed do eiusmod tempor incididunt ut labore et dolore magna aliqua. Ut enim ad minim veniam, quis nostrud exercitation ullamco laboris nisi ut aliquip ex ea commodo consequat. Duis aute irure dolor in reprehenderit in voluptate velit esse cillum dolore eu fugiat nulla pariatur. Excepteur sint occaecat cupidatat non proident, sunt in culpa qui officia deserunt mollit anim id est laborum.</p>', NULL, 0, '', NULL, NULL, '', NULL, NULL),
(14, 7, 2, 'قهوة ماتي خالية من السكر', '<p>لكن لا بد أن أوضح لك أن كل هذه الأفكار المغلوطة حول استنكار &nbsp;النشوة وتمجيد الألم نشأت بالفعل، وسأعرض لك التفاصيل لتكتشف حقيقة وأساس تلك السعادة البشرية، فلا أحد يرفض أو يكره أو يتجنب الشعور بالسعادة، ولكن بفضل هؤلاء الأشخاص الذين لا يدركون بأن السعادة لا بد أن نستشعرها بصورة أكثر عقلانية ومنطقية فيعرضهم هذا لمواجهة الظروف الأليمة، وأكرر بأنه لا يوجد من يرغب في الحب ونيل المنال ويتلذذ بالآلام، الألم هو الألم ولكن نتيجة لظروف ما قد تكمن السعاده فيما نتحمله من كد وأسي.</p>\r\n\r\n<p>و سأعرض مثال حي لهذا، من منا لم يتحمل جهد بدني شاق إلا من أجل الحصول على ميزة أو فائدة؟ ولكن من لديه الحق أن ينتقد شخص ما أراد أن يشعر بالسعادة التي لا تشوبها عواقب أليمة أو آخر أراد أن يتجنب الألم الذي ربما تنجم عنه بعض المتعة ؟&nbsp;<br />\r\nعلي الجانب الآخر نشجب ونستنكر هؤلاء الرجال المفتونون بنشوة اللحظة الهائمون في رغباتهم فلا يدركون ما يعقبها من الألم والأسي المحتم، واللوم كذلك يشمل هؤلاء الذين أخفقوا في واجباتهم نتيجة لضعف إرادتهم فيتساوي مع هؤلاء الذين يتجنبون وينأون عن تحمل الكدح والألم .<br />\r\n&nbsp;&nbsp; &nbsp; &nbsp; &nbsp; &nbsp;&nbsp;</p>', NULL, 0, '', NULL, NULL, '', NULL, NULL),
(15, 8, 1, 'Frigo Cheese Heads', '<p>Lorem ipsum dolor sit amet, consectetur adipiscing elit, sed do eiusmod tempor incididunt ut labore et dolore magna aliqua. Ut enim ad minim veniam, quis nostrud exercitation ullamco laboris nisi ut aliquip ex ea commodo consequat. Duis aute irure dolor in reprehenderit in voluptate velit esse cillum dolore eu fugiat nulla pariatur. Excepteur sint occaecat cupidatat non proident, sunt in culpa qui officia deserunt mollit anim id est laborum.</p>', NULL, 0, '', NULL, NULL, '', NULL, NULL),
(16, 8, 2, 'فريجو جبنة رؤساء', '<p>لكن لا بد أن أوضح لك أن كل هذه الأفكار المغلوطة حول استنكار &nbsp;النشوة وتمجيد الألم نشأت بالفعل، وسأعرض لك التفاصيل لتكتشف حقيقة وأساس تلك السعادة البشرية، فلا أحد يرفض أو يكره أو يتجنب الشعور بالسعادة، ولكن بفضل هؤلاء الأشخاص الذين لا يدركون بأن السعادة لا بد أن نستشعرها بصورة أكثر عقلانية ومنطقية فيعرضهم هذا لمواجهة الظروف الأليمة، وأكرر بأنه لا يوجد من يرغب في الحب ونيل المنال ويتلذذ بالآلام، الألم هو الألم ولكن نتيجة لظروف ما قد تكمن السعاده فيما نتحمله من كد وأسي.</p>\r\n\r\n<p>و سأعرض مثال حي لهذا، من منا لم يتحمل جهد بدني شاق إلا من أجل الحصول على ميزة أو فائدة؟ ولكن من لديه الحق أن ينتقد شخص ما أراد أن يشعر بالسعادة التي لا تشوبها عواقب أليمة أو آخر أراد أن يتجنب الألم الذي ربما تنجم عنه بعض المتعة ؟&nbsp;<br />\r\nعلي الجانب الآخر نشجب ونستنكر هؤلاء الرجال المفتونون بنشوة اللحظة الهائمون في رغباتهم فلا يدركون ما يعقبها من الألم والأسي المحتم، واللوم كذلك يشمل هؤلاء الذين أخفقوا في واجباتهم نتيجة لضعف إرادتهم فيتساوي مع هؤلاء الذين يتجنبون وينأون عن تحمل الكدح والألم .<br />\r\n&nbsp;&nbsp; &nbsp; &nbsp; &nbsp; &nbsp;&nbsp;</p>', NULL, 0, '', NULL, NULL, '', NULL, NULL),
(17, 9, 1, 'Lowfat Vanilla Yogurt', '<p>Lorem ipsum dolor sit amet, consectetur adipiscing elit, sed do eiusmod tempor incididunt ut labore et dolore magna aliqua. Ut enim ad minim veniam, quis nostrud exercitation ullamco laboris nisi ut aliquip ex ea commodo consequat. Duis aute irure dolor in reprehenderit in voluptate velit esse cillum dolore eu fugiat nulla pariatur. Excepteur sint occaecat cupidatat non proident, sunt in culpa qui officia deserunt mollit anim id est laborum.</p>', NULL, 0, '', NULL, NULL, '', NULL, NULL),
(18, 9, 2, 'لفات زبدة الفانيلا', '<p>لكن لا بد أن أوضح لك أن كل هذه الأفكار المغلوطة حول استنكار &nbsp;النشوة وتمجيد الألم نشأت بالفعل، وسأعرض لك التفاصيل لتكتشف حقيقة وأساس تلك السعادة البشرية، فلا أحد يرفض أو يكره أو يتجنب الشعور بالسعادة، ولكن بفضل هؤلاء الأشخاص الذين لا يدركون بأن السعادة لا بد أن نستشعرها بصورة أكثر عقلانية ومنطقية فيعرضهم هذا لمواجهة الظروف الأليمة، وأكرر بأنه لا يوجد من يرغب في الحب ونيل المنال ويتلذذ بالآلام، الألم هو الألم ولكن نتيجة لظروف ما قد تكمن السعاده فيما نتحمله من كد وأسي.</p>\r\n\r\n<p>و سأعرض مثال حي لهذا، من منا لم يتحمل جهد بدني شاق إلا من أجل الحصول على ميزة أو فائدة؟ ولكن من لديه الحق أن ينتقد شخص ما أراد أن يشعر بالسعادة التي لا تشوبها عواقب أليمة أو آخر أراد أن يتجنب الألم الذي ربما تنجم عنه بعض المتعة ؟&nbsp;<br />\r\nعلي الجانب الآخر نشجب ونستنكر هؤلاء الرجال المفتونون بنشوة اللحظة الهائمون في رغباتهم فلا يدركون ما يعقبها من الألم والأسي المحتم، واللوم كذلك يشمل هؤلاء الذين أخفقوا في واجباتهم نتيجة لضعف إرادتهم فيتساوي مع هؤلاء الذين يتجنبون وينأون عن تحمل الكدح والألم .<br />\r\n&nbsp;&nbsp; &nbsp; &nbsp; &nbsp; &nbsp;&nbsp;</p>', NULL, 0, '', NULL, NULL, '', NULL, NULL),
(19, 10, 1, 'Marketside Large Brown Eggs', '<p>Lorem ipsum dolor sit amet, consectetur adipiscing elit, sed do eiusmod tempor incididunt ut labore et dolore magna aliqua. Ut enim ad minim veniam, quis nostrud exercitation ullamco laboris nisi ut aliquip ex ea commodo consequat. Duis aute irure dolor in reprehenderit in voluptate velit esse cillum dolore eu fugiat nulla pariatur. Excepteur sint occaecat cupidatat non proident, sunt in culpa qui officia deserunt mollit anim id est laborum.</p>', NULL, 0, '', NULL, NULL, '', NULL, NULL),
(20, 10, 2, 'جانب السوق بيض بني كبير', '<p>لكن لا بد أن أوضح لك أن كل هذه الأفكار المغلوطة حول استنكار &nbsp;النشوة وتمجيد الألم نشأت بالفعل، وسأعرض لك التفاصيل لتكتشف حقيقة وأساس تلك السعادة البشرية، فلا أحد يرفض أو يكره أو يتجنب الشعور بالسعادة، ولكن بفضل هؤلاء الأشخاص الذين لا يدركون بأن السعادة لا بد أن نستشعرها بصورة أكثر عقلانية ومنطقية فيعرضهم هذا لمواجهة الظروف الأليمة، وأكرر بأنه لا يوجد من يرغب في الحب ونيل المنال ويتلذذ بالآلام، الألم هو الألم ولكن نتيجة لظروف ما قد تكمن السعاده فيما نتحمله من كد وأسي.</p>\r\n\r\n<p>و سأعرض مثال حي لهذا، من منا لم يتحمل جهد بدني شاق إلا من أجل الحصول على ميزة أو فائدة؟ ولكن من لديه الحق أن ينتقد شخص ما أراد أن يشعر بالسعادة التي لا تشوبها عواقب أليمة أو آخر أراد أن يتجنب الألم الذي ربما تنجم عنه بعض المتعة ؟&nbsp;<br />\r\nعلي الجانب الآخر نشجب ونستنكر هؤلاء الرجال المفتونون بنشوة اللحظة الهائمون في رغباتهم فلا يدركون ما يعقبها من الألم والأسي المحتم، واللوم كذلك يشمل هؤلاء الذين أخفقوا في واجباتهم نتيجة لضعف إرادتهم فيتساوي مع هؤلاء الذين يتجنبون وينأون عن تحمل الكدح والألم .<br />\r\n&nbsp;&nbsp; &nbsp; &nbsp; &nbsp; &nbsp;&nbsp;</p>', NULL, 0, '', NULL, NULL, '', NULL, NULL),
(21, 11, 1, 'Black plums', '<p>Lorem ipsum dolor sit amet, consectetur adipiscing elit, sed do eiusmod tempor incididunt ut labore et dolore magna aliqua. Ut enim ad minim veniam, quis nostrud exercitation ullamco laboris nisi ut aliquip ex ea commodo consequat. Duis aute irure dolor in reprehenderit in voluptate velit esse cillum dolore eu fugiat nulla pariatur. Excepteur sint occaecat cupidatat non proident, sunt in culpa qui officia deserunt mollit anim id est laborum.</p>', NULL, 0, '', NULL, NULL, '', NULL, NULL),
(22, 11, 2, 'الخوخ الأسود', '<p>لكن لا بد أن أوضح لك أن كل هذه الأفكار المغلوطة حول استنكار &nbsp;النشوة وتمجيد الألم نشأت بالفعل، وسأعرض لك التفاصيل لتكتشف حقيقة وأساس تلك السعادة البشرية، فلا أحد يرفض أو يكره أو يتجنب الشعور بالسعادة، ولكن بفضل هؤلاء الأشخاص الذين لا يدركون بأن السعادة لا بد أن نستشعرها بصورة أكثر عقلانية ومنطقية فيعرضهم هذا لمواجهة الظروف الأليمة، وأكرر بأنه لا يوجد من يرغب في الحب ونيل المنال ويتلذذ بالآلام، الألم هو الألم ولكن نتيجة لظروف ما قد تكمن السعاده فيما نتحمله من كد وأسي.</p>\r\n\r\n<p>و سأعرض مثال حي لهذا، من منا لم يتحمل جهد بدني شاق إلا من أجل الحصول على ميزة أو فائدة؟ ولكن من لديه الحق أن ينتقد شخص ما أراد أن يشعر بالسعادة التي لا تشوبها عواقب أليمة أو آخر أراد أن يتجنب الألم الذي ربما تنجم عنه بعض المتعة ؟&nbsp;<br />\r\nعلي الجانب الآخر نشجب ونستنكر هؤلاء الرجال المفتونون بنشوة اللحظة الهائمون في رغباتهم فلا يدركون ما يعقبها من الألم والأسي المحتم، واللوم كذلك يشمل هؤلاء الذين أخفقوا في واجباتهم نتيجة لضعف إرادتهم فيتساوي مع هؤلاء الذين يتجنبون وينأون عن تحمل الكدح والألم .<br />\r\n&nbsp;&nbsp; &nbsp; &nbsp; &nbsp; &nbsp;&nbsp;</p>', NULL, 0, '', NULL, NULL, '', NULL, NULL),
(23, 12, 1, 'Broccoli Crowns', '<p>Lorem ipsum dolor sit amet, consectetur adipiscing elit, sed do eiusmod tempor incididunt ut labore et dolore magna aliqua. Ut enim ad minim veniam, quis nostrud exercitation ullamco laboris nisi ut aliquip ex ea commodo consequat. Duis aute irure dolor in reprehenderit in voluptate velit esse cillum dolore eu fugiat nulla pariatur. Excepteur sint occaecat cupidatat non proident, sunt in culpa qui officia deserunt mollit anim id est laborum.</p>', NULL, 0, '', NULL, NULL, '', NULL, NULL),
(24, 12, 2, 'التيجان القرنبيط', '<p>لكن لا بد أن أوضح لك أن كل هذه الأفكار المغلوطة حول استنكار &nbsp;النشوة وتمجيد الألم نشأت بالفعل، وسأعرض لك التفاصيل لتكتشف حقيقة وأساس تلك السعادة البشرية، فلا أحد يرفض أو يكره أو يتجنب الشعور بالسعادة، ولكن بفضل هؤلاء الأشخاص الذين لا يدركون بأن السعادة لا بد أن نستشعرها بصورة أكثر عقلانية ومنطقية فيعرضهم هذا لمواجهة الظروف الأليمة، وأكرر بأنه لا يوجد من يرغب في الحب ونيل المنال ويتلذذ بالآلام، الألم هو الألم ولكن نتيجة لظروف ما قد تكمن السعاده فيما نتحمله من كد وأسي.</p>\r\n\r\n<p>و سأعرض مثال حي لهذا، من منا لم يتحمل جهد بدني شاق إلا من أجل الحصول على ميزة أو فائدة؟ ولكن من لديه الحق أن ينتقد شخص ما أراد أن يشعر بالسعادة التي لا تشوبها عواقب أليمة أو آخر أراد أن يتجنب الألم الذي ربما تنجم عنه بعض المتعة ؟&nbsp;<br />\r\nعلي الجانب الآخر نشجب ونستنكر هؤلاء الرجال المفتونون بنشوة اللحظة الهائمون في رغباتهم فلا يدركون ما يعقبها من الألم والأسي المحتم، واللوم كذلك يشمل هؤلاء الذين أخفقوا في واجباتهم نتيجة لضعف إرادتهم فيتساوي مع هؤلاء الذين يتجنبون وينأون عن تحمل الكدح والألم .<br />\r\n&nbsp;&nbsp; &nbsp; &nbsp; &nbsp; &nbsp;&nbsp;</p>', NULL, 0, '', NULL, NULL, '', NULL, NULL),
(25, 13, 1, 'Cucumber', '<p>Lorem ipsum dolor sit amet, consectetur adipiscing elit, sed do eiusmod tempor incididunt ut labore et dolore magna aliqua. Ut enim ad minim veniam, quis nostrud exercitation ullamco laboris nisi ut aliquip ex ea commodo consequat. Duis aute irure dolor in reprehenderit in voluptate velit esse cillum dolore eu fugiat nulla pariatur. Excepteur sint occaecat cupidatat non proident, sunt in culpa qui officia deserunt mollit anim id est laborum.</p>', NULL, 0, '', NULL, NULL, '', NULL, NULL),
(26, 13, 2, 'خيار', '<p>لكن لا بد أن أوضح لك أن كل هذه الأفكار المغلوطة حول استنكار &nbsp;النشوة وتمجيد الألم نشأت بالفعل، وسأعرض لك التفاصيل لتكتشف حقيقة وأساس تلك السعادة البشرية، فلا أحد يرفض أو يكره أو يتجنب الشعور بالسعادة، ولكن بفضل هؤلاء الأشخاص الذين لا يدركون بأن السعادة لا بد أن نستشعرها بصورة أكثر عقلانية ومنطقية فيعرضهم هذا لمواجهة الظروف الأليمة، وأكرر بأنه لا يوجد من يرغب في الحب ونيل المنال ويتلذذ بالآلام، الألم هو الألم ولكن نتيجة لظروف ما قد تكمن السعاده فيما نتحمله من كد وأسي.</p>\r\n\r\n<p>و سأعرض مثال حي لهذا، من منا لم يتحمل جهد بدني شاق إلا من أجل الحصول على ميزة أو فائدة؟ ولكن من لديه الحق أن ينتقد شخص ما أراد أن يشعر بالسعادة التي لا تشوبها عواقب أليمة أو آخر أراد أن يتجنب الألم الذي ربما تنجم عنه بعض المتعة ؟&nbsp;<br />\r\nعلي الجانب الآخر نشجب ونستنكر هؤلاء الرجال المفتونون بنشوة اللحظة الهائمون في رغباتهم فلا يدركون ما يعقبها من الألم والأسي المحتم، واللوم كذلك يشمل هؤلاء الذين أخفقوا في واجباتهم نتيجة لضعف إرادتهم فيتساوي مع هؤلاء الذين يتجنبون وينأون عن تحمل الكدح والألم .<br />\r\n&nbsp;&nbsp; &nbsp; &nbsp; &nbsp; &nbsp;&nbsp;</p>', NULL, 0, '', NULL, NULL, '', NULL, NULL),
(27, 14, 1, 'Gala Apples', '<p>Lorem ipsum dolor sit amet, consectetur adipiscing elit, sed do eiusmod tempor incididunt ut labore et dolore magna aliqua. Ut enim ad minim veniam, quis nostrud exercitation ullamco laboris nisi ut aliquip ex ea commodo consequat. Duis aute irure dolor in reprehenderit in voluptate velit esse cillum dolore eu fugiat nulla pariatur. Excepteur sint occaecat cupidatat non proident, sunt in culpa qui officia deserunt mollit anim id est laborum.</p>', NULL, 0, '', NULL, NULL, '', NULL, NULL),
(28, 14, 2, 'حفل التفاح', '<p>لكن لا بد أن أوضح لك أن كل هذه الأفكار المغلوطة حول استنكار &nbsp;النشوة وتمجيد الألم نشأت بالفعل، وسأعرض لك التفاصيل لتكتشف حقيقة وأساس تلك السعادة البشرية، فلا أحد يرفض أو يكره أو يتجنب الشعور بالسعادة، ولكن بفضل هؤلاء الأشخاص الذين لا يدركون بأن السعادة لا بد أن نستشعرها بصورة أكثر عقلانية ومنطقية فيعرضهم هذا لمواجهة الظروف الأليمة، وأكرر بأنه لا يوجد من يرغب في الحب ونيل المنال ويتلذذ بالآلام، الألم هو الألم ولكن نتيجة لظروف ما قد تكمن السعاده فيما نتحمله من كد وأسي.</p>\r\n\r\n<p>و سأعرض مثال حي لهذا، من منا لم يتحمل جهد بدني شاق إلا من أجل الحصول على ميزة أو فائدة؟ ولكن من لديه الحق أن ينتقد شخص ما أراد أن يشعر بالسعادة التي لا تشوبها عواقب أليمة أو آخر أراد أن يتجنب الألم الذي ربما تنجم عنه بعض المتعة ؟&nbsp;<br />\r\nعلي الجانب الآخر نشجب ونستنكر هؤلاء الرجال المفتونون بنشوة اللحظة الهائمون في رغباتهم فلا يدركون ما يعقبها من الألم والأسي المحتم، واللوم كذلك يشمل هؤلاء الذين أخفقوا في واجباتهم نتيجة لضعف إرادتهم فيتساوي مع هؤلاء الذين يتجنبون وينأون عن تحمل الكدح والألم .<br />\r\n&nbsp;&nbsp; &nbsp; &nbsp; &nbsp; &nbsp;&nbsp;</p>', NULL, 0, '', NULL, NULL, '', NULL, NULL),
(29, 15, 1, 'Garlic-bundle', '<p>Lorem ipsum dolor sit amet, consectetur adipiscing elit, sed do eiusmod tempor incididunt ut labore et dolore magna aliqua. Ut enim ad minim veniam, quis nostrud exercitation ullamco laboris nisi ut aliquip ex ea commodo consequat. Duis aute irure dolor in reprehenderit in voluptate velit esse cillum dolore eu fugiat nulla pariatur. Excepteur sint occaecat cupidatat non proident, sunt in culpa qui officia deserunt mollit anim id est laborum.</p>', NULL, 0, '', NULL, NULL, '', NULL, NULL),
(30, 15, 2, 'الثوم حزمة', '<p>لكن لا بد أن أوضح لك أن كل هذه الأفكار المغلوطة حول استنكار &nbsp;النشوة وتمجيد الألم نشأت بالفعل، وسأعرض لك التفاصيل لتكتشف حقيقة وأساس تلك السعادة البشرية، فلا أحد يرفض أو يكره أو يتجنب الشعور بالسعادة، ولكن بفضل هؤلاء الأشخاص الذين لا يدركون بأن السعادة لا بد أن نستشعرها بصورة أكثر عقلانية ومنطقية فيعرضهم هذا لمواجهة الظروف الأليمة، وأكرر بأنه لا يوجد من يرغب في الحب ونيل المنال ويتلذذ بالآلام، الألم هو الألم ولكن نتيجة لظروف ما قد تكمن السعاده فيما نتحمله من كد وأسي.</p>\r\n\r\n<p>و سأعرض مثال حي لهذا، من منا لم يتحمل جهد بدني شاق إلا من أجل الحصول على ميزة أو فائدة؟ ولكن من لديه الحق أن ينتقد شخص ما أراد أن يشعر بالسعادة التي لا تشوبها عواقب أليمة أو آخر أراد أن يتجنب الألم الذي ربما تنجم عنه بعض المتعة ؟&nbsp;<br />\r\nعلي الجانب الآخر نشجب ونستنكر هؤلاء الرجال المفتونون بنشوة اللحظة الهائمون في رغباتهم فلا يدركون ما يعقبها من الألم والأسي المحتم، واللوم كذلك يشمل هؤلاء الذين أخفقوا في واجباتهم نتيجة لضعف إرادتهم فيتساوي مع هؤلاء الذين يتجنبون وينأون عن تحمل الكدح والألم .<br />\r\n&nbsp;&nbsp; &nbsp; &nbsp; &nbsp; &nbsp;&nbsp;</p>', NULL, 0, '', NULL, NULL, '', NULL, NULL),
(31, 16, 1, 'Green Seedless Grapes', '<p>Lorem ipsum dolor sit amet, consectetur adipiscing elit, sed do eiusmod tempor incididunt ut labore et dolore magna aliqua. Ut enim ad minim veniam, quis nostrud exercitation ullamco laboris nisi ut aliquip ex ea commodo consequat. Duis aute irure dolor in reprehenderit in voluptate velit esse cillum dolore eu fugiat nulla pariatur. Excepteur sint occaecat cupidatat non proident, sunt in culpa qui officia deserunt mollit anim id est laborum.</p>', NULL, 0, '', NULL, NULL, '', NULL, NULL),
(32, 16, 2, 'عنب أخضر بدون بذور', '<p>لكن لا بد أن أوضح لك أن كل هذه الأفكار المغلوطة حول استنكار &nbsp;النشوة وتمجيد الألم نشأت بالفعل، وسأعرض لك التفاصيل لتكتشف حقيقة وأساس تلك السعادة البشرية، فلا أحد يرفض أو يكره أو يتجنب الشعور بالسعادة، ولكن بفضل هؤلاء الأشخاص الذين لا يدركون بأن السعادة لا بد أن نستشعرها بصورة أكثر عقلانية ومنطقية فيعرضهم هذا لمواجهة الظروف الأليمة، وأكرر بأنه لا يوجد من يرغب في الحب ونيل المنال ويتلذذ بالآلام، الألم هو الألم ولكن نتيجة لظروف ما قد تكمن السعاده فيما نتحمله من كد وأسي.</p>\r\n\r\n<p>و سأعرض مثال حي لهذا، من منا لم يتحمل جهد بدني شاق إلا من أجل الحصول على ميزة أو فائدة؟ ولكن من لديه الحق أن ينتقد شخص ما أراد أن يشعر بالسعادة التي لا تشوبها عواقب أليمة أو آخر أراد أن يتجنب الألم الذي ربما تنجم عنه بعض المتعة ؟&nbsp;<br />\r\nعلي الجانب الآخر نشجب ونستنكر هؤلاء الرجال المفتونون بنشوة اللحظة الهائمون في رغباتهم فلا يدركون ما يعقبها من الألم والأسي المحتم، واللوم كذلك يشمل هؤلاء الذين أخفقوا في واجباتهم نتيجة لضعف إرادتهم فيتساوي مع هؤلاء الذين يتجنبون وينأون عن تحمل الكدح والألم .<br />\r\n&nbsp;&nbsp; &nbsp; &nbsp; &nbsp; &nbsp;&nbsp;</p>', NULL, 0, '', NULL, NULL, '', NULL, NULL),
(33, 17, 1, 'Iceberg Lettuce', '<p>Lorem ipsum dolor sit amet, consectetur adipiscing elit, sed do eiusmod tempor incididunt ut labore et dolore magna aliqua. Ut enim ad minim veniam, quis nostrud exercitation ullamco laboris nisi ut aliquip ex ea commodo consequat. Duis aute irure dolor in reprehenderit in voluptate velit esse cillum dolore eu fugiat nulla pariatur. Excepteur sint occaecat cupidatat non proident, sunt in culpa qui officia deserunt mollit anim id est laborum.</p>', NULL, 0, '', NULL, NULL, '', NULL, NULL),
(34, 17, 2, 'جبل الجليد الخس', '<p>لكن لا بد أن أوضح لك أن كل هذه الأفكار المغلوطة حول استنكار &nbsp;النشوة وتمجيد الألم نشأت بالفعل، وسأعرض لك التفاصيل لتكتشف حقيقة وأساس تلك السعادة البشرية، فلا أحد يرفض أو يكره أو يتجنب الشعور بالسعادة، ولكن بفضل هؤلاء الأشخاص الذين لا يدركون بأن السعادة لا بد أن نستشعرها بصورة أكثر عقلانية ومنطقية فيعرضهم هذا لمواجهة الظروف الأليمة، وأكرر بأنه لا يوجد من يرغب في الحب ونيل المنال ويتلذذ بالآلام، الألم هو الألم ولكن نتيجة لظروف ما قد تكمن السعاده فيما نتحمله من كد وأسي.</p>\r\n\r\n<p>و سأعرض مثال حي لهذا، من منا لم يتحمل جهد بدني شاق إلا من أجل الحصول على ميزة أو فائدة؟ ولكن من لديه الحق أن ينتقد شخص ما أراد أن يشعر بالسعادة التي لا تشوبها عواقب أليمة أو آخر أراد أن يتجنب الألم الذي ربما تنجم عنه بعض المتعة ؟&nbsp;<br />\r\nعلي الجانب الآخر نشجب ونستنكر هؤلاء الرجال المفتونون بنشوة اللحظة الهائمون في رغباتهم فلا يدركون ما يعقبها من الألم والأسي المحتم، واللوم كذلك يشمل هؤلاء الذين أخفقوا في واجباتهم نتيجة لضعف إرادتهم فيتساوي مع هؤلاء الذين يتجنبون وينأون عن تحمل الكدح والألم .<br />\r\n&nbsp;&nbsp; &nbsp; &nbsp; &nbsp; &nbsp;&nbsp;</p>', NULL, 0, '', NULL, NULL, '', NULL, NULL),
(35, 18, 1, 'Navel Oranges', '<p>Lorem ipsum dolor sit amet, consectetur adipiscing elit, sed do eiusmod tempor incididunt ut labore et dolore magna aliqua. Ut enim ad minim veniam, quis nostrud exercitation ullamco laboris nisi ut aliquip ex ea commodo consequat. Duis aute irure dolor in reprehenderit in voluptate velit esse cillum dolore eu fugiat nulla pariatur. Excepteur sint occaecat cupidatat non proident, sunt in culpa qui officia deserunt mollit anim id est laborum.</p>', NULL, 0, '', NULL, NULL, '', NULL, NULL),
(36, 18, 2, 'البرتقال السرة', '<p>لكن لا بد أن أوضح لك أن كل هذه الأفكار المغلوطة حول استنكار &nbsp;النشوة وتمجيد الألم نشأت بالفعل، وسأعرض لك التفاصيل لتكتشف حقيقة وأساس تلك السعادة البشرية، فلا أحد يرفض أو يكره أو يتجنب الشعور بالسعادة، ولكن بفضل هؤلاء الأشخاص الذين لا يدركون بأن السعادة لا بد أن نستشعرها بصورة أكثر عقلانية ومنطقية فيعرضهم هذا لمواجهة الظروف الأليمة، وأكرر بأنه لا يوجد من يرغب في الحب ونيل المنال ويتلذذ بالآلام، الألم هو الألم ولكن نتيجة لظروف ما قد تكمن السعاده فيما نتحمله من كد وأسي.</p>\r\n\r\n<p>و سأعرض مثال حي لهذا، من منا لم يتحمل جهد بدني شاق إلا من أجل الحصول على ميزة أو فائدة؟ ولكن من لديه الحق أن ينتقد شخص ما أراد أن يشعر بالسعادة التي لا تشوبها عواقب أليمة أو آخر أراد أن يتجنب الألم الذي ربما تنجم عنه بعض المتعة ؟&nbsp;<br />\r\nعلي الجانب الآخر نشجب ونستنكر هؤلاء الرجال المفتونون بنشوة اللحظة الهائمون في رغباتهم فلا يدركون ما يعقبها من الألم والأسي المحتم، واللوم كذلك يشمل هؤلاء الذين أخفقوا في واجباتهم نتيجة لضعف إرادتهم فيتساوي مع هؤلاء الذين يتجنبون وينأون عن تحمل الكدح والألم .<br />\r\n&nbsp;&nbsp; &nbsp; &nbsp; &nbsp; &nbsp;&nbsp;</p>', NULL, 0, '', NULL, NULL, '', NULL, NULL),
(37, 19, 1, 'Organic Bananas Bunch', '<p>Lorem ipsum dolor sit amet, consectetur adipiscing elit, sed do eiusmod tempor incididunt ut labore et dolore magna aliqua. Ut enim ad minim veniam, quis nostrud exercitation ullamco laboris nisi ut aliquip ex ea commodo consequat. Duis aute irure dolor in reprehenderit in voluptate velit esse cillum dolore eu fugiat nulla pariatur. Excepteur sint occaecat cupidatat non proident, sunt in culpa qui officia deserunt mollit anim id est laborum.</p>', NULL, 0, '', NULL, NULL, '', NULL, NULL),
(38, 19, 2, 'بانش عضويه بانش', '<p>لكن لا بد أن أوضح لك أن كل هذه الأفكار المغلوطة حول استنكار &nbsp;النشوة وتمجيد الألم نشأت بالفعل، وسأعرض لك التفاصيل لتكتشف حقيقة وأساس تلك السعادة البشرية، فلا أحد يرفض أو يكره أو يتجنب الشعور بالسعادة، ولكن بفضل هؤلاء الأشخاص الذين لا يدركون بأن السعادة لا بد أن نستشعرها بصورة أكثر عقلانية ومنطقية فيعرضهم هذا لمواجهة الظروف الأليمة، وأكرر بأنه لا يوجد من يرغب في الحب ونيل المنال ويتلذذ بالآلام، الألم هو الألم ولكن نتيجة لظروف ما قد تكمن السعاده فيما نتحمله من كد وأسي.</p>\r\n\r\n<p>و سأعرض مثال حي لهذا، من منا لم يتحمل جهد بدني شاق إلا من أجل الحصول على ميزة أو فائدة؟ ولكن من لديه الحق أن ينتقد شخص ما أراد أن يشعر بالسعادة التي لا تشوبها عواقب أليمة أو آخر أراد أن يتجنب الألم الذي ربما تنجم عنه بعض المتعة ؟&nbsp;<br />\r\nعلي الجانب الآخر نشجب ونستنكر هؤلاء الرجال المفتونون بنشوة اللحظة الهائمون في رغباتهم فلا يدركون ما يعقبها من الألم والأسي المحتم، واللوم كذلك يشمل هؤلاء الذين أخفقوا في واجباتهم نتيجة لضعف إرادتهم فيتساوي مع هؤلاء الذين يتجنبون وينأون عن تحمل الكدح والألم .<br />\r\n&nbsp;&nbsp; &nbsp; &nbsp; &nbsp; &nbsp;&nbsp;</p>', NULL, 0, '', NULL, NULL, '', NULL, NULL),
(39, 20, 1, 'Organic Strawberries', '<p>Lorem ipsum dolor sit amet, consectetur adipiscing elit, sed do eiusmod tempor incididunt ut labore et dolore magna aliqua. Ut enim ad minim veniam, quis nostrud exercitation ullamco laboris nisi ut aliquip ex ea commodo consequat. Duis aute irure dolor in reprehenderit in voluptate velit esse cillum dolore eu fugiat nulla pariatur. Excepteur sint occaecat cupidatat non proident, sunt in culpa qui officia deserunt mollit anim id est laborum.</p>', NULL, 0, NULL, 0, 0, NULL, 0, 0),
(40, 20, 2, 'الفراولة العضوية', '<p>لكن لا بد أن أوضح لك أن كل هذه الأفكار المغلوطة حول استنكار &nbsp;النشوة وتمجيد الألم نشأت بالفعل، وسأعرض لك التفاصيل لتكتشف حقيقة وأساس تلك السعادة البشرية، فلا أحد يرفض أو يكره أو يتجنب الشعور بالسعادة، ولكن بفضل هؤلاء الأشخاص الذين لا يدركون بأن السعادة لا بد أن نستشعرها بصورة أكثر عقلانية ومنطقية فيعرضهم هذا لمواجهة الظروف الأليمة، وأكرر بأنه لا يوجد من يرغب في الحب ونيل المنال ويتلذذ بالآلام، الألم هو الألم ولكن نتيجة لظروف ما قد تكمن السعاده فيما نتحمله من كد وأسي.</p>\r\n\r\n<p>و سأعرض مثال حي لهذا، من منا لم يتحمل جهد بدني شاق إلا من أجل الحصول على ميزة أو فائدة؟ ولكن من لديه الحق أن ينتقد شخص ما أراد أن يشعر بالسعادة التي لا تشوبها عواقب أليمة أو آخر أراد أن يتجنب الألم الذي ربما تنجم عنه بعض المتعة ؟&nbsp;<br />\r\nعلي الجانب الآخر نشجب ونستنكر هؤلاء الرجال المفتونون بنشوة اللحظة الهائمون في رغباتهم فلا يدركون ما يعقبها من الألم والأسي المحتم، واللوم كذلك يشمل هؤلاء الذين أخفقوا في واجباتهم نتيجة لضعف إرادتهم فيتساوي مع هؤلاء الذين يتجنبون وينأون عن تحمل الكدح والألم .<br />\r\n&nbsp;&nbsp; &nbsp; &nbsp; &nbsp; &nbsp;&nbsp;</p>', NULL, 0, NULL, 0, 0, NULL, 0, 0),
(41, 21, 1, 'Red Bell Pepper', '<p>Lorem ipsum dolor sit amet, consectetur adipiscing elit, sed do eiusmod tempor incididunt ut labore et dolore magna aliqua. Ut enim ad minim veniam, quis nostrud exercitation ullamco laboris nisi ut aliquip ex ea commodo consequat. Duis aute irure dolor in reprehenderit in voluptate velit esse cillum dolore eu fugiat nulla pariatur. Excepteur sint occaecat cupidatat non proident, sunt in culpa qui officia deserunt mollit anim id est laborum.</p>', NULL, 0, '', NULL, NULL, '', NULL, NULL),
(42, 21, 2, 'الفلفل الأحمر', '<p>لكن لا بد أن أوضح لك أن كل هذه الأفكار المغلوطة حول استنكار &nbsp;النشوة وتمجيد الألم نشأت بالفعل، وسأعرض لك التفاصيل لتكتشف حقيقة وأساس تلك السعادة البشرية، فلا أحد يرفض أو يكره أو يتجنب الشعور بالسعادة، ولكن بفضل هؤلاء الأشخاص الذين لا يدركون بأن السعادة لا بد أن نستشعرها بصورة أكثر عقلانية ومنطقية فيعرضهم هذا لمواجهة الظروف الأليمة، وأكرر بأنه لا يوجد من يرغب في الحب ونيل المنال ويتلذذ بالآلام، الألم هو الألم ولكن نتيجة لظروف ما قد تكمن السعاده فيما نتحمله من كد وأسي.</p>\r\n\r\n<p>و سأعرض مثال حي لهذا، من منا لم يتحمل جهد بدني شاق إلا من أجل الحصول على ميزة أو فائدة؟ ولكن من لديه الحق أن ينتقد شخص ما أراد أن يشعر بالسعادة التي لا تشوبها عواقب أليمة أو آخر أراد أن يتجنب الألم الذي ربما تنجم عنه بعض المتعة ؟&nbsp;<br />\r\nعلي الجانب الآخر نشجب ونستنكر هؤلاء الرجال المفتونون بنشوة اللحظة الهائمون في رغباتهم فلا يدركون ما يعقبها من الألم والأسي المحتم، واللوم كذلك يشمل هؤلاء الذين أخفقوا في واجباتهم نتيجة لضعف إرادتهم فيتساوي مع هؤلاء الذين يتجنبون وينأون عن تحمل الكدح والألم .<br />\r\n&nbsp;&nbsp; &nbsp; &nbsp; &nbsp; &nbsp;&nbsp;</p>', NULL, 0, '', NULL, NULL, '', NULL, NULL),
(43, 22, 1, 'Red-onion', '<p>Lorem ipsum dolor sit amet, consectetur adipiscing elit, sed do eiusmod tempor incididunt ut labore et dolore magna aliqua. Ut enim ad minim veniam, quis nostrud exercitation ullamco laboris nisi ut aliquip ex ea commodo consequat. Duis aute irure dolor in reprehenderit in voluptate velit esse cillum dolore eu fugiat nulla pariatur. Excepteur sint occaecat cupidatat non proident, sunt in culpa qui officia deserunt mollit anim id est laborum.</p>', NULL, 0, '', NULL, NULL, '', NULL, NULL),
(44, 22, 2, 'بصل أحمر', '<p>لكن لا بد أن أوضح لك أن كل هذه الأفكار المغلوطة حول استنكار &nbsp;النشوة وتمجيد الألم نشأت بالفعل، وسأعرض لك التفاصيل لتكتشف حقيقة وأساس تلك السعادة البشرية، فلا أحد يرفض أو يكره أو يتجنب الشعور بالسعادة، ولكن بفضل هؤلاء الأشخاص الذين لا يدركون بأن السعادة لا بد أن نستشعرها بصورة أكثر عقلانية ومنطقية فيعرضهم هذا لمواجهة الظروف الأليمة، وأكرر بأنه لا يوجد من يرغب في الحب ونيل المنال ويتلذذ بالآلام، الألم هو الألم ولكن نتيجة لظروف ما قد تكمن السعاده فيما نتحمله من كد وأسي.</p>\r\n\r\n<p>و سأعرض مثال حي لهذا، من منا لم يتحمل جهد بدني شاق إلا من أجل الحصول على ميزة أو فائدة؟ ولكن من لديه الحق أن ينتقد شخص ما أراد أن يشعر بالسعادة التي لا تشوبها عواقب أليمة أو آخر أراد أن يتجنب الألم الذي ربما تنجم عنه بعض المتعة ؟&nbsp;<br />\r\nعلي الجانب الآخر نشجب ونستنكر هؤلاء الرجال المفتونون بنشوة اللحظة الهائمون في رغباتهم فلا يدركون ما يعقبها من الألم والأسي المحتم، واللوم كذلك يشمل هؤلاء الذين أخفقوا في واجباتهم نتيجة لضعف إرادتهم فيتساوي مع هؤلاء الذين يتجنبون وينأون عن تحمل الكدح والألم .<br />\r\n&nbsp;&nbsp; &nbsp; &nbsp; &nbsp; &nbsp;&nbsp;</p>', NULL, 0, '', NULL, NULL, '', NULL, NULL),
(45, 23, 1, 'Roma Tomatoes', '<p>Lorem ipsum dolor sit amet, consectetur adipiscing elit, sed do eiusmod tempor incididunt ut labore et dolore magna aliqua. Ut enim ad minim veniam, quis nostrud exercitation ullamco laboris nisi ut aliquip ex ea commodo consequat. Duis aute irure dolor in reprehenderit in voluptate velit esse cillum dolore eu fugiat nulla pariatur. Excepteur sint occaecat cupidatat non proident, sunt in culpa qui officia deserunt mollit anim id est laborum.</p>', NULL, 0, '', NULL, NULL, '', NULL, NULL),
(46, 23, 2, 'طماطم روما', '<p>لكن لا بد أن أوضح لك أن كل هذه الأفكار المغلوطة حول استنكار &nbsp;النشوة وتمجيد الألم نشأت بالفعل، وسأعرض لك التفاصيل لتكتشف حقيقة وأساس تلك السعادة البشرية، فلا أحد يرفض أو يكره أو يتجنب الشعور بالسعادة، ولكن بفضل هؤلاء الأشخاص الذين لا يدركون بأن السعادة لا بد أن نستشعرها بصورة أكثر عقلانية ومنطقية فيعرضهم هذا لمواجهة الظروف الأليمة، وأكرر بأنه لا يوجد من يرغب في الحب ونيل المنال ويتلذذ بالآلام، الألم هو الألم ولكن نتيجة لظروف ما قد تكمن السعاده فيما نتحمله من كد وأسي.</p>\r\n\r\n<p>و سأعرض مثال حي لهذا، من منا لم يتحمل جهد بدني شاق إلا من أجل الحصول على ميزة أو فائدة؟ ولكن من لديه الحق أن ينتقد شخص ما أراد أن يشعر بالسعادة التي لا تشوبها عواقب أليمة أو آخر أراد أن يتجنب الألم الذي ربما تنجم عنه بعض المتعة ؟&nbsp;<br />\r\nعلي الجانب الآخر نشجب ونستنكر هؤلاء الرجال المفتونون بنشوة اللحظة الهائمون في رغباتهم فلا يدركون ما يعقبها من الألم والأسي المحتم، واللوم كذلك يشمل هؤلاء الذين أخفقوا في واجباتهم نتيجة لضعف إرادتهم فيتساوي مع هؤلاء الذين يتجنبون وينأون عن تحمل الكدح والألم .<br />\r\n&nbsp;&nbsp; &nbsp; &nbsp; &nbsp; &nbsp;&nbsp;</p>', NULL, 0, '', NULL, NULL, '', NULL, NULL),
(47, 24, 1, 'Beef Stew Meat', '<p>Lorem ipsum dolor sit amet, consectetur adipiscing elit, sed do eiusmod tempor incididunt ut labore et dolore magna aliqua. Ut enim ad minim veniam, quis nostrud exercitation ullamco laboris nisi ut aliquip ex ea commodo consequat. Duis aute irure dolor in reprehenderit in voluptate velit esse cillum dolore eu fugiat nulla pariatur. Excepteur sint occaecat cupidatat non proident, sunt in culpa qui officia deserunt mollit anim id est laborum.</p>', NULL, 0, '', NULL, NULL, '', NULL, NULL),
(48, 24, 2, 'لحم بقر يخنة', '<p>لكن لا بد أن أوضح لك أن كل هذه الأفكار المغلوطة حول استنكار &nbsp;النشوة وتمجيد الألم نشأت بالفعل، وسأعرض لك التفاصيل لتكتشف حقيقة وأساس تلك السعادة البشرية، فلا أحد يرفض أو يكره أو يتجنب الشعور بالسعادة، ولكن بفضل هؤلاء الأشخاص الذين لا يدركون بأن السعادة لا بد أن نستشعرها بصورة أكثر عقلانية ومنطقية فيعرضهم هذا لمواجهة الظروف الأليمة، وأكرر بأنه لا يوجد من يرغب في الحب ونيل المنال ويتلذذ بالآلام، الألم هو الألم ولكن نتيجة لظروف ما قد تكمن السعاده فيما نتحمله من كد وأسي.</p>\r\n\r\n<p>و سأعرض مثال حي لهذا، من منا لم يتحمل جهد بدني شاق إلا من أجل الحصول على ميزة أو فائدة؟ ولكن من لديه الحق أن ينتقد شخص ما أراد أن يشعر بالسعادة التي لا تشوبها عواقب أليمة أو آخر أراد أن يتجنب الألم الذي ربما تنجم عنه بعض المتعة ؟&nbsp;<br />\r\nعلي الجانب الآخر نشجب ونستنكر هؤلاء الرجال المفتونون بنشوة اللحظة الهائمون في رغباتهم فلا يدركون ما يعقبها من الألم والأسي المحتم، واللوم كذلك يشمل هؤلاء الذين أخفقوا في واجباتهم نتيجة لضعف إرادتهم فيتساوي مع هؤلاء الذين يتجنبون وينأون عن تحمل الكدح والألم .<br />\r\n&nbsp;&nbsp; &nbsp; &nbsp; &nbsp; &nbsp;&nbsp;</p>', NULL, 0, '', NULL, NULL, '', NULL, NULL),
(49, 25, 1, 'Cooked & Peeled', '<p>Lorem ipsum dolor sit amet, consectetur adipiscing elit, sed do eiusmod tempor incididunt ut labore et dolore magna aliqua. Ut enim ad minim veniam, quis nostrud exercitation ullamco laboris nisi ut aliquip ex ea commodo consequat. Duis aute irure dolor in reprehenderit in voluptate velit esse cillum dolore eu fugiat nulla pariatur. Excepteur sint occaecat cupidatat non proident, sunt in culpa qui officia deserunt mollit anim id est laborum.</p>', NULL, 0, '', NULL, NULL, '', NULL, NULL),
(50, 25, 2, 'مطبوخ ومقشر', '<p>لكن لا بد أن أوضح لك أن كل هذه الأفكار المغلوطة حول استنكار &nbsp;النشوة وتمجيد الألم نشأت بالفعل، وسأعرض لك التفاصيل لتكتشف حقيقة وأساس تلك السعادة البشرية، فلا أحد يرفض أو يكره أو يتجنب الشعور بالسعادة، ولكن بفضل هؤلاء الأشخاص الذين لا يدركون بأن السعادة لا بد أن نستشعرها بصورة أكثر عقلانية ومنطقية فيعرضهم هذا لمواجهة الظروف الأليمة، وأكرر بأنه لا يوجد من يرغب في الحب ونيل المنال ويتلذذ بالآلام، الألم هو الألم ولكن نتيجة لظروف ما قد تكمن السعاده فيما نتحمله من كد وأسي.</p>\r\n\r\n<p>و سأعرض مثال حي لهذا، من منا لم يتحمل جهد بدني شاق إلا من أجل الحصول على ميزة أو فائدة؟ ولكن من لديه الحق أن ينتقد شخص ما أراد أن يشعر بالسعادة التي لا تشوبها عواقب أليمة أو آخر أراد أن يتجنب الألم الذي ربما تنجم عنه بعض المتعة ؟&nbsp;<br />\r\nعلي الجانب الآخر نشجب ونستنكر هؤلاء الرجال المفتونون بنشوة اللحظة الهائمون في رغباتهم فلا يدركون ما يعقبها من الألم والأسي المحتم، واللوم كذلك يشمل هؤلاء الذين أخفقوا في واجباتهم نتيجة لضعف إرادتهم فيتساوي مع هؤلاء الذين يتجنبون وينأون عن تحمل الكدح والألم .<br />\r\n&nbsp;&nbsp; &nbsp; &nbsp; &nbsp; &nbsp;&nbsp;</p>', NULL, 0, '', NULL, NULL, '', NULL, NULL),
(51, 26, 1, 'Economy Chicken Drumsticks', '<p>Lorem ipsum dolor sit amet, consectetur adipiscing elit, sed do eiusmod tempor incididunt ut labore et dolore magna aliqua. Ut enim ad minim veniam, quis nostrud exercitation ullamco laboris nisi ut aliquip ex ea commodo consequat. Duis aute irure dolor in reprehenderit in voluptate velit esse cillum dolore eu fugiat nulla pariatur. Excepteur sint occaecat cupidatat non proident, sunt in culpa qui officia deserunt mollit anim id est laborum.</p>', NULL, 0, '', NULL, NULL, '', NULL, NULL),
(52, 26, 2, 'أفخاذ الدجاج الاقتصادية', '<p>لكن لا بد أن أوضح لك أن كل هذه الأفكار المغلوطة حول استنكار &nbsp;النشوة وتمجيد الألم نشأت بالفعل، وسأعرض لك التفاصيل لتكتشف حقيقة وأساس تلك السعادة البشرية، فلا أحد يرفض أو يكره أو يتجنب الشعور بالسعادة، ولكن بفضل هؤلاء الأشخاص الذين لا يدركون بأن السعادة لا بد أن نستشعرها بصورة أكثر عقلانية ومنطقية فيعرضهم هذا لمواجهة الظروف الأليمة، وأكرر بأنه لا يوجد من يرغب في الحب ونيل المنال ويتلذذ بالآلام، الألم هو الألم ولكن نتيجة لظروف ما قد تكمن السعاده فيما نتحمله من كد وأسي.</p>\r\n\r\n<p>و سأعرض مثال حي لهذا، من منا لم يتحمل جهد بدني شاق إلا من أجل الحصول على ميزة أو فائدة؟ ولكن من لديه الحق أن ينتقد شخص ما أراد أن يشعر بالسعادة التي لا تشوبها عواقب أليمة أو آخر أراد أن يتجنب الألم الذي ربما تنجم عنه بعض المتعة ؟&nbsp;<br />\r\nعلي الجانب الآخر نشجب ونستنكر هؤلاء الرجال المفتونون بنشوة اللحظة الهائمون في رغباتهم فلا يدركون ما يعقبها من الألم والأسي المحتم، واللوم كذلك يشمل هؤلاء الذين أخفقوا في واجباتهم نتيجة لضعف إرادتهم فيتساوي مع هؤلاء الذين يتجنبون وينأون عن تحمل الكدح والألم .<br />\r\n&nbsp;&nbsp; &nbsp; &nbsp; &nbsp; &nbsp;&nbsp;</p>', NULL, 0, '', NULL, NULL, '', NULL, NULL),
(53, 27, 1, 'Peeled & Deveined Tail', '<p>Lorem ipsum dolor sit amet, consectetur adipiscing elit, sed do eiusmod tempor incididunt ut labore et dolore magna aliqua. Ut enim ad minim veniam, quis nostrud exercitation ullamco laboris nisi ut aliquip ex ea commodo consequat. Duis aute irure dolor in reprehenderit in voluptate velit esse cillum dolore eu fugiat nulla pariatur. Excepteur sint occaecat cupidatat non proident, sunt in culpa qui officia deserunt mollit anim id est laborum.</p>', NULL, 0, '', NULL, NULL, '', NULL, NULL),
(54, 27, 2, 'ذيل مقشر و ديفينيد', '<p>لكن لا بد أن أوضح لك أن كل هذه الأفكار المغلوطة حول استنكار &nbsp;النشوة وتمجيد الألم نشأت بالفعل، وسأعرض لك التفاصيل لتكتشف حقيقة وأساس تلك السعادة البشرية، فلا أحد يرفض أو يكره أو يتجنب الشعور بالسعادة، ولكن بفضل هؤلاء الأشخاص الذين لا يدركون بأن السعادة لا بد أن نستشعرها بصورة أكثر عقلانية ومنطقية فيعرضهم هذا لمواجهة الظروف الأليمة، وأكرر بأنه لا يوجد من يرغب في الحب ونيل المنال ويتلذذ بالآلام، الألم هو الألم ولكن نتيجة لظروف ما قد تكمن السعاده فيما نتحمله من كد وأسي.</p>\r\n\r\n<p>و سأعرض مثال حي لهذا، من منا لم يتحمل جهد بدني شاق إلا من أجل الحصول على ميزة أو فائدة؟ ولكن من لديه الحق أن ينتقد شخص ما أراد أن يشعر بالسعادة التي لا تشوبها عواقب أليمة أو آخر أراد أن يتجنب الألم الذي ربما تنجم عنه بعض المتعة ؟&nbsp;<br />\r\nعلي الجانب الآخر نشجب ونستنكر هؤلاء الرجال المفتونون بنشوة اللحظة الهائمون في رغباتهم فلا يدركون ما يعقبها من الألم والأسي المحتم، واللوم كذلك يشمل هؤلاء الذين أخفقوا في واجباتهم نتيجة لضعف إرادتهم فيتساوي مع هؤلاء الذين يتجنبون وينأون عن تحمل الكدح والألم .<br />\r\n&nbsp;&nbsp; &nbsp; &nbsp; &nbsp; &nbsp;&nbsp;</p>', NULL, 0, '', NULL, NULL, '', NULL, NULL),
(55, 28, 1, 'Trout fillets', '<p>Lorem ipsum dolor sit amet, consectetur adipiscing elit, sed do eiusmod tempor incididunt ut labore et dolore magna aliqua. Ut enim ad minim veniam, quis nostrud exercitation ullamco laboris nisi ut aliquip ex ea commodo consequat. Duis aute irure dolor in reprehenderit in voluptate velit esse cillum dolore eu fugiat nulla pariatur. Excepteur sint occaecat cupidatat non proident, sunt in culpa qui officia deserunt mollit anim id est laborum.</p>', NULL, 0, '', NULL, NULL, '', NULL, NULL),
(56, 28, 2, 'فيليه سمك السلمون المرقط', '<p>لكن لا بد أن أوضح لك أن كل هذه الأفكار المغلوطة حول استنكار &nbsp;النشوة وتمجيد الألم نشأت بالفعل، وسأعرض لك التفاصيل لتكتشف حقيقة وأساس تلك السعادة البشرية، فلا أحد يرفض أو يكره أو يتجنب الشعور بالسعادة، ولكن بفضل هؤلاء الأشخاص الذين لا يدركون بأن السعادة لا بد أن نستشعرها بصورة أكثر عقلانية ومنطقية فيعرضهم هذا لمواجهة الظروف الأليمة، وأكرر بأنه لا يوجد من يرغب في الحب ونيل المنال ويتلذذ بالآلام، الألم هو الألم ولكن نتيجة لظروف ما قد تكمن السعاده فيما نتحمله من كد وأسي.</p>\r\n\r\n<p>و سأعرض مثال حي لهذا، من منا لم يتحمل جهد بدني شاق إلا من أجل الحصول على ميزة أو فائدة؟ ولكن من لديه الحق أن ينتقد شخص ما أراد أن يشعر بالسعادة التي لا تشوبها عواقب أليمة أو آخر أراد أن يتجنب الألم الذي ربما تنجم عنه بعض المتعة ؟&nbsp;<br />\r\nعلي الجانب الآخر نشجب ونستنكر هؤلاء الرجال المفتونون بنشوة اللحظة الهائمون في رغباتهم فلا يدركون ما يعقبها من الألم والأسي المحتم، واللوم كذلك يشمل هؤلاء الذين أخفقوا في واجباتهم نتيجة لضعف إرادتهم فيتساوي مع هؤلاء الذين يتجنبون وينأون عن تحمل الكدح والألم .<br />\r\n&nbsp;&nbsp; &nbsp; &nbsp; &nbsp; &nbsp;&nbsp;</p>', NULL, 0, '', NULL, NULL, '', NULL, NULL),
(57, 29, 1, 'Cheese Tortilla Chips', '<p>Lorem ipsum dolor sit amet, consectetur adipiscing elit, sed do eiusmod tempor incididunt ut labore et dolore magna aliqua. Ut enim ad minim veniam, quis nostrud exercitation ullamco laboris nisi ut aliquip ex ea commodo consequat. Duis aute irure dolor in reprehenderit in voluptate velit esse cillum dolore eu fugiat nulla pariatur. Excepteur sint occaecat cupidatat non proident, sunt in culpa qui officia deserunt mollit anim id est laborum.</p>', NULL, 0, '', NULL, NULL, '', NULL, NULL),
(58, 29, 2, 'رقائق تورتيلا بالجبنة', '<p>لكن لا بد أن أوضح لك أن كل هذه الأفكار المغلوطة حول استنكار &nbsp;النشوة وتمجيد الألم نشأت بالفعل، وسأعرض لك التفاصيل لتكتشف حقيقة وأساس تلك السعادة البشرية، فلا أحد يرفض أو يكره أو يتجنب الشعور بالسعادة، ولكن بفضل هؤلاء الأشخاص الذين لا يدركون بأن السعادة لا بد أن نستشعرها بصورة أكثر عقلانية ومنطقية فيعرضهم هذا لمواجهة الظروف الأليمة، وأكرر بأنه لا يوجد من يرغب في الحب ونيل المنال ويتلذذ بالآلام، الألم هو الألم ولكن نتيجة لظروف ما قد تكمن السعاده فيما نتحمله من كد وأسي.</p>\r\n\r\n<p>و سأعرض مثال حي لهذا، من منا لم يتحمل جهد بدني شاق إلا من أجل الحصول على ميزة أو فائدة؟ ولكن من لديه الحق أن ينتقد شخص ما أراد أن يشعر بالسعادة التي لا تشوبها عواقب أليمة أو آخر أراد أن يتجنب الألم الذي ربما تنجم عنه بعض المتعة ؟&nbsp;<br />\r\nعلي الجانب الآخر نشجب ونستنكر هؤلاء الرجال المفتونون بنشوة اللحظة الهائمون في رغباتهم فلا يدركون ما يعقبها من الألم والأسي المحتم، واللوم كذلك يشمل هؤلاء الذين أخفقوا في واجباتهم نتيجة لضعف إرادتهم فيتساوي مع هؤلاء الذين يتجنبون وينأون عن تحمل الكدح والألم .<br />\r\n&nbsp;&nbsp; &nbsp; &nbsp; &nbsp; &nbsp;&nbsp;</p>', NULL, 0, '', NULL, NULL, '', NULL, NULL),
(59, 30, 1, 'Ginger Root', '<p>Lorem ipsum dolor sit amet, consectetur adipiscing elit, sed do eiusmod tempor incididunt ut labore et dolore magna aliqua. Ut enim ad minim veniam, quis nostrud exercitation ullamco laboris nisi ut aliquip ex ea commodo consequat. Duis aute irure dolor in reprehenderit in voluptate velit esse cillum dolore eu fugiat nulla pariatur. Excepteur sint occaecat cupidatat non proident, sunt in culpa qui officia deserunt mollit anim id est laborum.</p>', NULL, 0, '', NULL, NULL, '', NULL, NULL);
INSERT INTO `products_description` (`id`, `products_id`, `language_id`, `products_name`, `products_description`, `products_url`, `products_viewed`, `products_left_banner`, `products_left_banner_start_date`, `products_left_banner_expire_date`, `products_right_banner`, `products_right_banner_start_date`, `products_right_banner_expire_date`) VALUES
(60, 30, 2, 'جذر الزنجبيل', '<p>لكن لا بد أن أوضح لك أن كل هذه الأفكار المغلوطة حول استنكار &nbsp;النشوة وتمجيد الألم نشأت بالفعل، وسأعرض لك التفاصيل لتكتشف حقيقة وأساس تلك السعادة البشرية، فلا أحد يرفض أو يكره أو يتجنب الشعور بالسعادة، ولكن بفضل هؤلاء الأشخاص الذين لا يدركون بأن السعادة لا بد أن نستشعرها بصورة أكثر عقلانية ومنطقية فيعرضهم هذا لمواجهة الظروف الأليمة، وأكرر بأنه لا يوجد من يرغب في الحب ونيل المنال ويتلذذ بالآلام، الألم هو الألم ولكن نتيجة لظروف ما قد تكمن السعاده فيما نتحمله من كد وأسي.</p>\r\n\r\n<p>و سأعرض مثال حي لهذا، من منا لم يتحمل جهد بدني شاق إلا من أجل الحصول على ميزة أو فائدة؟ ولكن من لديه الحق أن ينتقد شخص ما أراد أن يشعر بالسعادة التي لا تشوبها عواقب أليمة أو آخر أراد أن يتجنب الألم الذي ربما تنجم عنه بعض المتعة ؟&nbsp;<br />\r\nعلي الجانب الآخر نشجب ونستنكر هؤلاء الرجال المفتونون بنشوة اللحظة الهائمون في رغباتهم فلا يدركون ما يعقبها من الألم والأسي المحتم، واللوم كذلك يشمل هؤلاء الذين أخفقوا في واجباتهم نتيجة لضعف إرادتهم فيتساوي مع هؤلاء الذين يتجنبون وينأون عن تحمل الكدح والألم .<br />\r\n&nbsp;&nbsp; &nbsp; &nbsp; &nbsp; &nbsp;&nbsp;</p>', NULL, 0, '', NULL, NULL, '', NULL, NULL),
(61, 31, 1, 'Kit Kat White Creme Wafer', '<p>Lorem ipsum dolor sit amet, consectetur adipiscing elit, sed do eiusmod tempor incididunt ut labore et dolore magna aliqua. Ut enim ad minim veniam, quis nostrud exercitation ullamco laboris nisi ut aliquip ex ea commodo consequat. Duis aute irure dolor in reprehenderit in voluptate velit esse cillum dolore eu fugiat nulla pariatur. Excepteur sint occaecat cupidatat non proident, sunt in culpa qui officia deserunt mollit anim id est laborum.</p>', NULL, 0, '', NULL, NULL, '', NULL, NULL),
(62, 31, 2, 'كيت كات وايت كريم رقاقة', '<p>لكن لا بد أن أوضح لك أن كل هذه الأفكار المغلوطة حول استنكار &nbsp;النشوة وتمجيد الألم نشأت بالفعل، وسأعرض لك التفاصيل لتكتشف حقيقة وأساس تلك السعادة البشرية، فلا أحد يرفض أو يكره أو يتجنب الشعور بالسعادة، ولكن بفضل هؤلاء الأشخاص الذين لا يدركون بأن السعادة لا بد أن نستشعرها بصورة أكثر عقلانية ومنطقية فيعرضهم هذا لمواجهة الظروف الأليمة، وأكرر بأنه لا يوجد من يرغب في الحب ونيل المنال ويتلذذ بالآلام، الألم هو الألم ولكن نتيجة لظروف ما قد تكمن السعاده فيما نتحمله من كد وأسي.</p>\r\n\r\n<p>و سأعرض مثال حي لهذا، من منا لم يتحمل جهد بدني شاق إلا من أجل الحصول على ميزة أو فائدة؟ ولكن من لديه الحق أن ينتقد شخص ما أراد أن يشعر بالسعادة التي لا تشوبها عواقب أليمة أو آخر أراد أن يتجنب الألم الذي ربما تنجم عنه بعض المتعة ؟&nbsp;<br />\r\nعلي الجانب الآخر نشجب ونستنكر هؤلاء الرجال المفتونون بنشوة اللحظة الهائمون في رغباتهم فلا يدركون ما يعقبها من الألم والأسي المحتم، واللوم كذلك يشمل هؤلاء الذين أخفقوا في واجباتهم نتيجة لضعف إرادتهم فيتساوي مع هؤلاء الذين يتجنبون وينأون عن تحمل الكدح والألم .<br />\r\n&nbsp;&nbsp; &nbsp; &nbsp; &nbsp; &nbsp;&nbsp;</p>', NULL, 0, '', NULL, NULL, '', NULL, NULL),
(63, 32, 1, 'Milk Chocolate Candies', '<p>Lorem ipsum dolor sit amet, consectetur adipiscing elit, sed do eiusmod tempor incididunt ut labore et dolore magna aliqua. Ut enim ad minim veniam, quis nostrud exercitation ullamco laboris nisi ut aliquip ex ea commodo consequat. Duis aute irure dolor in reprehenderit in voluptate velit esse cillum dolore eu fugiat nulla pariatur. Excepteur sint occaecat cupidatat non proident, sunt in culpa qui officia deserunt mollit anim id est laborum.</p>', NULL, 0, '', NULL, NULL, '', NULL, NULL),
(64, 32, 2, 'حلويات شوكولاتة الحليب', '<p>لكن لا بد أن أوضح لك أن كل هذه الأفكار المغلوطة حول استنكار &nbsp;النشوة وتمجيد الألم نشأت بالفعل، وسأعرض لك التفاصيل لتكتشف حقيقة وأساس تلك السعادة البشرية، فلا أحد يرفض أو يكره أو يتجنب الشعور بالسعادة، ولكن بفضل هؤلاء الأشخاص الذين لا يدركون بأن السعادة لا بد أن نستشعرها بصورة أكثر عقلانية ومنطقية فيعرضهم هذا لمواجهة الظروف الأليمة، وأكرر بأنه لا يوجد من يرغب في الحب ونيل المنال ويتلذذ بالآلام، الألم هو الألم ولكن نتيجة لظروف ما قد تكمن السعاده فيما نتحمله من كد وأسي.</p>\r\n\r\n<p>و سأعرض مثال حي لهذا، من منا لم يتحمل جهد بدني شاق إلا من أجل الحصول على ميزة أو فائدة؟ ولكن من لديه الحق أن ينتقد شخص ما أراد أن يشعر بالسعادة التي لا تشوبها عواقب أليمة أو آخر أراد أن يتجنب الألم الذي ربما تنجم عنه بعض المتعة ؟&nbsp;<br />\r\nعلي الجانب الآخر نشجب ونستنكر هؤلاء الرجال المفتونون بنشوة اللحظة الهائمون في رغباتهم فلا يدركون ما يعقبها من الألم والأسي المحتم، واللوم كذلك يشمل هؤلاء الذين أخفقوا في واجباتهم نتيجة لضعف إرادتهم فيتساوي مع هؤلاء الذين يتجنبون وينأون عن تحمل الكدح والألم .<br />\r\n&nbsp;&nbsp; &nbsp; &nbsp; &nbsp; &nbsp;&nbsp;</p>', NULL, 0, '', NULL, NULL, '', NULL, NULL),
(65, 33, 1, 'Naked Pita Chips', '<p>Lorem ipsum dolor sit amet, consectetur adipiscing elit, sed do eiusmod tempor incididunt ut labore et dolore magna aliqua. Ut enim ad minim veniam, quis nostrud exercitation ullamco laboris nisi ut aliquip ex ea commodo consequat. Duis aute irure dolor in reprehenderit in voluptate velit esse cillum dolore eu fugiat nulla pariatur. Excepteur sint occaecat cupidatat non proident, sunt in culpa qui officia deserunt mollit anim id est laborum.</p>', NULL, 0, '', NULL, NULL, '', NULL, NULL),
(66, 33, 2, 'رقائق بيتا عارية', '<p>لكن لا بد أن أوضح لك أن كل هذه الأفكار المغلوطة حول استنكار &nbsp;النشوة وتمجيد الألم نشأت بالفعل، وسأعرض لك التفاصيل لتكتشف حقيقة وأساس تلك السعادة البشرية، فلا أحد يرفض أو يكره أو يتجنب الشعور بالسعادة، ولكن بفضل هؤلاء الأشخاص الذين لا يدركون بأن السعادة لا بد أن نستشعرها بصورة أكثر عقلانية ومنطقية فيعرضهم هذا لمواجهة الظروف الأليمة، وأكرر بأنه لا يوجد من يرغب في الحب ونيل المنال ويتلذذ بالآلام، الألم هو الألم ولكن نتيجة لظروف ما قد تكمن السعاده فيما نتحمله من كد وأسي.</p>\r\n\r\n<p>و سأعرض مثال حي لهذا، من منا لم يتحمل جهد بدني شاق إلا من أجل الحصول على ميزة أو فائدة؟ ولكن من لديه الحق أن ينتقد شخص ما أراد أن يشعر بالسعادة التي لا تشوبها عواقب أليمة أو آخر أراد أن يتجنب الألم الذي ربما تنجم عنه بعض المتعة ؟&nbsp;<br />\r\nعلي الجانب الآخر نشجب ونستنكر هؤلاء الرجال المفتونون بنشوة اللحظة الهائمون في رغباتهم فلا يدركون ما يعقبها من الألم والأسي المحتم، واللوم كذلك يشمل هؤلاء الذين أخفقوا في واجباتهم نتيجة لضعف إرادتهم فيتساوي مع هؤلاء الذين يتجنبون وينأون عن تحمل الكدح والألم .<br />\r\n&nbsp;&nbsp; &nbsp; &nbsp; &nbsp; &nbsp;&nbsp;</p>', NULL, 0, '', NULL, NULL, '', NULL, NULL),
(67, 34, 1, 'Mixed Berry Fruity Snacks Pouches', '<p>Lorem ipsum dolor sit amet, consectetur adipiscing elit, sed do eiusmod tempor incididunt ut labore et dolore magna aliqua. Ut enim ad minim veniam, quis nostrud exercitation ullamco laboris nisi ut aliquip ex ea commodo consequat. Duis aute irure dolor in reprehenderit in voluptate velit esse cillum dolore eu fugiat nulla pariatur. Excepteur sint occaecat cupidatat non proident, sunt in culpa qui officia deserunt mollit anim id est laborum.</p>', NULL, 0, '', NULL, NULL, '', NULL, NULL),
(68, 34, 2, 'مختلطة بيري فاكهي وجبات خفيفة الحقائب', '<p>لكن لا بد أن أوضح لك أن كل هذه الأفكار المغلوطة حول استنكار &nbsp;النشوة وتمجيد الألم نشأت بالفعل، وسأعرض لك التفاصيل لتكتشف حقيقة وأساس تلك السعادة البشرية، فلا أحد يرفض أو يكره أو يتجنب الشعور بالسعادة، ولكن بفضل هؤلاء الأشخاص الذين لا يدركون بأن السعادة لا بد أن نستشعرها بصورة أكثر عقلانية ومنطقية فيعرضهم هذا لمواجهة الظروف الأليمة، وأكرر بأنه لا يوجد من يرغب في الحب ونيل المنال ويتلذذ بالآلام، الألم هو الألم ولكن نتيجة لظروف ما قد تكمن السعاده فيما نتحمله من كد وأسي.</p>\r\n\r\n<p>و سأعرض مثال حي لهذا، من منا لم يتحمل جهد بدني شاق إلا من أجل الحصول على ميزة أو فائدة؟ ولكن من لديه الحق أن ينتقد شخص ما أراد أن يشعر بالسعادة التي لا تشوبها عواقب أليمة أو آخر أراد أن يتجنب الألم الذي ربما تنجم عنه بعض المتعة ؟&nbsp;<br />\r\nعلي الجانب الآخر نشجب ونستنكر هؤلاء الرجال المفتونون بنشوة اللحظة الهائمون في رغباتهم فلا يدركون ما يعقبها من الألم والأسي المحتم، واللوم كذلك يشمل هؤلاء الذين أخفقوا في واجباتهم نتيجة لضعف إرادتهم فيتساوي مع هؤلاء الذين يتجنبون وينأون عن تحمل الكدح والألم .<br />\r\n&nbsp;&nbsp; &nbsp; &nbsp; &nbsp; &nbsp;&nbsp;</p>', NULL, 0, '', NULL, NULL, '', NULL, NULL),
(69, 35, 1, 'Party Size Crackers', '<p>Lorem ipsum dolor sit amet, consectetur adipiscing elit, sed do eiusmod tempor incididunt ut labore et dolore magna aliqua. Ut enim ad minim veniam, quis nostrud exercitation ullamco laboris nisi ut aliquip ex ea commodo consequat. Duis aute irure dolor in reprehenderit in voluptate velit esse cillum dolore eu fugiat nulla pariatur. Excepteur sint occaecat cupidatat non proident, sunt in culpa qui officia deserunt mollit anim id est laborum.</p>', NULL, 0, '', NULL, NULL, '', NULL, NULL),
(70, 35, 2, 'المفرقعات حجم الحزب', '<p>لكن لا بد أن أوضح لك أن كل هذه الأفكار المغلوطة حول استنكار &nbsp;النشوة وتمجيد الألم نشأت بالفعل، وسأعرض لك التفاصيل لتكتشف حقيقة وأساس تلك السعادة البشرية، فلا أحد يرفض أو يكره أو يتجنب الشعور بالسعادة، ولكن بفضل هؤلاء الأشخاص الذين لا يدركون بأن السعادة لا بد أن نستشعرها بصورة أكثر عقلانية ومنطقية فيعرضهم هذا لمواجهة الظروف الأليمة، وأكرر بأنه لا يوجد من يرغب في الحب ونيل المنال ويتلذذ بالآلام، الألم هو الألم ولكن نتيجة لظروف ما قد تكمن السعاده فيما نتحمله من كد وأسي.</p>\r\n\r\n<p>و سأعرض مثال حي لهذا، من منا لم يتحمل جهد بدني شاق إلا من أجل الحصول على ميزة أو فائدة؟ ولكن من لديه الحق أن ينتقد شخص ما أراد أن يشعر بالسعادة التي لا تشوبها عواقب أليمة أو آخر أراد أن يتجنب الألم الذي ربما تنجم عنه بعض المتعة ؟&nbsp;<br />\r\nعلي الجانب الآخر نشجب ونستنكر هؤلاء الرجال المفتونون بنشوة اللحظة الهائمون في رغباتهم فلا يدركون ما يعقبها من الألم والأسي المحتم، واللوم كذلك يشمل هؤلاء الذين أخفقوا في واجباتهم نتيجة لضعف إرادتهم فيتساوي مع هؤلاء الذين يتجنبون وينأون عن تحمل الكدح والألم .<br />\r\n&nbsp;&nbsp; &nbsp; &nbsp; &nbsp; &nbsp;&nbsp;</p>', NULL, 0, '', NULL, NULL, '', NULL, NULL),
(71, 36, 1, 'Pillsbury Cinnamon Rolls', '<p>Lorem ipsum dolor sit amet, consectetur adipiscing elit, sed do eiusmod tempor incididunt ut labore et dolore magna aliqua. Ut enim ad minim veniam, quis nostrud exercitation ullamco laboris nisi ut aliquip ex ea commodo consequat. Duis aute irure dolor in reprehenderit in voluptate velit esse cillum dolore eu fugiat nulla pariatur. Excepteur sint occaecat cupidatat non proident, sunt in culpa qui officia deserunt mollit anim id est laborum.</p>', NULL, 0, '', NULL, NULL, '', NULL, NULL),
(72, 36, 2, 'بيلزبري رولز القرفة', '<p>لكن لا بد أن أوضح لك أن كل هذه الأفكار المغلوطة حول استنكار &nbsp;النشوة وتمجيد الألم نشأت بالفعل، وسأعرض لك التفاصيل لتكتشف حقيقة وأساس تلك السعادة البشرية، فلا أحد يرفض أو يكره أو يتجنب الشعور بالسعادة، ولكن بفضل هؤلاء الأشخاص الذين لا يدركون بأن السعادة لا بد أن نستشعرها بصورة أكثر عقلانية ومنطقية فيعرضهم هذا لمواجهة الظروف الأليمة، وأكرر بأنه لا يوجد من يرغب في الحب ونيل المنال ويتلذذ بالآلام، الألم هو الألم ولكن نتيجة لظروف ما قد تكمن السعاده فيما نتحمله من كد وأسي.</p>\r\n\r\n<p>و سأعرض مثال حي لهذا، من منا لم يتحمل جهد بدني شاق إلا من أجل الحصول على ميزة أو فائدة؟ ولكن من لديه الحق أن ينتقد شخص ما أراد أن يشعر بالسعادة التي لا تشوبها عواقب أليمة أو آخر أراد أن يتجنب الألم الذي ربما تنجم عنه بعض المتعة ؟&nbsp;<br />\r\nعلي الجانب الآخر نشجب ونستنكر هؤلاء الرجال المفتونون بنشوة اللحظة الهائمون في رغباتهم فلا يدركون ما يعقبها من الألم والأسي المحتم، واللوم كذلك يشمل هؤلاء الذين أخفقوا في واجباتهم نتيجة لضعف إرادتهم فيتساوي مع هؤلاء الذين يتجنبون وينأون عن تحمل الكدح والألم .<br />\r\n&nbsp;&nbsp; &nbsp; &nbsp; &nbsp; &nbsp;&nbsp;</p>', NULL, 0, '', NULL, NULL, '', NULL, NULL),
(73, 37, 1, 'Up Coming', '<p>Up Coming&nbsp;Up Coming&nbsp;Up Coming&nbsp;Up Coming&nbsp;Up Coming</p>', NULL, 0, NULL, 0, 0, NULL, 0, 0),
(74, 37, 2, 'شحن سريع عالمي سريع', '<p>Up ComingUp ComingUp ComingUp ComingUp ComingUp Coming</p>', NULL, 0, NULL, 0, 0, NULL, 0, 0),
(75, 38, 1, 'Flower Mushroom', '<p>Lorem ipsum dolor sit amet, consectetur adipiscing elit, sed do eiusmod tempor incididunt ut labore et dolore magna aliqua. Ut enim ad minim veniam, quis nostrud exercitation ullamco laboris nisi ut aliquip ex ea commodo consequat. Duis aute irure dolor in reprehenderit in voluptate velit esse cillum dolore eu fugiat.</p>', NULL, 0, '', NULL, NULL, '', NULL, NULL),
(76, 38, 2, 'فطر الزهور', '<p>ان هُزم لعدم أدنى قام, ودول شدّت عن جُل. عن حين تاريخ والكساد, عدد إذ تحرّك قتيل،. أي ولم تعداد مقاومة, فاتّبع الساحة عدد إذ, قِبل الأول الأرضية أم تعد. خطّة وإعلان بلا أي. بـ وزارة جزيرتي حدى.</p>\r\n\r\n<p>بأيدي لبولندا، بـ أخذ, و دون مقاطعة للأراضي. بـ الثقيل بأضرار والمعدات مكن. لغزو الغالي الإقتصادي دول من, الضروري شموليةً بـ بعد. كل لفشل علاقة كان. تعد أن الصين وبالتحديد،.</p>\r\n\r\n<p>ويعزى الشتوية الأوروبيّون عرض من. شعار بتحدّي الأهداف ان لها, وبغطاء العالمي إذ به،. لكون مليارات المزيفة أخذ أن, هنا؟ أطراف تكتيكاً بال أن. أصقاع بأضرار بلا أن, مع كانت الصفحات لإنعدام وفي, أمدها وعُرفت وإيطالي بلا بل.</p>\r\n\r\n<p>مرجع واندونيسيا، بها عل. كل ذات المدن المشترك وبولندا, اتّجة اقتصادية حيث هو. الثقيل الشّعبين أضف عل, جعل أم بسبب الإطلاق. عن دون بزمام مواقعها, عن شيء بشرية بالمحور التغييرات, مكن قد الله شواطيء استمرار. للسيطرة تغييرات الإتحاد ٣٠ دول. وبحلول والديون المبرمة بعض مع, جهة عليها العالم التجارية إذ.</p>\r\n\r\n<p>مع واستمر الأوروبي بحث, وزارة فرنسا الأول بل أسر. من وفي أهّل البرية وتنامت, هو وفي معارضة وقدّموا واشتدّت. عرض هو وايرلندا الجديدة،. أخر مع إبّان العالم التقليدية. ودول لهيمنة هذا عن. دار بـ تصفح سليمان، الشتاء،, إذ يتسنّى ومطالبة شيء. تم هذا والتي الغالي الأوروبية, أن حتى قدما شاسعة التحالف.</p>\r\n\r\n<p>عل دار حكومة بزمام شواطيء, ولم بداية السبب والقرى تم, فسقط ا للإتحاد وفي بـ. لم ضمنها بتحدّي ولم, بالإنزال سنغافورة لم جهة. بحق تطوير لإعلان أم. كان ٣٠ التي اتفاق, ٣٠ كان ماشاء الأرض العدّ. فقامت الأحمر الأثناء، عن أخذ, جورج وقام المزيفة أما ما. ما حدى الباهضة ومحاولة, قِبل وبعدما أضف من, بشكل اتفاقية أسر في.</p>\r\n\r\n<p>بحق لهذه لعدم بل, فسقط ايطاليا، المؤلّفة ٣٠ حيث, شيء ان بوابة التّحول. يبق جدول الخاسر الإطلاق كل, أراض الأوربيين شيء ٣٠. تم شدّت وبالتحديد، لكل, دون التنازلي الإيطالية عل. جديدة الدول ومن ثم. أمام الوراء كان قد. غير عل سقطت لدحر قِبل.</p>\r\n\r\n<p>الا وقرى استدعى اسبوعين و. دون قائمة ويتّفق التجارية قد. بل خيار اعلان تحت. دار عن عشوائية الموسوعة, ومن ما يرتبط إستيلاء وبلجيكا،, يبق الأوضاع الإمتعاض هو. لكل فقامت واشتدّت المتساقطة، هو.</p>\r\n\r\n<p>الآخر الحيلولة واندونيسيا، تحت ان. حدى ٣٠ الشرقي الإنزال. غينيا بالتوقيع تحت أي, في ذلك أحكم الشرقية التخطيط. ثم الآخر الجديدة، اليابانية بعد, ووصف كانتا تحت مع. إذ النفط الجنرال هذا, ضرب مشاركة والمانيا مع, الخاطفة لتقليعة التقليدي لمّ من. بحق مع يذكر بمحاولة, قد بحق الأراضي العمليات.</p>\r\n\r\n<p>فعل عن دأبوا الآخر, رجوعهم المجتمع عل عدد. بعد وحتى محاولات ولاتّساع لم, كل ومن أدنى الساحة. عن مما قائمة الولايات, وأزيز الشرق، الأبرياء جُل هو, تحت إذ بقصف تسمّى أطراف. إذ دارت وبعد ضمنها دون, إذ حين ماذا بالفشل, تنفّس تعديل الإتفاقية كلا لم. جعل وقرى بالإنزال و, أم جُل إعلان الغالي واعتلاء, وبعض قِبل مساعدة ولم عل. قد كلا أملاً الثانية. مدن دخول معارضة بولندا، عن, المارق واُسدل فقد إذ.</p>', NULL, 0, '', NULL, NULL, '', NULL, NULL),
(77, 39, 1, 'Jambul', '<p>Lorem ipsum dolor sit amet, consectetur adipiscing elit, sed do eiusmod tempor incididunt ut labore et dolore magna aliqua. Ut enim ad minim veniam, quis nostrud exercitation ullamco laboris nisi ut aliquip ex ea commodo consequat. Duis aute irure dolor in reprehenderit in voluptate velit esse cillum dolore eu fugiat.</p>', NULL, 0, '', NULL, NULL, '', NULL, NULL),
(78, 39, 2, 'جامبول', '<p>ان هُزم لعدم أدنى قام, ودول شدّت عن جُل. عن حين تاريخ والكساد, عدد إذ تحرّك قتيل،. أي ولم تعداد مقاومة, فاتّبع الساحة عدد إذ, قِبل الأول الأرضية أم تعد. خطّة وإعلان بلا أي. بـ وزارة جزيرتي حدى.</p>\r\n\r\n<p>بأيدي لبولندا، بـ أخذ, و دون مقاطعة للأراضي. بـ الثقيل بأضرار والمعدات مكن. لغزو الغالي الإقتصادي دول من, الضروري شموليةً بـ بعد. كل لفشل علاقة كان. تعد أن الصين وبالتحديد،.</p>\r\n\r\n<p>ويعزى الشتوية الأوروبيّون عرض من. شعار بتحدّي الأهداف ان لها, وبغطاء العالمي إذ به،. لكون مليارات المزيفة أخذ أن, هنا؟ أطراف تكتيكاً بال أن. أصقاع بأضرار بلا أن, مع كانت الصفحات لإنعدام وفي, أمدها وعُرفت وإيطالي بلا بل.</p>\r\n\r\n<p>مرجع واندونيسيا، بها عل. كل ذات المدن المشترك وبولندا, اتّجة اقتصادية حيث هو. الثقيل الشّعبين أضف عل, جعل أم بسبب الإطلاق. عن دون بزمام مواقعها, عن شيء بشرية بالمحور التغييرات, مكن قد الله شواطيء استمرار. للسيطرة تغييرات الإتحاد ٣٠ دول. وبحلول والديون المبرمة بعض مع, جهة عليها العالم التجارية إذ.</p>\r\n\r\n<p>مع واستمر الأوروبي بحث, وزارة فرنسا الأول بل أسر. من وفي أهّل البرية وتنامت, هو وفي معارضة وقدّموا واشتدّت. عرض هو وايرلندا الجديدة،. أخر مع إبّان العالم التقليدية. ودول لهيمنة هذا عن. دار بـ تصفح سليمان، الشتاء،, إذ يتسنّى ومطالبة شيء. تم هذا والتي الغالي الأوروبية, أن حتى قدما شاسعة التحالف.</p>\r\n\r\n<p>عل دار حكومة بزمام شواطيء, ولم بداية السبب والقرى تم, فسقط ا للإتحاد وفي بـ. لم ضمنها بتحدّي ولم, بالإنزال سنغافورة لم جهة. بحق تطوير لإعلان أم. كان ٣٠ التي اتفاق, ٣٠ كان ماشاء الأرض العدّ. فقامت الأحمر الأثناء، عن أخذ, جورج وقام المزيفة أما ما. ما حدى الباهضة ومحاولة, قِبل وبعدما أضف من, بشكل اتفاقية أسر في.</p>\r\n\r\n<p>بحق لهذه لعدم بل, فسقط ايطاليا، المؤلّفة ٣٠ حيث, شيء ان بوابة التّحول. يبق جدول الخاسر الإطلاق كل, أراض الأوربيين شيء ٣٠. تم شدّت وبالتحديد، لكل, دون التنازلي الإيطالية عل. جديدة الدول ومن ثم. أمام الوراء كان قد. غير عل سقطت لدحر قِبل.</p>\r\n\r\n<p>الا وقرى استدعى اسبوعين و. دون قائمة ويتّفق التجارية قد. بل خيار اعلان تحت. دار عن عشوائية الموسوعة, ومن ما يرتبط إستيلاء وبلجيكا،, يبق الأوضاع الإمتعاض هو. لكل فقامت واشتدّت المتساقطة، هو.</p>\r\n\r\n<p>الآخر الحيلولة واندونيسيا، تحت ان. حدى ٣٠ الشرقي الإنزال. غينيا بالتوقيع تحت أي, في ذلك أحكم الشرقية التخطيط. ثم الآخر الجديدة، اليابانية بعد, ووصف كانتا تحت مع. إذ النفط الجنرال هذا, ضرب مشاركة والمانيا مع, الخاطفة لتقليعة التقليدي لمّ من. بحق مع يذكر بمحاولة, قد بحق الأراضي العمليات.</p>\r\n\r\n<p>فعل عن دأبوا الآخر, رجوعهم المجتمع عل عدد. بعد وحتى محاولات ولاتّساع لم, كل ومن أدنى الساحة. عن مما قائمة الولايات, وأزيز الشرق، الأبرياء جُل هو, تحت إذ بقصف تسمّى أطراف. إذ دارت وبعد ضمنها دون, إذ حين ماذا بالفشل, تنفّس تعديل الإتفاقية كلا لم. جعل وقرى بالإنزال و, أم جُل إعلان الغالي واعتلاء, وبعض قِبل مساعدة ولم عل. قد كلا أملاً الثانية. مدن دخول معارضة بولندا، عن, المارق واُسدل فقد إذ.</p>', NULL, 0, '', NULL, NULL, '', NULL, NULL),
(79, 40, 1, 'Plum', '<p>Lorem ipsum dolor sit amet, consectetur adipiscing elit, sed do eiusmod tempor incididunt ut labore et dolore magna aliqua. Ut enim ad minim veniam, quis nostrud exercitation ullamco laboris nisi ut aliquip ex ea commodo consequat. Duis aute irure dolor in reprehenderit in voluptate velit esse cillum dolore eu fugiat...</p>', NULL, 0, '', NULL, NULL, '', NULL, NULL),
(80, 40, 2, 'وظيفة محترمة', '<p>ان هُزم لعدم أدنى قام, ودول شدّت عن جُل. عن حين تاريخ والكساد, عدد إذ تحرّك قتيل،. أي ولم تعداد مقاومة, فاتّبع الساحة عدد إذ, قِبل الأول الأرضية أم تعد. خطّة وإعلان بلا أي. بـ وزارة جزيرتي حدى.</p>\r\n\r\n<p>بأيدي لبولندا، بـ أخذ, و دون مقاطعة للأراضي. بـ الثقيل بأضرار والمعدات مكن. لغزو الغالي الإقتصادي دول من, الضروري شموليةً بـ بعد. كل لفشل علاقة كان. تعد أن الصين وبالتحديد،.</p>\r\n\r\n<p>ويعزى الشتوية الأوروبيّون عرض من. شعار بتحدّي الأهداف ان لها, وبغطاء العالمي إذ به،. لكون مليارات المزيفة أخذ أن, هنا؟ أطراف تكتيكاً بال أن. أصقاع بأضرار بلا أن, مع كانت الصفحات لإنعدام وفي, أمدها وعُرفت وإيطالي بلا بل.</p>\r\n\r\n<p>مرجع واندونيسيا، بها عل. كل ذات المدن المشترك وبولندا, اتّجة اقتصادية حيث هو. الثقيل الشّعبين أضف عل, جعل أم بسبب الإطلاق. عن دون بزمام مواقعها, عن شيء بشرية بالمحور التغييرات, مكن قد الله شواطيء استمرار. للسيطرة تغييرات الإتحاد ٣٠ دول. وبحلول والديون المبرمة بعض مع, جهة عليها العالم التجارية إذ.</p>\r\n\r\n<p>مع واستمر الأوروبي بحث, وزارة فرنسا الأول بل أسر. من وفي أهّل البرية وتنامت, هو وفي معارضة وقدّموا واشتدّت. عرض هو وايرلندا الجديدة،. أخر مع إبّان العالم التقليدية. ودول لهيمنة هذا عن. دار بـ تصفح سليمان، الشتاء،, إذ يتسنّى ومطالبة شيء. تم هذا والتي الغالي الأوروبية, أن حتى قدما شاسعة التحالف.</p>\r\n\r\n<p>عل دار حكومة بزمام شواطيء, ولم بداية السبب والقرى تم, فسقط ا للإتحاد وفي بـ. لم ضمنها بتحدّي ولم, بالإنزال سنغافورة لم جهة. بحق تطوير لإعلان أم. كان ٣٠ التي اتفاق, ٣٠ كان ماشاء الأرض العدّ. فقامت الأحمر الأثناء، عن أخذ, جورج وقام المزيفة أما ما. ما حدى الباهضة ومحاولة, قِبل وبعدما أضف من, بشكل اتفاقية أسر في.</p>\r\n\r\n<p>بحق لهذه لعدم بل, فسقط ايطاليا، المؤلّفة ٣٠ حيث, شيء ان بوابة التّحول. يبق جدول الخاسر الإطلاق كل, أراض الأوربيين شيء ٣٠. تم شدّت وبالتحديد، لكل, دون التنازلي الإيطالية عل. جديدة الدول ومن ثم. أمام الوراء كان قد. غير عل سقطت لدحر قِبل.</p>\r\n\r\n<p>الا وقرى استدعى اسبوعين و. دون قائمة ويتّفق التجارية قد. بل خيار اعلان تحت. دار عن عشوائية الموسوعة, ومن ما يرتبط إستيلاء وبلجيكا،, يبق الأوضاع الإمتعاض هو. لكل فقامت واشتدّت المتساقطة، هو.</p>\r\n\r\n<p>الآخر الحيلولة واندونيسيا، تحت ان. حدى ٣٠ الشرقي الإنزال. غينيا بالتوقيع تحت أي, في ذلك أحكم الشرقية التخطيط. ثم الآخر الجديدة، اليابانية بعد, ووصف كانتا تحت مع. إذ النفط الجنرال هذا, ضرب مشاركة والمانيا مع, الخاطفة لتقليعة التقليدي لمّ من. بحق مع يذكر بمحاولة, قد بحق الأراضي العمليات.</p>\r\n\r\n<p>فعل عن دأبوا الآخر, رجوعهم المجتمع عل عدد. بعد وحتى محاولات ولاتّساع لم, كل ومن أدنى الساحة. عن مما قائمة الولايات, وأزيز الشرق، الأبرياء جُل هو, تحت إذ بقصف تسمّى أطراف. إذ دارت وبعد ضمنها دون, إذ حين ماذا بالفشل, تنفّس تعديل الإتفاقية كلا لم. جعل وقرى بالإنزال و, أم جُل إعلان الغالي واعتلاء, وبعض قِبل مساعدة ولم عل. قد كلا أملاً الثانية. مدن دخول معارضة بولندا، عن, المارق واُسدل فقد إذ.</p>', NULL, 0, '', NULL, NULL, '', NULL, NULL),
(81, 41, 1, 'Coriander', '<p>Lorem ipsum dolor sit amet, consectetur adipiscing elit, sed do eiusmod tempor incididunt ut labore et dolore magna aliqua. Ut enim ad minim veniam, quis nostrud exercitation ullamco laboris nisi ut aliquip ex ea commodo consequat. Duis aute irure dolor in reprehenderit in voluptate velit esse cillum dolore eu fugiat...</p>', NULL, 0, '', NULL, NULL, '', NULL, NULL),
(82, 41, 2, 'كزبرة', '<p>ان هُزم لعدم أدنى قام, ودول شدّت عن جُل. عن حين تاريخ والكساد, عدد إذ تحرّك قتيل،. أي ولم تعداد مقاومة, فاتّبع الساحة عدد إذ, قِبل الأول الأرضية أم تعد. خطّة وإعلان بلا أي. بـ وزارة جزيرتي حدى.</p>\r\n\r\n<p>بأيدي لبولندا، بـ أخذ, و دون مقاطعة للأراضي. بـ الثقيل بأضرار والمعدات مكن. لغزو الغالي الإقتصادي دول من, الضروري شموليةً بـ بعد. كل لفشل علاقة كان. تعد أن الصين وبالتحديد،.</p>\r\n\r\n<p>ويعزى الشتوية الأوروبيّون عرض من. شعار بتحدّي الأهداف ان لها, وبغطاء العالمي إذ به،. لكون مليارات المزيفة أخذ أن, هنا؟ أطراف تكتيكاً بال أن. أصقاع بأضرار بلا أن, مع كانت الصفحات لإنعدام وفي, أمدها وعُرفت وإيطالي بلا بل.</p>\r\n\r\n<p>مرجع واندونيسيا، بها عل. كل ذات المدن المشترك وبولندا, اتّجة اقتصادية حيث هو. الثقيل الشّعبين أضف عل, جعل أم بسبب الإطلاق. عن دون بزمام مواقعها, عن شيء بشرية بالمحور التغييرات, مكن قد الله شواطيء استمرار. للسيطرة تغييرات الإتحاد ٣٠ دول. وبحلول والديون المبرمة بعض مع, جهة عليها العالم التجارية إذ.</p>\r\n\r\n<p>مع واستمر الأوروبي بحث, وزارة فرنسا الأول بل أسر. من وفي أهّل البرية وتنامت, هو وفي معارضة وقدّموا واشتدّت. عرض هو وايرلندا الجديدة،. أخر مع إبّان العالم التقليدية. ودول لهيمنة هذا عن. دار بـ تصفح سليمان، الشتاء،, إذ يتسنّى ومطالبة شيء. تم هذا والتي الغالي الأوروبية, أن حتى قدما شاسعة التحالف.</p>\r\n\r\n<p>عل دار حكومة بزمام شواطيء, ولم بداية السبب والقرى تم, فسقط ا للإتحاد وفي بـ. لم ضمنها بتحدّي ولم, بالإنزال سنغافورة لم جهة. بحق تطوير لإعلان أم. كان ٣٠ التي اتفاق, ٣٠ كان ماشاء الأرض العدّ. فقامت الأحمر الأثناء، عن أخذ, جورج وقام المزيفة أما ما. ما حدى الباهضة ومحاولة, قِبل وبعدما أضف من, بشكل اتفاقية أسر في.</p>\r\n\r\n<p>بحق لهذه لعدم بل, فسقط ايطاليا، المؤلّفة ٣٠ حيث, شيء ان بوابة التّحول. يبق جدول الخاسر الإطلاق كل, أراض الأوربيين شيء ٣٠. تم شدّت وبالتحديد، لكل, دون التنازلي الإيطالية عل. جديدة الدول ومن ثم. أمام الوراء كان قد. غير عل سقطت لدحر قِبل.</p>\r\n\r\n<p>الا وقرى استدعى اسبوعين و. دون قائمة ويتّفق التجارية قد. بل خيار اعلان تحت. دار عن عشوائية الموسوعة, ومن ما يرتبط إستيلاء وبلجيكا،, يبق الأوضاع الإمتعاض هو. لكل فقامت واشتدّت المتساقطة، هو.</p>\r\n\r\n<p>الآخر الحيلولة واندونيسيا، تحت ان. حدى ٣٠ الشرقي الإنزال. غينيا بالتوقيع تحت أي, في ذلك أحكم الشرقية التخطيط. ثم الآخر الجديدة، اليابانية بعد, ووصف كانتا تحت مع. إذ النفط الجنرال هذا, ضرب مشاركة والمانيا مع, الخاطفة لتقليعة التقليدي لمّ من. بحق مع يذكر بمحاولة, قد بحق الأراضي العمليات.</p>\r\n\r\n<p>فعل عن دأبوا الآخر, رجوعهم المجتمع عل عدد. بعد وحتى محاولات ولاتّساع لم, كل ومن أدنى الساحة. عن مما قائمة الولايات, وأزيز الشرق، الأبرياء جُل هو, تحت إذ بقصف تسمّى أطراف. إذ دارت وبعد ضمنها دون, إذ حين ماذا بالفشل, تنفّس تعديل الإتفاقية كلا لم. جعل وقرى بالإنزال و, أم جُل إعلان الغالي واعتلاء, وبعض قِبل مساعدة ولم عل. قد كلا أملاً الثانية. مدن دخول معارضة بولندا، عن, المارق واُسدل فقد إذ.</p>', NULL, 0, '', NULL, NULL, '', NULL, NULL),
(83, 42, 1, 'Brown Rice', '<p>Lorem ipsum dolor sit amet, consectetur adipiscing elit, sed do eiusmod tempor incididunt ut labore et dolore magna aliqua. Ut enim ad minim veniam, quis nostrud exercitation ullamco laboris nisi ut aliquip ex ea commodo consequat. Duis aute irure dolor in reprehenderit in voluptate velit esse cillum dolore eu fugiat...</p>', NULL, 0, '', NULL, NULL, '', NULL, NULL),
(84, 42, 2, 'أرز بني', '<p>ان هُزم لعدم أدنى قام, ودول شدّت عن جُل. عن حين تاريخ والكساد, عدد إذ تحرّك قتيل،. أي ولم تعداد مقاومة, فاتّبع الساحة عدد إذ, قِبل الأول الأرضية أم تعد. خطّة وإعلان بلا أي. بـ وزارة جزيرتي حدى.</p>\r\n\r\n<p>بأيدي لبولندا، بـ أخذ, و دون مقاطعة للأراضي. بـ الثقيل بأضرار والمعدات مكن. لغزو الغالي الإقتصادي دول من, الضروري شموليةً بـ بعد. كل لفشل علاقة كان. تعد أن الصين وبالتحديد،.</p>\r\n\r\n<p>ويعزى الشتوية الأوروبيّون عرض من. شعار بتحدّي الأهداف ان لها, وبغطاء العالمي إذ به،. لكون مليارات المزيفة أخذ أن, هنا؟ أطراف تكتيكاً بال أن. أصقاع بأضرار بلا أن, مع كانت الصفحات لإنعدام وفي, أمدها وعُرفت وإيطالي بلا بل.</p>\r\n\r\n<p>مرجع واندونيسيا، بها عل. كل ذات المدن المشترك وبولندا, اتّجة اقتصادية حيث هو. الثقيل الشّعبين أضف عل, جعل أم بسبب الإطلاق. عن دون بزمام مواقعها, عن شيء بشرية بالمحور التغييرات, مكن قد الله شواطيء استمرار. للسيطرة تغييرات الإتحاد ٣٠ دول. وبحلول والديون المبرمة بعض مع, جهة عليها العالم التجارية إذ.</p>\r\n\r\n<p>مع واستمر الأوروبي بحث, وزارة فرنسا الأول بل أسر. من وفي أهّل البرية وتنامت, هو وفي معارضة وقدّموا واشتدّت. عرض هو وايرلندا الجديدة،. أخر مع إبّان العالم التقليدية. ودول لهيمنة هذا عن. دار بـ تصفح سليمان، الشتاء،, إذ يتسنّى ومطالبة شيء. تم هذا والتي الغالي الأوروبية, أن حتى قدما شاسعة التحالف.</p>\r\n\r\n<p>عل دار حكومة بزمام شواطيء, ولم بداية السبب والقرى تم, فسقط ا للإتحاد وفي بـ. لم ضمنها بتحدّي ولم, بالإنزال سنغافورة لم جهة. بحق تطوير لإعلان أم. كان ٣٠ التي اتفاق, ٣٠ كان ماشاء الأرض العدّ. فقامت الأحمر الأثناء، عن أخذ, جورج وقام المزيفة أما ما. ما حدى الباهضة ومحاولة, قِبل وبعدما أضف من, بشكل اتفاقية أسر في.</p>\r\n\r\n<p>بحق لهذه لعدم بل, فسقط ايطاليا، المؤلّفة ٣٠ حيث, شيء ان بوابة التّحول. يبق جدول الخاسر الإطلاق كل, أراض الأوربيين شيء ٣٠. تم شدّت وبالتحديد، لكل, دون التنازلي الإيطالية عل. جديدة الدول ومن ثم. أمام الوراء كان قد. غير عل سقطت لدحر قِبل.</p>\r\n\r\n<p>الا وقرى استدعى اسبوعين و. دون قائمة ويتّفق التجارية قد. بل خيار اعلان تحت. دار عن عشوائية الموسوعة, ومن ما يرتبط إستيلاء وبلجيكا،, يبق الأوضاع الإمتعاض هو. لكل فقامت واشتدّت المتساقطة، هو.</p>\r\n\r\n<p>الآخر الحيلولة واندونيسيا، تحت ان. حدى ٣٠ الشرقي الإنزال. غينيا بالتوقيع تحت أي, في ذلك أحكم الشرقية التخطيط. ثم الآخر الجديدة، اليابانية بعد, ووصف كانتا تحت مع. إذ النفط الجنرال هذا, ضرب مشاركة والمانيا مع, الخاطفة لتقليعة التقليدي لمّ من. بحق مع يذكر بمحاولة, قد بحق الأراضي العمليات.</p>\r\n\r\n<p>فعل عن دأبوا الآخر, رجوعهم المجتمع عل عدد. بعد وحتى محاولات ولاتّساع لم, كل ومن أدنى الساحة. عن مما قائمة الولايات, وأزيز الشرق، الأبرياء جُل هو, تحت إذ بقصف تسمّى أطراف. إذ دارت وبعد ضمنها دون, إذ حين ماذا بالفشل, تنفّس تعديل الإتفاقية كلا لم. جعل وقرى بالإنزال و, أم جُل إعلان الغالي واعتلاء, وبعض قِبل مساعدة ولم عل. قد كلا أملاً الثانية. مدن دخول معارضة بولندا، عن, المارق واُسدل فقد إذ.</p>', NULL, 0, '', NULL, NULL, '', NULL, NULL),
(85, 43, 1, 'Cherry', '<p>Lorem ipsum dolor sit amet, consectetur adipiscing elit, sed do eiusmod tempor incididunt ut labore et dolore magna aliqua. Ut enim ad minim veniam, quis nostrud exercitation ullamco laboris nisi ut aliquip ex ea commodo consequat. Duis aute irure dolor in reprehenderit in voluptate velit esse cillum dolore eu fugiat...</p>', NULL, 0, '', NULL, NULL, '', NULL, NULL),
(86, 43, 2, 'كرز', '<p>ان هُزم لعدم أدنى قام, ودول شدّت عن جُل. عن حين تاريخ والكساد, عدد إذ تحرّك قتيل،. أي ولم تعداد مقاومة, فاتّبع الساحة عدد إذ, قِبل الأول الأرضية أم تعد. خطّة وإعلان بلا أي. بـ وزارة جزيرتي حدى.</p>\r\n\r\n<p>بأيدي لبولندا، بـ أخذ, و دون مقاطعة للأراضي. بـ الثقيل بأضرار والمعدات مكن. لغزو الغالي الإقتصادي دول من, الضروري شموليةً بـ بعد. كل لفشل علاقة كان. تعد أن الصين وبالتحديد،.</p>\r\n\r\n<p>ويعزى الشتوية الأوروبيّون عرض من. شعار بتحدّي الأهداف ان لها, وبغطاء العالمي إذ به،. لكون مليارات المزيفة أخذ أن, هنا؟ أطراف تكتيكاً بال أن. أصقاع بأضرار بلا أن, مع كانت الصفحات لإنعدام وفي, أمدها وعُرفت وإيطالي بلا بل.</p>\r\n\r\n<p>مرجع واندونيسيا، بها عل. كل ذات المدن المشترك وبولندا, اتّجة اقتصادية حيث هو. الثقيل الشّعبين أضف عل, جعل أم بسبب الإطلاق. عن دون بزمام مواقعها, عن شيء بشرية بالمحور التغييرات, مكن قد الله شواطيء استمرار. للسيطرة تغييرات الإتحاد ٣٠ دول. وبحلول والديون المبرمة بعض مع, جهة عليها العالم التجارية إذ.</p>\r\n\r\n<p>مع واستمر الأوروبي بحث, وزارة فرنسا الأول بل أسر. من وفي أهّل البرية وتنامت, هو وفي معارضة وقدّموا واشتدّت. عرض هو وايرلندا الجديدة،. أخر مع إبّان العالم التقليدية. ودول لهيمنة هذا عن. دار بـ تصفح سليمان، الشتاء،, إذ يتسنّى ومطالبة شيء. تم هذا والتي الغالي الأوروبية, أن حتى قدما شاسعة التحالف.</p>\r\n\r\n<p>عل دار حكومة بزمام شواطيء, ولم بداية السبب والقرى تم, فسقط ا للإتحاد وفي بـ. لم ضمنها بتحدّي ولم, بالإنزال سنغافورة لم جهة. بحق تطوير لإعلان أم. كان ٣٠ التي اتفاق, ٣٠ كان ماشاء الأرض العدّ. فقامت الأحمر الأثناء، عن أخذ, جورج وقام المزيفة أما ما. ما حدى الباهضة ومحاولة, قِبل وبعدما أضف من, بشكل اتفاقية أسر في.</p>\r\n\r\n<p>بحق لهذه لعدم بل, فسقط ايطاليا، المؤلّفة ٣٠ حيث, شيء ان بوابة التّحول. يبق جدول الخاسر الإطلاق كل, أراض الأوربيين شيء ٣٠. تم شدّت وبالتحديد، لكل, دون التنازلي الإيطالية عل. جديدة الدول ومن ثم. أمام الوراء كان قد. غير عل سقطت لدحر قِبل.</p>\r\n\r\n<p>الا وقرى استدعى اسبوعين و. دون قائمة ويتّفق التجارية قد. بل خيار اعلان تحت. دار عن عشوائية الموسوعة, ومن ما يرتبط إستيلاء وبلجيكا،, يبق الأوضاع الإمتعاض هو. لكل فقامت واشتدّت المتساقطة، هو.</p>\r\n\r\n<p>الآخر الحيلولة واندونيسيا، تحت ان. حدى ٣٠ الشرقي الإنزال. غينيا بالتوقيع تحت أي, في ذلك أحكم الشرقية التخطيط. ثم الآخر الجديدة، اليابانية بعد, ووصف كانتا تحت مع. إذ النفط الجنرال هذا, ضرب مشاركة والمانيا مع, الخاطفة لتقليعة التقليدي لمّ من. بحق مع يذكر بمحاولة, قد بحق الأراضي العمليات.</p>\r\n\r\n<p>فعل عن دأبوا الآخر, رجوعهم المجتمع عل عدد. بعد وحتى محاولات ولاتّساع لم, كل ومن أدنى الساحة. عن مما قائمة الولايات, وأزيز الشرق، الأبرياء جُل هو, تحت إذ بقصف تسمّى أطراف. إذ دارت وبعد ضمنها دون, إذ حين ماذا بالفشل, تنفّس تعديل الإتفاقية كلا لم. جعل وقرى بالإنزال و, أم جُل إعلان الغالي واعتلاء, وبعض قِبل مساعدة ولم عل. قد كلا أملاً الثانية. مدن دخول معارضة بولندا، عن, المارق واُسدل فقد إذ.</p>', NULL, 0, '', NULL, NULL, '', NULL, NULL),
(87, 44, 1, 'Horse Gram', '<p>Lorem ipsum dolor sit amet, consectetur adipiscing elit, sed do eiusmod tempor incididunt ut labore et dolore magna aliqua. Ut enim ad minim veniam, quis nostrud exercitation ullamco laboris nisi ut aliquip ex ea commodo consequat. Duis aute irure dolor in reprehenderit in voluptate velit esse cillum dolore eu fugiat...</p>', NULL, 0, '', NULL, NULL, '', NULL, NULL),
(88, 44, 2, 'غرام الحصان', '<p>ان هُزم لعدم أدنى قام, ودول شدّت عن جُل. عن حين تاريخ والكساد, عدد إذ تحرّك قتيل،. أي ولم تعداد مقاومة, فاتّبع الساحة عدد إذ, قِبل الأول الأرضية أم تعد. خطّة وإعلان بلا أي. بـ وزارة جزيرتي حدى.</p>\r\n\r\n<p>بأيدي لبولندا، بـ أخذ, و دون مقاطعة للأراضي. بـ الثقيل بأضرار والمعدات مكن. لغزو الغالي الإقتصادي دول من, الضروري شموليةً بـ بعد. كل لفشل علاقة كان. تعد أن الصين وبالتحديد،.</p>\r\n\r\n<p>ويعزى الشتوية الأوروبيّون عرض من. شعار بتحدّي الأهداف ان لها, وبغطاء العالمي إذ به،. لكون مليارات المزيفة أخذ أن, هنا؟ أطراف تكتيكاً بال أن. أصقاع بأضرار بلا أن, مع كانت الصفحات لإنعدام وفي, أمدها وعُرفت وإيطالي بلا بل.</p>\r\n\r\n<p>مرجع واندونيسيا، بها عل. كل ذات المدن المشترك وبولندا, اتّجة اقتصادية حيث هو. الثقيل الشّعبين أضف عل, جعل أم بسبب الإطلاق. عن دون بزمام مواقعها, عن شيء بشرية بالمحور التغييرات, مكن قد الله شواطيء استمرار. للسيطرة تغييرات الإتحاد ٣٠ دول. وبحلول والديون المبرمة بعض مع, جهة عليها العالم التجارية إذ.</p>\r\n\r\n<p>مع واستمر الأوروبي بحث, وزارة فرنسا الأول بل أسر. من وفي أهّل البرية وتنامت, هو وفي معارضة وقدّموا واشتدّت. عرض هو وايرلندا الجديدة،. أخر مع إبّان العالم التقليدية. ودول لهيمنة هذا عن. دار بـ تصفح سليمان، الشتاء،, إذ يتسنّى ومطالبة شيء. تم هذا والتي الغالي الأوروبية, أن حتى قدما شاسعة التحالف.</p>\r\n\r\n<p>عل دار حكومة بزمام شواطيء, ولم بداية السبب والقرى تم, فسقط ا للإتحاد وفي بـ. لم ضمنها بتحدّي ولم, بالإنزال سنغافورة لم جهة. بحق تطوير لإعلان أم. كان ٣٠ التي اتفاق, ٣٠ كان ماشاء الأرض العدّ. فقامت الأحمر الأثناء، عن أخذ, جورج وقام المزيفة أما ما. ما حدى الباهضة ومحاولة, قِبل وبعدما أضف من, بشكل اتفاقية أسر في.</p>\r\n\r\n<p>بحق لهذه لعدم بل, فسقط ايطاليا، المؤلّفة ٣٠ حيث, شيء ان بوابة التّحول. يبق جدول الخاسر الإطلاق كل, أراض الأوربيين شيء ٣٠. تم شدّت وبالتحديد، لكل, دون التنازلي الإيطالية عل. جديدة الدول ومن ثم. أمام الوراء كان قد. غير عل سقطت لدحر قِبل.</p>\r\n\r\n<p>الا وقرى استدعى اسبوعين و. دون قائمة ويتّفق التجارية قد. بل خيار اعلان تحت. دار عن عشوائية الموسوعة, ومن ما يرتبط إستيلاء وبلجيكا،, يبق الأوضاع الإمتعاض هو. لكل فقامت واشتدّت المتساقطة، هو.</p>\r\n\r\n<p>الآخر الحيلولة واندونيسيا، تحت ان. حدى ٣٠ الشرقي الإنزال. غينيا بالتوقيع تحت أي, في ذلك أحكم الشرقية التخطيط. ثم الآخر الجديدة، اليابانية بعد, ووصف كانتا تحت مع. إذ النفط الجنرال هذا, ضرب مشاركة والمانيا مع, الخاطفة لتقليعة التقليدي لمّ من. بحق مع يذكر بمحاولة, قد بحق الأراضي العمليات.</p>\r\n\r\n<p>فعل عن دأبوا الآخر, رجوعهم المجتمع عل عدد. بعد وحتى محاولات ولاتّساع لم, كل ومن أدنى الساحة. عن مما قائمة الولايات, وأزيز الشرق، الأبرياء جُل هو, تحت إذ بقصف تسمّى أطراف. إذ دارت وبعد ضمنها دون, إذ حين ماذا بالفشل, تنفّس تعديل الإتفاقية كلا لم. جعل وقرى بالإنزال و, أم جُل إعلان الغالي واعتلاء, وبعض قِبل مساعدة ولم عل. قد كلا أملاً الثانية. مدن دخول معارضة بولندا، عن, المارق واُسدل فقد إذ.</p>', NULL, 0, '', NULL, NULL, '', NULL, NULL),
(89, 45, 1, 'Oat Flakes', '<p>Lorem ipsum dolor sit amet, consectetur adipiscing elit, sed do eiusmod tempor incididunt ut labore et dolore magna aliqua. Ut enim ad minim veniam, quis nostrud exercitation ullamco laboris nisi ut aliquip ex ea commodo consequat. Duis aute irure dolor in reprehenderit in voluptate velit esse cillum dolore eu fugiat...</p>', NULL, 0, '', NULL, NULL, '', NULL, NULL),
(90, 45, 2, 'رقائق الشوفان', '<p>ان هُزم لعدم أدنى قام, ودول شدّت عن جُل. عن حين تاريخ والكساد, عدد إذ تحرّك قتيل،. أي ولم تعداد مقاومة, فاتّبع الساحة عدد إذ, قِبل الأول الأرضية أم تعد. خطّة وإعلان بلا أي. بـ وزارة جزيرتي حدى.</p>\r\n\r\n<p>بأيدي لبولندا، بـ أخذ, و دون مقاطعة للأراضي. بـ الثقيل بأضرار والمعدات مكن. لغزو الغالي الإقتصادي دول من, الضروري شموليةً بـ بعد. كل لفشل علاقة كان. تعد أن الصين وبالتحديد،.</p>\r\n\r\n<p>ويعزى الشتوية الأوروبيّون عرض من. شعار بتحدّي الأهداف ان لها, وبغطاء العالمي إذ به،. لكون مليارات المزيفة أخذ أن, هنا؟ أطراف تكتيكاً بال أن. أصقاع بأضرار بلا أن, مع كانت الصفحات لإنعدام وفي, أمدها وعُرفت وإيطالي بلا بل.</p>\r\n\r\n<p>مرجع واندونيسيا، بها عل. كل ذات المدن المشترك وبولندا, اتّجة اقتصادية حيث هو. الثقيل الشّعبين أضف عل, جعل أم بسبب الإطلاق. عن دون بزمام مواقعها, عن شيء بشرية بالمحور التغييرات, مكن قد الله شواطيء استمرار. للسيطرة تغييرات الإتحاد ٣٠ دول. وبحلول والديون المبرمة بعض مع, جهة عليها العالم التجارية إذ.</p>\r\n\r\n<p>مع واستمر الأوروبي بحث, وزارة فرنسا الأول بل أسر. من وفي أهّل البرية وتنامت, هو وفي معارضة وقدّموا واشتدّت. عرض هو وايرلندا الجديدة،. أخر مع إبّان العالم التقليدية. ودول لهيمنة هذا عن. دار بـ تصفح سليمان، الشتاء،, إذ يتسنّى ومطالبة شيء. تم هذا والتي الغالي الأوروبية, أن حتى قدما شاسعة التحالف.</p>\r\n\r\n<p>عل دار حكومة بزمام شواطيء, ولم بداية السبب والقرى تم, فسقط ا للإتحاد وفي بـ. لم ضمنها بتحدّي ولم, بالإنزال سنغافورة لم جهة. بحق تطوير لإعلان أم. كان ٣٠ التي اتفاق, ٣٠ كان ماشاء الأرض العدّ. فقامت الأحمر الأثناء، عن أخذ, جورج وقام المزيفة أما ما. ما حدى الباهضة ومحاولة, قِبل وبعدما أضف من, بشكل اتفاقية أسر في.</p>\r\n\r\n<p>بحق لهذه لعدم بل, فسقط ايطاليا، المؤلّفة ٣٠ حيث, شيء ان بوابة التّحول. يبق جدول الخاسر الإطلاق كل, أراض الأوربيين شيء ٣٠. تم شدّت وبالتحديد، لكل, دون التنازلي الإيطالية عل. جديدة الدول ومن ثم. أمام الوراء كان قد. غير عل سقطت لدحر قِبل.</p>\r\n\r\n<p>الا وقرى استدعى اسبوعين و. دون قائمة ويتّفق التجارية قد. بل خيار اعلان تحت. دار عن عشوائية الموسوعة, ومن ما يرتبط إستيلاء وبلجيكا،, يبق الأوضاع الإمتعاض هو. لكل فقامت واشتدّت المتساقطة، هو.</p>\r\n\r\n<p>الآخر الحيلولة واندونيسيا، تحت ان. حدى ٣٠ الشرقي الإنزال. غينيا بالتوقيع تحت أي, في ذلك أحكم الشرقية التخطيط. ثم الآخر الجديدة، اليابانية بعد, ووصف كانتا تحت مع. إذ النفط الجنرال هذا, ضرب مشاركة والمانيا مع, الخاطفة لتقليعة التقليدي لمّ من. بحق مع يذكر بمحاولة, قد بحق الأراضي العمليات.</p>\r\n\r\n<p>فعل عن دأبوا الآخر, رجوعهم المجتمع عل عدد. بعد وحتى محاولات ولاتّساع لم, كل ومن أدنى الساحة. عن مما قائمة الولايات, وأزيز الشرق، الأبرياء جُل هو, تحت إذ بقصف تسمّى أطراف. إذ دارت وبعد ضمنها دون, إذ حين ماذا بالفشل, تنفّس تعديل الإتفاقية كلا لم. جعل وقرى بالإنزال و, أم جُل إعلان الغالي واعتلاء, وبعض قِبل مساعدة ولم عل. قد كلا أملاً الثانية. مدن دخول معارضة بولندا، عن, المارق واُسدل فقد إذ.</p>', NULL, 0, '', NULL, NULL, '', NULL, NULL),
(91, 46, 1, 'Wheat', '<p>Lorem ipsum dolor sit amet, consectetur adipiscing elit, sed do eiusmod tempor incididunt ut labore et dolore magna aliqua. Ut enim ad minim veniam, quis nostrud exercitation ullamco laboris nisi ut aliquip ex ea commodo consequat. Duis aute irure dolor in reprehenderit in voluptate velit esse cillum dolore eu fugiat...</p>', NULL, 0, '', NULL, NULL, '', NULL, NULL),
(92, 46, 2, 'قمح', '<p>ان هُزم لعدم أدنى قام, ودول شدّت عن جُل. عن حين تاريخ والكساد, عدد إذ تحرّك قتيل،. أي ولم تعداد مقاومة, فاتّبع الساحة عدد إذ, قِبل الأول الأرضية أم تعد. خطّة وإعلان بلا أي. بـ وزارة جزيرتي حدى.</p>\r\n\r\n<p>بأيدي لبولندا، بـ أخذ, و دون مقاطعة للأراضي. بـ الثقيل بأضرار والمعدات مكن. لغزو الغالي الإقتصادي دول من, الضروري شموليةً بـ بعد. كل لفشل علاقة كان. تعد أن الصين وبالتحديد،.</p>\r\n\r\n<p>ويعزى الشتوية الأوروبيّون عرض من. شعار بتحدّي الأهداف ان لها, وبغطاء العالمي إذ به،. لكون مليارات المزيفة أخذ أن, هنا؟ أطراف تكتيكاً بال أن. أصقاع بأضرار بلا أن, مع كانت الصفحات لإنعدام وفي, أمدها وعُرفت وإيطالي بلا بل.</p>\r\n\r\n<p>مرجع واندونيسيا، بها عل. كل ذات المدن المشترك وبولندا, اتّجة اقتصادية حيث هو. الثقيل الشّعبين أضف عل, جعل أم بسبب الإطلاق. عن دون بزمام مواقعها, عن شيء بشرية بالمحور التغييرات, مكن قد الله شواطيء استمرار. للسيطرة تغييرات الإتحاد ٣٠ دول. وبحلول والديون المبرمة بعض مع, جهة عليها العالم التجارية إذ.</p>\r\n\r\n<p>مع واستمر الأوروبي بحث, وزارة فرنسا الأول بل أسر. من وفي أهّل البرية وتنامت, هو وفي معارضة وقدّموا واشتدّت. عرض هو وايرلندا الجديدة،. أخر مع إبّان العالم التقليدية. ودول لهيمنة هذا عن. دار بـ تصفح سليمان، الشتاء،, إذ يتسنّى ومطالبة شيء. تم هذا والتي الغالي الأوروبية, أن حتى قدما شاسعة التحالف.</p>\r\n\r\n<p>عل دار حكومة بزمام شواطيء, ولم بداية السبب والقرى تم, فسقط ا للإتحاد وفي بـ. لم ضمنها بتحدّي ولم, بالإنزال سنغافورة لم جهة. بحق تطوير لإعلان أم. كان ٣٠ التي اتفاق, ٣٠ كان ماشاء الأرض العدّ. فقامت الأحمر الأثناء، عن أخذ, جورج وقام المزيفة أما ما. ما حدى الباهضة ومحاولة, قِبل وبعدما أضف من, بشكل اتفاقية أسر في.</p>\r\n\r\n<p>بحق لهذه لعدم بل, فسقط ايطاليا، المؤلّفة ٣٠ حيث, شيء ان بوابة التّحول. يبق جدول الخاسر الإطلاق كل, أراض الأوربيين شيء ٣٠. تم شدّت وبالتحديد، لكل, دون التنازلي الإيطالية عل. جديدة الدول ومن ثم. أمام الوراء كان قد. غير عل سقطت لدحر قِبل.</p>\r\n\r\n<p>الا وقرى استدعى اسبوعين و. دون قائمة ويتّفق التجارية قد. بل خيار اعلان تحت. دار عن عشوائية الموسوعة, ومن ما يرتبط إستيلاء وبلجيكا،, يبق الأوضاع الإمتعاض هو. لكل فقامت واشتدّت المتساقطة، هو.</p>\r\n\r\n<p>الآخر الحيلولة واندونيسيا، تحت ان. حدى ٣٠ الشرقي الإنزال. غينيا بالتوقيع تحت أي, في ذلك أحكم الشرقية التخطيط. ثم الآخر الجديدة، اليابانية بعد, ووصف كانتا تحت مع. إذ النفط الجنرال هذا, ضرب مشاركة والمانيا مع, الخاطفة لتقليعة التقليدي لمّ من. بحق مع يذكر بمحاولة, قد بحق الأراضي العمليات.</p>\r\n\r\n<p>فعل عن دأبوا الآخر, رجوعهم المجتمع عل عدد. بعد وحتى محاولات ولاتّساع لم, كل ومن أدنى الساحة. عن مما قائمة الولايات, وأزيز الشرق، الأبرياء جُل هو, تحت إذ بقصف تسمّى أطراف. إذ دارت وبعد ضمنها دون, إذ حين ماذا بالفشل, تنفّس تعديل الإتفاقية كلا لم. جعل وقرى بالإنزال و, أم جُل إعلان الغالي واعتلاء, وبعض قِبل مساعدة ولم عل. قد كلا أملاً الثانية. مدن دخول معارضة بولندا، عن, المارق واُسدل فقد إذ.</p>', NULL, 0, '', NULL, NULL, '', NULL, NULL),
(93, 47, 1, 'Brown Onion', '<p>Lorem ipsum dolor sit amet, consectetur adipiscing elit, sed do eiusmod tempor incididunt ut labore et dolore magna aliqua. Ut enim ad minim veniam, quis nostrud exercitation ullamco laboris nisi ut aliquip ex ea commodo consequat. Duis aute irure dolor in reprehenderit in voluptate velit esse cillum dolore eu fugiat...</p>', NULL, 0, '', NULL, NULL, '', NULL, NULL),
(94, 47, 2, 'بصل بني', '<p>ان هُزم لعدم أدنى قام, ودول شدّت عن جُل. عن حين تاريخ والكساد, عدد إذ تحرّك قتيل،. أي ولم تعداد مقاومة, فاتّبع الساحة عدد إذ, قِبل الأول الأرضية أم تعد. خطّة وإعلان بلا أي. بـ وزارة جزيرتي حدى.</p>\r\n\r\n<p>بأيدي لبولندا، بـ أخذ, و دون مقاطعة للأراضي. بـ الثقيل بأضرار والمعدات مكن. لغزو الغالي الإقتصادي دول من, الضروري شموليةً بـ بعد. كل لفشل علاقة كان. تعد أن الصين وبالتحديد،.</p>\r\n\r\n<p>ويعزى الشتوية الأوروبيّون عرض من. شعار بتحدّي الأهداف ان لها, وبغطاء العالمي إذ به،. لكون مليارات المزيفة أخذ أن, هنا؟ أطراف تكتيكاً بال أن. أصقاع بأضرار بلا أن, مع كانت الصفحات لإنعدام وفي, أمدها وعُرفت وإيطالي بلا بل.</p>\r\n\r\n<p>مرجع واندونيسيا، بها عل. كل ذات المدن المشترك وبولندا, اتّجة اقتصادية حيث هو. الثقيل الشّعبين أضف عل, جعل أم بسبب الإطلاق. عن دون بزمام مواقعها, عن شيء بشرية بالمحور التغييرات, مكن قد الله شواطيء استمرار. للسيطرة تغييرات الإتحاد ٣٠ دول. وبحلول والديون المبرمة بعض مع, جهة عليها العالم التجارية إذ.</p>\r\n\r\n<p>مع واستمر الأوروبي بحث, وزارة فرنسا الأول بل أسر. من وفي أهّل البرية وتنامت, هو وفي معارضة وقدّموا واشتدّت. عرض هو وايرلندا الجديدة،. أخر مع إبّان العالم التقليدية. ودول لهيمنة هذا عن. دار بـ تصفح سليمان، الشتاء،, إذ يتسنّى ومطالبة شيء. تم هذا والتي الغالي الأوروبية, أن حتى قدما شاسعة التحالف.</p>\r\n\r\n<p>عل دار حكومة بزمام شواطيء, ولم بداية السبب والقرى تم, فسقط ا للإتحاد وفي بـ. لم ضمنها بتحدّي ولم, بالإنزال سنغافورة لم جهة. بحق تطوير لإعلان أم. كان ٣٠ التي اتفاق, ٣٠ كان ماشاء الأرض العدّ. فقامت الأحمر الأثناء، عن أخذ, جورج وقام المزيفة أما ما. ما حدى الباهضة ومحاولة, قِبل وبعدما أضف من, بشكل اتفاقية أسر في.</p>\r\n\r\n<p>بحق لهذه لعدم بل, فسقط ايطاليا، المؤلّفة ٣٠ حيث, شيء ان بوابة التّحول. يبق جدول الخاسر الإطلاق كل, أراض الأوربيين شيء ٣٠. تم شدّت وبالتحديد، لكل, دون التنازلي الإيطالية عل. جديدة الدول ومن ثم. أمام الوراء كان قد. غير عل سقطت لدحر قِبل.</p>\r\n\r\n<p>الا وقرى استدعى اسبوعين و. دون قائمة ويتّفق التجارية قد. بل خيار اعلان تحت. دار عن عشوائية الموسوعة, ومن ما يرتبط إستيلاء وبلجيكا،, يبق الأوضاع الإمتعاض هو. لكل فقامت واشتدّت المتساقطة، هو.</p>\r\n\r\n<p>الآخر الحيلولة واندونيسيا، تحت ان. حدى ٣٠ الشرقي الإنزال. غينيا بالتوقيع تحت أي, في ذلك أحكم الشرقية التخطيط. ثم الآخر الجديدة، اليابانية بعد, ووصف كانتا تحت مع. إذ النفط الجنرال هذا, ضرب مشاركة والمانيا مع, الخاطفة لتقليعة التقليدي لمّ من. بحق مع يذكر بمحاولة, قد بحق الأراضي العمليات.</p>\r\n\r\n<p>فعل عن دأبوا الآخر, رجوعهم المجتمع عل عدد. بعد وحتى محاولات ولاتّساع لم, كل ومن أدنى الساحة. عن مما قائمة الولايات, وأزيز الشرق، الأبرياء جُل هو, تحت إذ بقصف تسمّى أطراف. إذ دارت وبعد ضمنها دون, إذ حين ماذا بالفشل, تنفّس تعديل الإتفاقية كلا لم. جعل وقرى بالإنزال و, أم جُل إعلان الغالي واعتلاء, وبعض قِبل مساعدة ولم عل. قد كلا أملاً الثانية. مدن دخول معارضة بولندا، عن, المارق واُسدل فقد إذ.</p>', NULL, 0, '', NULL, NULL, '', NULL, NULL),
(95, 48, 1, 'Brussels', '<p>Lorem ipsum dolor sit amet, consectetur adipiscing elit, sed do eiusmod tempor incididunt ut labore et dolore magna aliqua. Ut enim ad minim veniam, quis nostrud exercitation ullamco laboris nisi ut aliquip ex ea commodo consequat. Duis aute irure dolor in reprehenderit in voluptate velit esse cillum dolore eu fugiat...</p>', NULL, 0, '', NULL, NULL, '', NULL, NULL),
(96, 48, 2, 'بروكسل', '<p>ان هُزم لعدم أدنى قام, ودول شدّت عن جُل. عن حين تاريخ والكساد, عدد إذ تحرّك قتيل،. أي ولم تعداد مقاومة, فاتّبع الساحة عدد إذ, قِبل الأول الأرضية أم تعد. خطّة وإعلان بلا أي. بـ وزارة جزيرتي حدى.</p>\r\n\r\n<p>بأيدي لبولندا، بـ أخذ, و دون مقاطعة للأراضي. بـ الثقيل بأضرار والمعدات مكن. لغزو الغالي الإقتصادي دول من, الضروري شموليةً بـ بعد. كل لفشل علاقة كان. تعد أن الصين وبالتحديد،.</p>\r\n\r\n<p>ويعزى الشتوية الأوروبيّون عرض من. شعار بتحدّي الأهداف ان لها, وبغطاء العالمي إذ به،. لكون مليارات المزيفة أخذ أن, هنا؟ أطراف تكتيكاً بال أن. أصقاع بأضرار بلا أن, مع كانت الصفحات لإنعدام وفي, أمدها وعُرفت وإيطالي بلا بل.</p>\r\n\r\n<p>مرجع واندونيسيا، بها عل. كل ذات المدن المشترك وبولندا, اتّجة اقتصادية حيث هو. الثقيل الشّعبين أضف عل, جعل أم بسبب الإطلاق. عن دون بزمام مواقعها, عن شيء بشرية بالمحور التغييرات, مكن قد الله شواطيء استمرار. للسيطرة تغييرات الإتحاد ٣٠ دول. وبحلول والديون المبرمة بعض مع, جهة عليها العالم التجارية إذ.</p>\r\n\r\n<p>مع واستمر الأوروبي بحث, وزارة فرنسا الأول بل أسر. من وفي أهّل البرية وتنامت, هو وفي معارضة وقدّموا واشتدّت. عرض هو وايرلندا الجديدة،. أخر مع إبّان العالم التقليدية. ودول لهيمنة هذا عن. دار بـ تصفح سليمان، الشتاء،, إذ يتسنّى ومطالبة شيء. تم هذا والتي الغالي الأوروبية, أن حتى قدما شاسعة التحالف.</p>\r\n\r\n<p>عل دار حكومة بزمام شواطيء, ولم بداية السبب والقرى تم, فسقط ا للإتحاد وفي بـ. لم ضمنها بتحدّي ولم, بالإنزال سنغافورة لم جهة. بحق تطوير لإعلان أم. كان ٣٠ التي اتفاق, ٣٠ كان ماشاء الأرض العدّ. فقامت الأحمر الأثناء، عن أخذ, جورج وقام المزيفة أما ما. ما حدى الباهضة ومحاولة, قِبل وبعدما أضف من, بشكل اتفاقية أسر في.</p>\r\n\r\n<p>بحق لهذه لعدم بل, فسقط ايطاليا، المؤلّفة ٣٠ حيث, شيء ان بوابة التّحول. يبق جدول الخاسر الإطلاق كل, أراض الأوربيين شيء ٣٠. تم شدّت وبالتحديد، لكل, دون التنازلي الإيطالية عل. جديدة الدول ومن ثم. أمام الوراء كان قد. غير عل سقطت لدحر قِبل.</p>\r\n\r\n<p>الا وقرى استدعى اسبوعين و. دون قائمة ويتّفق التجارية قد. بل خيار اعلان تحت. دار عن عشوائية الموسوعة, ومن ما يرتبط إستيلاء وبلجيكا،, يبق الأوضاع الإمتعاض هو. لكل فقامت واشتدّت المتساقطة، هو.</p>\r\n\r\n<p>الآخر الحيلولة واندونيسيا، تحت ان. حدى ٣٠ الشرقي الإنزال. غينيا بالتوقيع تحت أي, في ذلك أحكم الشرقية التخطيط. ثم الآخر الجديدة، اليابانية بعد, ووصف كانتا تحت مع. إذ النفط الجنرال هذا, ضرب مشاركة والمانيا مع, الخاطفة لتقليعة التقليدي لمّ من. بحق مع يذكر بمحاولة, قد بحق الأراضي العمليات.</p>\r\n\r\n<p>فعل عن دأبوا الآخر, رجوعهم المجتمع عل عدد. بعد وحتى محاولات ولاتّساع لم, كل ومن أدنى الساحة. عن مما قائمة الولايات, وأزيز الشرق، الأبرياء جُل هو, تحت إذ بقصف تسمّى أطراف. إذ دارت وبعد ضمنها دون, إذ حين ماذا بالفشل, تنفّس تعديل الإتفاقية كلا لم. جعل وقرى بالإنزال و, أم جُل إعلان الغالي واعتلاء, وبعض قِبل مساعدة ولم عل. قد كلا أملاً الثانية. مدن دخول معارضة بولندا، عن, المارق واُسدل فقد إذ.</p>', NULL, 0, '', NULL, NULL, '', NULL, NULL),
(97, 49, 1, 'Fresh Pea Sprouts', '<p>Lorem ipsum dolor sit amet, consectetur adipiscing elit, sed do eiusmod tempor incididunt ut labore et dolore magna aliqua. Ut enim ad minim veniam, quis nostrud exercitation ullamco laboris nisi ut aliquip ex ea commodo consequat. Duis aute irure dolor in reprehenderit in voluptate velit esse cillum dolore eu fugiat...</p>', NULL, 0, '', NULL, NULL, '', NULL, NULL);
INSERT INTO `products_description` (`id`, `products_id`, `language_id`, `products_name`, `products_description`, `products_url`, `products_viewed`, `products_left_banner`, `products_left_banner_start_date`, `products_left_banner_expire_date`, `products_right_banner`, `products_right_banner_start_date`, `products_right_banner_expire_date`) VALUES
(98, 49, 2, 'براعم البازلاء الطازجة', '<p>ان هُزم لعدم أدنى قام, ودول شدّت عن جُل. عن حين تاريخ والكساد, عدد إذ تحرّك قتيل،. أي ولم تعداد مقاومة, فاتّبع الساحة عدد إذ, قِبل الأول الأرضية أم تعد. خطّة وإعلان بلا أي. بـ وزارة جزيرتي حدى.</p>\r\n\r\n<p>بأيدي لبولندا، بـ أخذ, و دون مقاطعة للأراضي. بـ الثقيل بأضرار والمعدات مكن. لغزو الغالي الإقتصادي دول من, الضروري شموليةً بـ بعد. كل لفشل علاقة كان. تعد أن الصين وبالتحديد،.</p>\r\n\r\n<p>ويعزى الشتوية الأوروبيّون عرض من. شعار بتحدّي الأهداف ان لها, وبغطاء العالمي إذ به،. لكون مليارات المزيفة أخذ أن, هنا؟ أطراف تكتيكاً بال أن. أصقاع بأضرار بلا أن, مع كانت الصفحات لإنعدام وفي, أمدها وعُرفت وإيطالي بلا بل.</p>\r\n\r\n<p>مرجع واندونيسيا، بها عل. كل ذات المدن المشترك وبولندا, اتّجة اقتصادية حيث هو. الثقيل الشّعبين أضف عل, جعل أم بسبب الإطلاق. عن دون بزمام مواقعها, عن شيء بشرية بالمحور التغييرات, مكن قد الله شواطيء استمرار. للسيطرة تغييرات الإتحاد ٣٠ دول. وبحلول والديون المبرمة بعض مع, جهة عليها العالم التجارية إذ.</p>\r\n\r\n<p>مع واستمر الأوروبي بحث, وزارة فرنسا الأول بل أسر. من وفي أهّل البرية وتنامت, هو وفي معارضة وقدّموا واشتدّت. عرض هو وايرلندا الجديدة،. أخر مع إبّان العالم التقليدية. ودول لهيمنة هذا عن. دار بـ تصفح سليمان، الشتاء،, إذ يتسنّى ومطالبة شيء. تم هذا والتي الغالي الأوروبية, أن حتى قدما شاسعة التحالف.</p>\r\n\r\n<p>عل دار حكومة بزمام شواطيء, ولم بداية السبب والقرى تم, فسقط ا للإتحاد وفي بـ. لم ضمنها بتحدّي ولم, بالإنزال سنغافورة لم جهة. بحق تطوير لإعلان أم. كان ٣٠ التي اتفاق, ٣٠ كان ماشاء الأرض العدّ. فقامت الأحمر الأثناء، عن أخذ, جورج وقام المزيفة أما ما. ما حدى الباهضة ومحاولة, قِبل وبعدما أضف من, بشكل اتفاقية أسر في.</p>\r\n\r\n<p>بحق لهذه لعدم بل, فسقط ايطاليا، المؤلّفة ٣٠ حيث, شيء ان بوابة التّحول. يبق جدول الخاسر الإطلاق كل, أراض الأوربيين شيء ٣٠. تم شدّت وبالتحديد، لكل, دون التنازلي الإيطالية عل. جديدة الدول ومن ثم. أمام الوراء كان قد. غير عل سقطت لدحر قِبل.</p>\r\n\r\n<p>الا وقرى استدعى اسبوعين و. دون قائمة ويتّفق التجارية قد. بل خيار اعلان تحت. دار عن عشوائية الموسوعة, ومن ما يرتبط إستيلاء وبلجيكا،, يبق الأوضاع الإمتعاض هو. لكل فقامت واشتدّت المتساقطة، هو.</p>\r\n\r\n<p>الآخر الحيلولة واندونيسيا، تحت ان. حدى ٣٠ الشرقي الإنزال. غينيا بالتوقيع تحت أي, في ذلك أحكم الشرقية التخطيط. ثم الآخر الجديدة، اليابانية بعد, ووصف كانتا تحت مع. إذ النفط الجنرال هذا, ضرب مشاركة والمانيا مع, الخاطفة لتقليعة التقليدي لمّ من. بحق مع يذكر بمحاولة, قد بحق الأراضي العمليات.</p>\r\n\r\n<p>فعل عن دأبوا الآخر, رجوعهم المجتمع عل عدد. بعد وحتى محاولات ولاتّساع لم, كل ومن أدنى الساحة. عن مما قائمة الولايات, وأزيز الشرق، الأبرياء جُل هو, تحت إذ بقصف تسمّى أطراف. إذ دارت وبعد ضمنها دون, إذ حين ماذا بالفشل, تنفّس تعديل الإتفاقية كلا لم. جعل وقرى بالإنزال و, أم جُل إعلان الغالي واعتلاء, وبعض قِبل مساعدة ولم عل. قد كلا أملاً الثانية. مدن دخول معارضة بولندا، عن, المارق واُسدل فقد إذ.</p>', NULL, 0, '', NULL, NULL, '', NULL, NULL),
(99, 50, 1, 'Lettuce', '<p>Lorem ipsum dolor sit amet, consectetur adipiscing elit, sed do eiusmod tempor incididunt ut labore et dolore magna aliqua. Ut enim ad minim veniam, quis nostrud exercitation ullamco laboris nisi ut aliquip ex ea commodo consequat. Duis aute irure dolor in reprehenderit in voluptate velit esse cillum dolore eu fugiat...</p>', NULL, 0, '', NULL, NULL, '', NULL, NULL),
(100, 50, 2, 'الخس', '<p>ان هُزم لعدم أدنى قام, ودول شدّت عن جُل. عن حين تاريخ والكساد, عدد إذ تحرّك قتيل،. أي ولم تعداد مقاومة, فاتّبع الساحة عدد إذ, قِبل الأول الأرضية أم تعد. خطّة وإعلان بلا أي. بـ وزارة جزيرتي حدى.</p>\r\n\r\n<p>بأيدي لبولندا، بـ أخذ, و دون مقاطعة للأراضي. بـ الثقيل بأضرار والمعدات مكن. لغزو الغالي الإقتصادي دول من, الضروري شموليةً بـ بعد. كل لفشل علاقة كان. تعد أن الصين وبالتحديد،.</p>\r\n\r\n<p>ويعزى الشتوية الأوروبيّون عرض من. شعار بتحدّي الأهداف ان لها, وبغطاء العالمي إذ به،. لكون مليارات المزيفة أخذ أن, هنا؟ أطراف تكتيكاً بال أن. أصقاع بأضرار بلا أن, مع كانت الصفحات لإنعدام وفي, أمدها وعُرفت وإيطالي بلا بل.</p>\r\n\r\n<p>مرجع واندونيسيا، بها عل. كل ذات المدن المشترك وبولندا, اتّجة اقتصادية حيث هو. الثقيل الشّعبين أضف عل, جعل أم بسبب الإطلاق. عن دون بزمام مواقعها, عن شيء بشرية بالمحور التغييرات, مكن قد الله شواطيء استمرار. للسيطرة تغييرات الإتحاد ٣٠ دول. وبحلول والديون المبرمة بعض مع, جهة عليها العالم التجارية إذ.</p>\r\n\r\n<p>مع واستمر الأوروبي بحث, وزارة فرنسا الأول بل أسر. من وفي أهّل البرية وتنامت, هو وفي معارضة وقدّموا واشتدّت. عرض هو وايرلندا الجديدة،. أخر مع إبّان العالم التقليدية. ودول لهيمنة هذا عن. دار بـ تصفح سليمان، الشتاء،, إذ يتسنّى ومطالبة شيء. تم هذا والتي الغالي الأوروبية, أن حتى قدما شاسعة التحالف.</p>\r\n\r\n<p>عل دار حكومة بزمام شواطيء, ولم بداية السبب والقرى تم, فسقط ا للإتحاد وفي بـ. لم ضمنها بتحدّي ولم, بالإنزال سنغافورة لم جهة. بحق تطوير لإعلان أم. كان ٣٠ التي اتفاق, ٣٠ كان ماشاء الأرض العدّ. فقامت الأحمر الأثناء، عن أخذ, جورج وقام المزيفة أما ما. ما حدى الباهضة ومحاولة, قِبل وبعدما أضف من, بشكل اتفاقية أسر في.</p>\r\n\r\n<p>بحق لهذه لعدم بل, فسقط ايطاليا، المؤلّفة ٣٠ حيث, شيء ان بوابة التّحول. يبق جدول الخاسر الإطلاق كل, أراض الأوربيين شيء ٣٠. تم شدّت وبالتحديد، لكل, دون التنازلي الإيطالية عل. جديدة الدول ومن ثم. أمام الوراء كان قد. غير عل سقطت لدحر قِبل.</p>\r\n\r\n<p>الا وقرى استدعى اسبوعين و. دون قائمة ويتّفق التجارية قد. بل خيار اعلان تحت. دار عن عشوائية الموسوعة, ومن ما يرتبط إستيلاء وبلجيكا،, يبق الأوضاع الإمتعاض هو. لكل فقامت واشتدّت المتساقطة، هو.</p>\r\n\r\n<p>الآخر الحيلولة واندونيسيا، تحت ان. حدى ٣٠ الشرقي الإنزال. غينيا بالتوقيع تحت أي, في ذلك أحكم الشرقية التخطيط. ثم الآخر الجديدة، اليابانية بعد, ووصف كانتا تحت مع. إذ النفط الجنرال هذا, ضرب مشاركة والمانيا مع, الخاطفة لتقليعة التقليدي لمّ من. بحق مع يذكر بمحاولة, قد بحق الأراضي العمليات.</p>\r\n\r\n<p>فعل عن دأبوا الآخر, رجوعهم المجتمع عل عدد. بعد وحتى محاولات ولاتّساع لم, كل ومن أدنى الساحة. عن مما قائمة الولايات, وأزيز الشرق، الأبرياء جُل هو, تحت إذ بقصف تسمّى أطراف. إذ دارت وبعد ضمنها دون, إذ حين ماذا بالفشل, تنفّس تعديل الإتفاقية كلا لم. جعل وقرى بالإنزال و, أم جُل إعلان الغالي واعتلاء, وبعض قِبل مساعدة ولم عل. قد كلا أملاً الثانية. مدن دخول معارضة بولندا، عن, المارق واُسدل فقد إذ.</p>', NULL, 0, '', NULL, NULL, '', NULL, NULL);

--
-- Truncate table before insert `products_images`
--

TRUNCATE TABLE `products_images`;
--
-- Dumping data for table `products_images`
--

INSERT INTO `products_images` (`id`, `products_id`, `image`, `htmlcontent`, `sort_order`) VALUES
(1, 1, '132', NULL, 1),
(2, 2, '133', NULL, 1),
(3, 3, '135', NULL, 1),
(4, 4, '134', NULL, 1),
(5, 5, '136', NULL, 1),
(6, 6, '138', NULL, 1),
(7, 7, '137', NULL, 1),
(8, 8, '140', NULL, 1),
(9, 9, '139', NULL, 1),
(10, 10, '141', NULL, 1),
(11, 11, '143', NULL, 1),
(12, 12, '144', NULL, 1),
(13, 13, '145', NULL, 1),
(14, 14, '146', NULL, 1),
(15, 15, '147', NULL, 1),
(16, 16, '148', NULL, 1),
(17, 17, '149', NULL, 1),
(18, 18, '150', NULL, 1),
(19, 19, '151', NULL, 1),
(20, 20, '152', NULL, 1),
(21, 21, '153', NULL, 1),
(22, 22, '154', NULL, 1),
(23, 23, '155', NULL, 1),
(24, 24, '156', NULL, 1),
(25, 25, '157', NULL, 1),
(26, 26, '158', NULL, 1),
(27, 27, '160', NULL, 1),
(28, 28, '161', NULL, 1),
(29, 29, '163', NULL, 1),
(30, 30, '164', NULL, 1),
(31, 31, '165', NULL, 1),
(32, 32, '166', NULL, 1),
(34, 33, '167', NULL, 1),
(35, 34, '168', NULL, 1),
(36, 35, '169', NULL, 1),
(37, 36, '170', NULL, 1),
(38, 38, '212', NULL, 1),
(39, 38, '213', NULL, 2),
(40, 39, '214', NULL, 1),
(41, 39, '216', NULL, 2),
(42, 40, '219', NULL, 1),
(43, 40, '218', NULL, 2),
(44, 41, '222', NULL, 1),
(45, 41, '221', NULL, 2),
(46, 42, '223', NULL, 1),
(47, 42, '225', NULL, 2),
(48, 43, '226', NULL, 1),
(49, 43, '228', NULL, 2),
(50, 44, '231', NULL, 1),
(51, 44, '229', NULL, 2),
(52, 45, '234', NULL, 1),
(53, 45, '233', NULL, 2),
(54, 46, '236', NULL, 1),
(55, 46, '237', NULL, 2),
(56, 47, '239', NULL, 1),
(57, 47, '240', NULL, 2),
(58, 48, '241', NULL, 1),
(59, 48, '243', NULL, 2),
(60, 49, '245', NULL, 1),
(61, 49, '246', NULL, 2),
(62, 50, '248', NULL, 1),
(63, 50, '249', NULL, 2);

--
-- Truncate table before insert `products_options`
--

TRUNCATE TABLE `products_options`;
--
-- Truncate table before insert `products_options_descriptions`
--

TRUNCATE TABLE `products_options_descriptions`;
--
-- Truncate table before insert `products_options_values`
--

TRUNCATE TABLE `products_options_values`;
--
-- Truncate table before insert `products_options_values_descriptions`
--

TRUNCATE TABLE `products_options_values_descriptions`;
--
-- Truncate table before insert `products_shipping_rates`
--

TRUNCATE TABLE `products_shipping_rates`;
--
-- Dumping data for table `products_shipping_rates`
--

INSERT INTO `products_shipping_rates` (`products_shipping_rates_id`, `weight_from`, `weight_to`, `weight_price`, `unit_id`, `products_shipping_status`) VALUES
(1, '0', '10', 10, 1, 1),
(2, '10', '20', 10, 1, 1),
(3, '20', '30', 10, 1, 1),
(4, '30', '50', 50, 1, 1),
(5, '50', '100000', 70, 1, 1);

--
-- Truncate table before insert `products_to_categories`
--

TRUNCATE TABLE `products_to_categories`;
--
-- Dumping data for table `products_to_categories`
--

INSERT INTO `products_to_categories` (`products_to_categories_id`, `products_id`, `categories_id`) VALUES
(3, 2, 1),
(4, 3, 1),
(5, 4, 1),
(6, 5, 1),
(7, 6, 2),
(8, 7, 2),
(9, 8, 2),
(10, 9, 2),
(11, 10, 2),
(12, 11, 3),
(13, 12, 3),
(14, 13, 3),
(15, 14, 3),
(16, 15, 3),
(17, 16, 3),
(18, 17, 3),
(19, 18, 3),
(20, 19, 3),
(22, 20, 3),
(23, 21, 3),
(24, 22, 3),
(25, 23, 3),
(26, 24, 4),
(27, 25, 4),
(28, 26, 4),
(29, 27, 4),
(30, 28, 4),
(31, 29, 5),
(32, 30, 5),
(33, 31, 5),
(34, 32, 5),
(35, 33, 5),
(36, 34, 5),
(37, 35, 5),
(38, 36, 5),
(40, 38, 7),
(41, 39, 7),
(42, 40, 7),
(43, 41, 7),
(44, 42, 8),
(45, 43, 8),
(46, 44, 8),
(47, 45, 8),
(48, 46, 8),
(49, 47, 6),
(50, 48, 6),
(51, 49, 6),
(52, 50, 6),
(53, 1, 1),
(55, 37, 1);

--
-- Truncate table before insert `settings`
--

TRUNCATE TABLE `settings`;
--
-- Dumping data for table `settings`
--

INSERT INTO `settings` (`id`, `name`, `value`, `created_at`, `updated_at`) VALUES
(1, 'facebook_app_id', 'FB_CLIENT_ID', '2018-04-27 00:00:00', '2020-07-06 12:51:52'),
(2, 'facebook_secret_id', 'FB_SECRET_KEY', '2018-04-27 00:00:00', '2020-07-06 12:51:52'),
(3, 'facebook_login', '1', '2018-04-27 00:00:00', '2020-07-06 12:51:52'),
(4, 'contact_us_email', 'contact@your-store.com', '2018-04-27 00:00:00', '2020-05-14 01:19:20'),
(5, 'address', 'address', '2018-04-27 00:00:00', '2020-05-14 01:19:20'),
(6, 'city', 'City', '2018-04-27 00:00:00', '2020-05-14 01:19:20'),
(7, 'state', 'State', '2018-04-27 00:00:00', '2020-05-14 01:19:20'),
(8, 'zip', 'Zip', '2018-04-27 00:00:00', '2020-05-14 01:19:20'),
(9, 'country', 'Country', '2018-04-27 00:00:00', '2020-05-14 01:19:20'),
(10, 'latitude', 'Latitude', '2018-04-27 00:00:00', '2020-05-14 01:19:20'),
(11, 'longitude', 'Longitude', '2018-04-27 00:00:00', '2020-05-14 01:19:20'),
(12, 'phone_no', '+12 3456789', '2018-04-27 00:00:00', '2020-05-14 01:19:20'),
(13, 'fcm_android', '', '2018-04-27 00:00:00', '2019-02-05 11:42:15'),
(14, 'fcm_ios', NULL, '2018-04-27 00:00:00', NULL),
(15, 'fcm_desktop', NULL, '2018-04-27 00:00:00', NULL),
(16, 'website_logo', 'images/media/2020/04/SnFnt28605.png', '2018-04-27 00:00:00', '2020-04-28 05:31:22'),
(17, 'fcm_android_sender_id', NULL, '2018-04-27 00:00:00', NULL),
(18, 'fcm_ios_sender_id', '', '2018-04-27 00:00:00', '2019-02-05 11:42:15'),
(19, 'app_name', 'Grocery Store', '2018-04-27 00:00:00', '2020-05-14 01:19:20'),
(20, 'currency_symbol', '$', '2018-04-27 00:00:00', '2018-11-19 07:26:01'),
(21, 'new_product_duration', '20', '2018-04-27 00:00:00', '2020-05-14 01:19:20'),
(22, 'notification_title', 'Ionic Ecommerce', '2018-04-27 00:00:00', '2020-07-06 12:51:35'),
(23, 'notification_text', 'A bundle of products waiting for you!', '2018-04-27 00:00:00', '2020-07-06 12:51:35'),
(24, 'lazzy_loading_effect', 'android', '2018-04-27 00:00:00', '2020-07-06 12:51:35'),
(25, 'footer_button', '1', '2018-04-27 00:00:00', '2019-05-15 10:58:30'),
(26, 'cart_button', '1', '2018-04-27 00:00:00', '2020-07-06 12:51:35'),
(27, 'featured_category', NULL, '2018-04-27 00:00:00', NULL),
(28, 'notification_duration', 'year', '2018-04-27 00:00:00', '2020-07-06 12:51:35'),
(29, 'home_style', '1', '2018-04-27 00:00:00', '2020-07-06 12:51:35'),
(30, 'wish_list_page', '1', '2018-04-27 00:00:00', '2020-07-06 12:51:35'),
(31, 'edit_profile_page', '1', '2018-04-27 00:00:00', '2020-07-06 12:51:35'),
(32, 'shipping_address_page', '1', '2018-04-27 00:00:00', '2020-07-06 12:51:35'),
(33, 'my_orders_page', '1', '2018-04-27 00:00:00', '2020-07-06 12:51:35'),
(34, 'contact_us_page', '1', '2018-04-27 00:00:00', '2020-07-06 12:51:35'),
(35, 'about_us_page', '1', '2018-04-27 00:00:00', '2020-07-06 12:51:35'),
(36, 'news_page', '1', '2018-04-27 00:00:00', '2020-07-06 12:51:35'),
(37, 'intro_page', '1', '2018-04-27 00:00:00', '2020-07-06 12:51:35'),
(38, 'setting_page', '1', '2018-04-27 00:00:00', '2020-07-06 12:51:35'),
(39, 'share_app', '1', '2018-04-27 00:00:00', '2020-07-06 12:51:35'),
(40, 'rate_app', '1', '2018-04-27 00:00:00', '2020-07-06 12:51:35'),
(41, 'site_url', 'URL', '2018-04-27 00:00:00', '2018-11-19 07:26:01'),
(42, 'admob', '0', '2018-04-27 00:00:00', '2019-05-15 10:58:05'),
(43, 'admob_id', 'ID', '2018-04-27 00:00:00', '2019-05-15 10:58:05'),
(44, 'ad_unit_id_banner', 'Unit ID', '2018-04-27 00:00:00', '2019-05-15 10:58:05'),
(45, 'ad_unit_id_interstitial', 'Indestrial', '2018-04-27 00:00:00', '2019-05-15 10:58:05'),
(46, 'category_style', '4', '2018-04-27 00:00:00', '2020-07-06 12:51:35'),
(47, 'package_name', 'package name', '2018-04-27 00:00:00', '2019-05-15 10:58:30'),
(48, 'google_analytic_id', 'test', '2018-04-27 00:00:00', '2020-07-06 12:51:35'),
(49, 'themes', 'themeone', '2018-04-27 00:00:00', NULL),
(50, 'company_name', '#', '2018-04-27 00:00:00', '2019-10-07 09:52:24'),
(51, 'facebook_url', '#', '2018-04-27 00:00:00', '2020-07-03 04:22:24'),
(52, 'google_url', '#', '2018-04-27 00:00:00', '2020-07-03 04:22:24'),
(53, 'twitter_url', '#', '2018-04-27 00:00:00', '2020-07-03 04:22:24'),
(54, 'linked_in', '#', '2018-04-27 00:00:00', '2020-07-03 04:22:24'),
(55, 'default_notification', 'onesignal', '2018-04-27 00:00:00', '2019-02-05 11:42:15'),
(56, 'onesignal_app_id', '6053d948-b8f6-472a-87e4-379fa89f78d8', '2018-04-27 00:00:00', '2019-02-05 11:42:15'),
(57, 'onesignal_sender_id', '50877237723', '2018-04-27 00:00:00', '2019-02-05 11:42:15'),
(58, 'ios_admob', '1', '2018-04-27 00:00:00', '2019-05-15 10:58:05'),
(59, 'ios_admob_id', 'AdMob ID', '2018-04-27 00:00:00', '2019-05-15 10:58:05'),
(60, 'ios_ad_unit_id_banner', 'Unit ID Banner', '2018-04-27 00:00:00', '2019-05-15 10:58:05'),
(61, 'ios_ad_unit_id_interstitial', 'ID Interstitial', '2018-04-27 00:00:00', '2019-05-15 10:58:05'),
(62, 'google_login', '1', NULL, '2020-07-06 12:52:08'),
(63, 'google_app_id', NULL, NULL, NULL),
(64, 'google_secret_id', NULL, NULL, NULL),
(65, 'google_callback_url', NULL, NULL, NULL),
(66, 'facebook_callback_url', NULL, NULL, NULL),
(67, 'is_app_purchased', '1', NULL, '2018-05-04 03:24:44'),
(68, 'is_web_purchased', '1', NULL, '2018-05-04 03:24:44'),
(69, 'consumer_key', 'dadb7a7c1557917902724bbbf5', NULL, '2019-05-15 10:58:22'),
(70, 'consumer_secret', '3ba77f821557917902b1d57373', NULL, '2019-05-15 10:58:22'),
(71, 'order_email', 'orders@your-store.com', NULL, '2020-05-14 01:19:20'),
(72, 'website_themes', '1', NULL, NULL),
(73, 'seo_title', '', NULL, '2018-11-19 07:21:57'),
(74, 'seo_metatag', '', NULL, '2018-11-19 07:21:57'),
(75, 'seo_keyword', '', NULL, '2018-11-19 07:21:57'),
(76, 'seo_description', '', NULL, '2018-11-19 07:21:57'),
(77, 'before_head_tag', '<style>\r\n.sticky-header .header-sticky-inner nav .navbar-collapse ul .nav-item .nav-link {\r\n    font-size: 0.675rem;\r\n    padding-right: 8px !important;\r\n    padding-left: 0px !important;\r\n}\r\n#carouselExampleIndicators3 .w-100 {    \r\nheight: 302px !important;\r\n}\r\n</style>', NULL, '2020-05-06 07:00:15'),
(78, 'end_body_tag', 'logo', NULL, '2020-05-06 07:00:15'),
(79, 'sitename_logo', 'logo', NULL, '2020-07-03 04:22:24'),
(80, 'website_name', '<strong>E</strong>COMMERCE', NULL, '2020-07-03 04:22:24'),
(81, 'web_home_pages_style', 'two', NULL, '2018-11-19 07:22:25'),
(82, 'web_color_style', 'app.theme.19', NULL, '2020-07-28 10:01:10'),
(83, 'free_shipping_limit', '400', NULL, '2020-05-14 01:19:20'),
(84, 'app_icon_image', 'icon', NULL, '2019-02-05 10:12:59'),
(85, 'twilio_status', '0', NULL, NULL),
(86, 'twilio_authy_api_id', '1213213', NULL, NULL),
(87, 'favicon', 'images/media/2020/04/qCnV228805.png', NULL, '2020-04-28 05:31:22'),
(88, 'Thumbnail_height', '150', NULL, NULL),
(89, 'Thumbnail_width', '150', NULL, NULL),
(90, 'Medium_height', '400', NULL, NULL),
(91, 'Medium_width', '400', NULL, NULL),
(92, 'Large_height', '900', NULL, NULL),
(93, 'Large_width', '900', NULL, NULL),
(94, 'environment', 'production', NULL, '2020-05-14 01:19:20'),
(95, 'maintenance_text', 'https://example.com', NULL, '2020-05-14 01:19:20'),
(96, 'package_charge_taxt', '0', NULL, NULL),
(97, 'order_commission', '0', NULL, NULL),
(98, 'all_items_price_included_tax', 'yes', NULL, NULL),
(99, 'all_items_price_included_tax_value', '0', NULL, NULL),
(100, 'driver_accept_multiple_order', '1', NULL, NULL),
(101, 'min_order_price', '100', NULL, '2020-05-14 01:19:20'),
(102, 'youtube_link', '0', NULL, NULL),
(103, 'external_website_link', 'http://laravelg.themes-coder.net/', NULL, '2020-05-14 01:19:20'),
(104, 'google_map_api', 'AIzaSyDK1l6GkyLouk92QUwdojHfYy6Q3ErQaWI', NULL, '2020-05-14 09:03:16'),
(105, 'is_pos_purchased', '0', NULL, NULL),
(106, 'admin_version', '1.0', NULL, NULL),
(107, 'app_version', '1.0', NULL, NULL),
(108, 'web_version', '1.0', NULL, NULL),
(109, 'pos_version', '0', NULL, NULL),
(110, 'android_app_link', '#', NULL, '2020-04-29 12:23:23'),
(111, 'iphone_app_link', '#', NULL, '2020-04-29 12:23:23'),
(112, 'about_content', 'Lorum Ipsum Upsum Kupsum Jipsum Mipsum Lorum Ipsum Upsum Kupsum Jipsum Mipsum Lorum Ipsum Upsum Kupsum Jipsum Mipsum Lorum Ipsum Upsum Kupsum Jipsum Mipsum Lorum Ipsum Upsum Kupsum Jipsum Mipsum Lorum Ipsum Upsum Kupsum Jipsum Mipsum Lorum Ipsum Upsum Kupsum Jipsum Mipsum', NULL, '2020-07-03 04:22:24'),
(113, 'contact_content', 'Lorum Ipsum Upsum Kupsum Jipsum Mipsum Lorum Ipsum Upsum Kupsum Jipsum Mipsum Lorum Ipsum Upsum Kupsum Jipsum Mipsum Lorum Ipsum Upsum Kupsum Jipsum Mipsum Lorum Ipsum Upsum Kupsum Jipsum Mipsum Lorum Ipsum Upsum Kupsum Jipsum Mipsum Lorum Ipsum Upsum Kupsum Jipsum Mipsum', NULL, '2020-07-03 04:22:24'),
(114, 'testkh', '2654', NULL, NULL),
(115, 'fb_redirect_url', 'http://YOUR_DOMAIN_NAME/login/facebook/callback', NULL, '2020-07-06 12:51:52'),
(116, 'google_client_id', 'AIzaSyD1bs47pe1WWKulhf2Hi5O8AN-sRASAUsA', NULL, '2020-07-06 12:52:08'),
(117, 'google_client_secret', '982933643098-8ac7hoj54vdqo896tvorp8vrad9tnebp.apps.googleusercontent.com', NULL, '2020-07-06 12:52:08'),
(118, 'google_redirect_url', 'http://YOUR_DOMAIN_NAME/login/google/callback', NULL, '2020-07-06 12:52:08'),
(119, 'newsletter', '1', '2020-03-20 04:12:09', '2020-04-29 12:25:59'),
(120, 'allow_cookies', '1', NULL, '2020-07-03 04:22:24'),
(121, 'card_style', '1', NULL, '2020-07-06 12:51:35'),
(122, 'banner_style', '1', NULL, '2020-07-06 12:51:35'),
(123, 'mail_chimp_api', '', NULL, '2020-04-29 12:25:59'),
(124, 'mail_chimp_list_id', '', NULL, '2020-04-29 12:25:59'),
(125, 'newsletter_image', 'images/media/2019/12/mZCsc02908.jpg', NULL, '2020-04-29 12:25:59'),
(126, 'instauserid', '1', NULL, NULL),
(127, 'is_enable_location', '1', NULL, '2020-05-14 09:03:16'),
(128, 'default_latitude', '69.34511599999999', NULL, '2020-05-14 09:03:16'),
(129, 'default_longitude', '1', NULL, NULL),
(130, 'web_card_style', '16', NULL, '2020-07-30 08:05:04'),
(131, 'auth_domain', 'laravelecommercemap.firebaseapp.com', NULL, '2020-05-14 09:03:16'),
(132, 'database_URL', 'https://laravelecommercemap.firebaseio.com', NULL, '2020-05-14 09:03:16'),
(133, 'projectId', 'laravelecommercemap', NULL, '2020-05-14 09:03:16'),
(134, 'storage_bucket', 'laravelecommercemap.appspot.com', NULL, '2020-05-14 09:03:16'),
(135, 'messaging_senderid', '930506877678', NULL, '2020-05-14 09:03:16'),
(136, 'firebase_apikey', 'AIzaSyBgyg1qEt2YkYBWv6eo477AMFMX4FU8WT4', NULL, '2020-05-14 09:03:16'),
(137, 'home_categories_img_icn', 'Icon', NULL, '2020-05-15 01:34:27'),
(138, 'home_categories_records', '6', NULL, '2020-05-15 01:34:27'),
(139, 'home_category', '3,8,4', NULL, '2020-05-15 01:19:54'),
(140, 'firebase_appid', '', NULL, '2020-05-14 09:03:16'),
(141, 'maptype', 'internal', NULL, '2020-07-17 03:50:14');

--
-- Truncate table before insert `shipping_description`
--

TRUNCATE TABLE `shipping_description`;
--
-- Dumping data for table `shipping_description`
--

INSERT INTO `shipping_description` (`id`, `name`, `language_id`, `table_name`, `sub_labels`) VALUES
(1, 'Free Shipping', 1, 'free_shipping', ''),
(4, 'Local Pickup', 1, 'local_pickup', ''),
(7, 'Flat Rate', 1, 'flate_rate', ''),
(10, 'UPS Shipping', 1, 'ups_shipping', '{\"nextDayAir\":\"Next Day Air\",\"secondDayAir\":\"2nd Day Air\",\"ground\":\"Ground\",\"threeDaySelect\":\"3 Day Select\",\"nextDayAirSaver\":\"Next Day AirSaver\",\"nextDayAirEarlyAM\":\"Next Day Air Early A.M.\",\"secondndDayAirAM\":\"2nd Day Air A.M.\"}'),
(13, 'Shipping Price', 1, 'shipping_by_weight', '');

--
-- Truncate table before insert `shipping_methods`
--

TRUNCATE TABLE `shipping_methods`;
--
-- Dumping data for table `shipping_methods`
--

INSERT INTO `shipping_methods` (`shipping_methods_id`, `methods_type_link`, `isDefault`, `status`, `table_name`) VALUES
(1, 'upsShipping', 0, 0, 'ups_shipping'),
(2, 'freeShipping', 0, 0, 'free_shipping'),
(3, 'localPickup', 1, 0, 'local_pickup'),
(4, 'flateRate', 0, 1, 'flate_rate'),
(5, 'shippingByWeight', 0, 1, 'shipping_by_weight');

--
-- Truncate table before insert `sliders_images`
--

TRUNCATE TABLE `sliders_images`;
--
-- Dumping data for table `sliders_images`
--

INSERT INTO `sliders_images` (`sliders_id`, `sliders_title`, `sliders_url`, `carousel_id`, `sliders_image`, `sliders_group`, `sliders_html_text`, `expires_date`, `date_added`, `status`, `type`, `date_status_change`, `languages_id`) VALUES
(1, 'Left Slider with Thumbs (770x400)', 'green-seedless-grapes', 5, '264', '', '', '2021-09-30 00:00:00', '2020-05-06 17:10:05', 1, 'product', '2020-05-06 17:10:05', 1),
(2, 'Left Slider with Thumbs (770x400)', 'coca-cola-soda', 5, '267', '', '', '2021-07-31 00:00:00', '2020-05-06 17:53:13', 1, 'product', '2020-05-06 17:53:13', 1),
(3, 'Left Slider with Thumbs (770x400)', 'coca-cola-soda', 5, '266', '', '', '2021-07-30 00:00:00', '2020-05-06 17:10:44', 1, 'product', '2020-05-06 17:10:44', 1),
(4, 'sdasdasdass', '', 1, '171', '', '', '2020-07-15 00:00:00', '2019-09-10 08:26:49', 1, 'product', NULL, 1),
(5, 'fdsfds', '', 1, '172', '', '', '2020-08-14 00:00:00', '2019-09-10 08:27:04', 1, 'product', NULL, 1),
(6, 'Full Screen Slider (1600x420)', 'coca-cola-soda', 1, '269', '', '', '2030-01-30 00:00:00', '2020-05-06 17:47:49', 1, 'product', '2020-05-06 17:47:49', 1),
(7, 'Full Page Slider (1170x420)', 'coca-cola-soda', 2, '275', '', '', '2021-05-26 00:00:00', '2020-05-07 00:40:55', 1, 'product', '2020-05-07 00:40:55', 1),
(8, 'Full Page Slider (1170x420)', 'coca-cola-soda', 2, '273', '', '', '2021-10-28 00:00:00', '2020-05-07 00:41:12', 1, 'product', '2020-05-07 00:41:12', 1),
(9, 'Full Page Slider (1170x420)', 'coca-cola-soda', 2, '262', '', '', '2021-08-31 00:00:00', '2020-05-06 17:00:26', 1, 'product', '2020-05-06 17:00:26', 1),
(10, 'Right Slider with Thumbs (770x400)', 'green-seedless-grapes', 3, '264', '', '', '2022-02-28 00:00:00', '2020-05-06 17:04:49', 1, 'product', '2020-05-06 17:04:49', 1),
(11, 'Right Slider with Thumbs (770x400)', 'coca-cola-soda', 3, '267', '', '', '2021-07-28 00:00:00', '2020-05-06 17:51:42', 1, 'product', '2020-05-06 17:51:42', 1),
(12, 'Right Slider with Thumbs (770x400)', 'coca-cola-soda', 3, '266', '', '', '2022-01-27 00:00:00', '2020-05-06 17:06:21', 1, 'product', '2020-05-06 17:06:21', 1),
(13, 'Right Slider with Navigation (770x400)', 'green-seedless-grapes', 4, '264', '', '', '2021-06-15 00:00:00', '2020-05-06 17:08:06', 1, 'product', '2020-05-06 17:08:06', 1),
(14, 'Right Slider with Navigation (770x400)', 'coca-cola-soda', 4, '267', '', '', '2021-12-29 00:00:00', '2020-05-06 17:52:13', 1, 'product', '2020-05-06 17:52:13', 1),
(15, 'Right Slider with Navigation (770x400)', 'coca-cola-soda', 4, '266', '', '', '2022-07-07 00:00:00', '2020-05-06 17:08:58', 1, 'product', '2020-05-06 17:08:58', 1),
(16, 'Left Slider with Thumbs (770x400)', 'broccoli-crowns', 5, '277', '', '', '2022-07-28 00:00:00', '2020-05-07 00:44:15', 1, 'product', '2020-05-07 00:44:15', 2),
(17, 'Left Slider with Thumbs (770x400)', 'marketside-large-brown-eggs', 5, '276', '', '', '2022-07-28 00:00:00', '2020-05-07 00:44:37', 1, 'product', '2020-05-07 00:44:37', 2),
(18, 'Left Slider with Thumbs (770x400)', 'coca-cola-soda', 5, '278', '', '', '2022-07-28 00:00:00', '2020-05-07 00:44:55', 1, 'product', '2020-05-07 00:44:55', 2),
(19, 'Full Screen Slider (1600x420)', 'blueberry-soft-chewy-pre-sliced-bagels', 1, '272', '', '', '2022-07-27 00:00:00', '2020-05-07 00:37:28', 1, 'product', '2020-05-07 00:37:28', 2),
(20, 'Full Screen Slider (1600x420)', 'coffee-mate-sugar-free', 1, '269', '', '', '2022-07-27 00:00:00', '2020-05-07 00:38:18', 1, 'product', '2020-05-07 00:38:18', 2),
(21, 'Full Screen Slider (1600x420)', 'coca-cola-soda', 1, '270', '', '', '2022-07-27 00:00:00', '2020-05-07 00:38:50', 1, 'product', '2020-05-07 00:38:50', 2),
(22, 'Full Page Slider (1170x420)', 'green-seedless-grapes', 2, '272', '', '', '2022-07-27 00:00:00', '2020-05-07 00:39:24', 1, 'product', '2020-05-07 00:39:24', 2),
(23, 'Full Page Slider (1170x420)', 'coca-cola-soda', 2, '271', '', '', '2022-07-26 00:00:00', '2020-05-07 00:40:02', 1, 'product', '2020-05-07 00:40:02', 2),
(24, 'Full Page Slider (1170x420)', 'coca-cola-soda', 2, '274', '', '', '2022-07-26 00:00:00', '2020-05-07 00:40:38', 1, 'product', '2020-05-07 00:40:38', 2),
(25, 'Right Slider with Thumbs (770x400)', 'coca-cola-soda', 3, '277', '', '', '2022-07-26 00:00:00', '2020-05-07 00:41:49', 1, 'product', '2020-05-07 00:41:49', 2),
(26, 'Right Slider with Thumbs (770x400)', 'coca-cola-soda', 3, '276', '', '', '2022-07-26 00:00:00', '2020-05-07 00:42:07', 1, 'product', '2020-05-07 00:42:07', 2),
(27, 'Right Slider with Thumbs (770x400)', 'coca-cola-soda', 3, '278', '', '', '2022-07-26 00:00:00', '2020-05-07 00:42:25', 1, 'product', '2020-05-07 00:42:25', 2),
(28, 'Right Slider with Navigation (770x400)', 'broccoli-crowns', 4, '277', '', '', '2022-07-27 00:00:00', '2020-05-07 00:43:03', 1, 'product', '2020-05-07 00:43:03', 2),
(29, 'Right Slider with Navigation (770x400)', 'coffee-mate-sugar-free', 4, '276', '', '', '2022-07-28 00:00:00', '2020-05-07 00:43:30', 1, 'product', '2020-05-07 00:43:30', 2),
(30, 'Right Slider with Navigation (770x400)', 'coca-cola-soda', 4, '278', '', '', '2022-07-28 00:00:00', '2020-05-07 00:43:47', 1, 'product', '2020-05-07 00:43:47', 2);

--
-- Truncate table before insert `specials`
--

TRUNCATE TABLE `specials`;
--
-- Dumping data for table `specials`
--

INSERT INTO `specials` (`specials_id`, `products_id`, `specials_new_products_price`, `specials_date_added`, `specials_last_modified`, `expires_date`, `date_status_change`, `status`) VALUES
(1, 4, 20.00, 1574862065, 0, 1680220800, 0, 1),
(2, 7, 15.00, 1574862632, 0, 1735603200, 0, 1),
(3, 11, 6.00, 1574863210, 0, 1732665600, 0, 1),
(4, 25, 26.00, 1574949464, 0, 1767139200, 0, 1),
(5, 30, 19.00, 1575276060, 0, 1921795200, 0, 1);

--
-- Truncate table before insert `tax_class`
--

TRUNCATE TABLE `tax_class`;
--
-- Dumping data for table `tax_class`
--

INSERT INTO `tax_class` (`tax_class_id`, `tax_class_title`, `tax_class_description`, `last_modified`, `date_added`, `created_at`, `updated_at`) VALUES
(1, 'GST', NULL, NULL, '0000-00-00 00:00:00', '2020-06-05 11:29:02', NULL),
(2, 'Sales Tax', 'Test', NULL, '0000-00-00 00:00:00', '2020-06-05 11:34:58', NULL);

--
-- Truncate table before insert `tax_rates`
--

TRUNCATE TABLE `tax_rates`;
--
-- Dumping data for table `tax_rates`
--

INSERT INTO `tax_rates` (`tax_rates_id`, `tax_zone_id`, `tax_class_id`, `tax_priority`, `tax_rate`, `tax_description`, `last_modified`, `date_added`, `created_at`, `updated_at`) VALUES
(1, 1, 1, 1, 16.00, 'Test', NULL, '0000-00-00 00:00:00', '2020-06-05 11:29:38', NULL),
(2, 139, 2, 1, 17.00, 'Test', NULL, '0000-00-00 00:00:00', '2020-06-05 11:35:31', NULL);

--
-- Truncate table before insert `top_offers`
--

TRUNCATE TABLE `top_offers`;
--
-- Dumping data for table `top_offers`
--

INSERT INTO `top_offers` (`top_offers_id`, `top_offers_text`, `language_id`, `created_at`, `updated_at`) VALUES
(1, 'Get<strong> UPTO 40% OFF </strong>on your 1st order\r\n <div class=\\\"pro-link-dropdown js-toppanel-link-dropdown\\\">\r\n <a href=\\\"/shop\\\" class=\\\"pro-dropdown-toggle\\\">\r\nSHOP NOW\r\n</a>\r\n</div>', 1, '2020-04-28 17:37:09', '2020-04-28 05:37:09'),
(2, 'احصل على <strong> خصم يصل إلى 40٪ </ strong> على طلبك الأول\r\n <div class = \\\"pro-link-dropdown js-toppanel-link-dropdown\\\">\r\n <a href=\\\"/shop\\\" class=\\\"pro-dropdown-toggle\\\">\r\nتسوق الآن\r\n</a>\r\n</div>', 2, '2020-04-28 17:37:09', '2020-04-28 05:37:09');

--
-- Truncate table before insert `units`
--

TRUNCATE TABLE `units`;
--
-- Dumping data for table `units`
--

INSERT INTO `units` (`unit_id`, `is_active`, `date_added`, `last_modified`, `created_at`, `updated_at`) VALUES
(1, 1, NULL, NULL, '2019-01-01 08:04:18', '2019-01-01 08:04:18'),
(2, 1, NULL, NULL, '2019-01-01 08:04:18', '2019-01-01 08:04:18');

--
-- Truncate table before insert `units_descriptions`
--

TRUNCATE TABLE `units_descriptions`;
--
-- Dumping data for table `units_descriptions`
--

INSERT INTO `units_descriptions` (`units_description_id`, `units_name`, `languages_id`, `unit_id`, `created_at`, `updated_at`) VALUES
(1, 'Gram', 1, 1, '2019-01-01 08:04:18', '2019-01-01 08:04:18'),
(2, 'غرام', 2, 1, '2019-01-01 08:04:18', '2019-01-01 08:04:18'),
(3, 'Kilogram', 1, 2, '2019-01-01 08:04:18', '2019-01-01 08:04:18'),
(4, 'كيلوغرام', 2, 2, '2019-01-01 08:04:18', '2019-01-01 08:04:18');

--
-- Truncate table before insert `ups_shipping`
--

TRUNCATE TABLE `ups_shipping`;
--
-- Dumping data for table `ups_shipping`
--

INSERT INTO `ups_shipping` (`ups_id`, `pickup_method`, `isDisplayCal`, `serviceType`, `shippingEnvironment`, `user_name`, `access_key`, `password`, `person_name`, `company_name`, `phone_number`, `address_line_1`, `address_line_2`, `country`, `state`, `post_code`, `city`, `no_of_package`, `parcel_height`, `parcel_width`, `title`) VALUES
(1, '07', '', 'US_01,US_02,US_03,US_12,US_13,US_14,US_59', '0', 'nyblueprint', 'FCD7C8F94CB5EF46', 'delfia11', '', '', '', 'D Ground', '', 'US', 'NY', '10312', 'New York City', '', '', '', '');

--
-- Truncate table before insert `zones`
--

TRUNCATE TABLE `zones`;
--
-- Dumping data for table `zones`
--

INSERT INTO `zones` (`zone_id`, `zone_country_id`, `zone_code`, `zone_name`) VALUES
(1, 223, 'AL', 'Alabama'),
(2, 223, 'AK', 'Alaska'),
(3, 223, 'AS', 'American Samoa'),
(4, 223, 'AZ', 'Arizona'),
(5, 223, 'AR', 'Arkansas'),
(6, 223, 'AF', 'Armed Forces Africa'),
(7, 223, 'AA', 'Armed Forces Americas'),
(8, 223, 'AC', 'Armed Forces Canada'),
(9, 223, 'AE', 'Armed Forces Europe'),
(10, 223, 'AM', 'Armed Forces Middle East'),
(11, 223, 'AP', 'Armed Forces Pacific'),
(12, 223, 'CA', 'California'),
(13, 223, 'CO', 'Colorado'),
(14, 223, 'CT', 'Connecticut'),
(15, 223, 'DE', 'Delaware'),
(16, 223, 'DC', 'District of Columbia'),
(17, 223, 'FM', 'Federated States Of Micronesia'),
(18, 223, 'FL', 'Florida'),
(19, 223, 'GA', 'Georgia'),
(20, 223, 'GU', 'Guam'),
(21, 223, 'HI', 'Hawaii'),
(22, 223, 'ID', 'Idaho'),
(23, 223, 'IL', 'Illinois'),
(24, 223, 'IN', 'Indiana'),
(25, 223, 'IA', 'Iowa'),
(26, 223, 'KS', 'Kansas'),
(27, 223, 'KY', 'Kentucky'),
(28, 223, 'LA', 'Louisiana'),
(29, 223, 'ME', 'Maine'),
(30, 223, 'MH', 'Marshall Islands'),
(31, 223, 'MD', 'Maryland'),
(32, 223, 'MA', 'Massachusetts'),
(33, 223, 'MI', 'Michigan'),
(34, 223, 'MN', 'Minnesota'),
(35, 223, 'MS', 'Mississippi'),
(36, 223, 'MO', 'Missouri'),
(37, 223, 'MT', 'Montana'),
(38, 223, 'NE', 'Nebraska'),
(39, 223, 'NV', 'Nevada'),
(40, 223, 'NH', 'New Hampshire'),
(41, 223, 'NJ', 'New Jersey'),
(42, 223, 'NM', 'New Mexico'),
(43, 223, 'NY', 'New York'),
(44, 223, 'NC', 'North Carolina'),
(45, 223, 'ND', 'North Dakota'),
(46, 223, 'MP', 'Northern Mariana Islands'),
(47, 223, 'OH', 'Ohio'),
(48, 223, 'OK', 'Oklahoma'),
(49, 223, 'OR', 'Oregon'),
(50, 223, 'PW', 'Palau'),
(51, 223, 'PA', 'Pennsylvania'),
(52, 223, 'PR', 'Puerto Rico'),
(53, 223, 'RI', 'Rhode Island'),
(54, 223, 'SC', 'South Carolina'),
(55, 223, 'SD', 'South Dakota'),
(56, 223, 'TN', 'Tennessee'),
(57, 223, 'TX', 'Texas'),
(58, 223, 'UT', 'Utah'),
(59, 223, 'VT', 'Vermont'),
(60, 223, 'VI', 'Virgin Islands'),
(61, 223, 'VA', 'Virginia'),
(62, 223, 'WA', 'Washington'),
(63, 223, 'WV', 'West Virginia'),
(64, 223, 'WI', 'Wisconsin'),
(65, 223, 'WY', 'Wyoming'),
(66, 38, 'AB', 'Alberta'),
(67, 38, 'BC', 'British Columbia'),
(68, 38, 'MB', 'Manitoba'),
(69, 38, 'NF', 'Newfoundland'),
(70, 38, 'NB', 'New Brunswick'),
(71, 38, 'NS', 'Nova Scotia'),
(72, 38, 'NT', 'Northwest Territories'),
(73, 38, 'NU', 'Nunavut'),
(74, 38, 'ON', 'Ontario'),
(75, 38, 'PE', 'Prince Edward Island'),
(76, 38, 'QC', 'Quebec'),
(77, 38, 'SK', 'Saskatchewan'),
(78, 38, 'YT', 'Yukon Territory'),
(79, 81, 'NDS', 'Niedersachsen'),
(80, 81, 'BAW', 'Baden-Württemberg'),
(81, 81, 'BAY', 'Bayern'),
(82, 81, 'BER', 'Berlin'),
(83, 81, 'BRG', 'Brandenburg'),
(84, 81, 'BRE', 'Bremen'),
(85, 81, 'HAM', 'Hamburg'),
(86, 81, 'HES', 'Hessen'),
(87, 81, 'MEC', 'Mecklenburg-Vorpommern'),
(88, 81, 'NRW', 'Nordrhein-Westfalen'),
(89, 81, 'RHE', 'Rheinland-Pfalz'),
(90, 81, 'SAR', 'Saarland'),
(91, 81, 'SAS', 'Sachsen'),
(92, 81, 'SAC', 'Sachsen-Anhalt'),
(93, 81, 'SCN', 'Schleswig-Holstein'),
(94, 81, 'THE', 'Thüringen'),
(95, 14, 'WI', 'Wien'),
(96, 14, 'NO', 'Niederösterreich'),
(97, 14, 'OO', 'Oberösterreich'),
(98, 14, 'SB', 'Salzburg'),
(99, 14, 'KN', 'Kärnten'),
(100, 14, 'ST', 'Steiermark'),
(101, 14, 'TI', 'Tirol'),
(102, 14, 'BL', 'Burgenland'),
(103, 14, 'VB', 'Voralberg'),
(104, 204, 'AG', 'Aargau'),
(105, 204, 'AI', 'Appenzell Innerrhoden'),
(106, 204, 'AR', 'Appenzell Ausserrhoden'),
(107, 204, 'BE', 'Bern'),
(108, 204, 'BL', 'Basel-Landschaft'),
(109, 204, 'BS', 'Basel-Stadt'),
(110, 204, 'FR', 'Freiburg'),
(111, 204, 'GE', 'Genf'),
(112, 204, 'GL', 'Glarus'),
(113, 204, 'JU', 'Graubünden'),
(114, 204, 'JU', 'Jura'),
(115, 204, 'LU', 'Luzern'),
(116, 204, 'NE', 'Neuenburg'),
(117, 204, 'NW', 'Nidwalden'),
(118, 204, 'OW', 'Obwalden'),
(119, 204, 'SG', 'St. Gallen'),
(120, 204, 'SH', 'Schaffhausen'),
(121, 204, 'SO', 'Solothurn'),
(122, 204, 'SZ', 'Schwyz'),
(123, 204, 'TG', 'Thurgau'),
(124, 204, 'TI', 'Tessin'),
(125, 204, 'UR', 'Uri'),
(126, 204, 'VD', 'Waadt'),
(127, 204, 'VS', 'Wallis'),
(128, 204, 'ZG', 'Zug'),
(129, 204, 'ZH', 'Zürich'),
(130, 195, 'A Coruña', 'A Coruña'),
(131, 195, 'Alava', 'Alava'),
(132, 195, 'Albacete', 'Albacete'),
(133, 195, 'Alicante', 'Alicante'),
(134, 195, 'Almeria', 'Almeria'),
(135, 195, 'Asturias', 'Asturias'),
(136, 195, 'Avila', 'Avila'),
(137, 195, 'Badajoz', 'Badajoz'),
(138, 195, 'Baleares', 'Baleares'),
(139, 195, 'Barcelona', 'Barcelona'),
(140, 195, 'Burgos', 'Burgos'),
(141, 195, 'Caceres', 'Caceres'),
(142, 195, 'Cadiz', 'Cadiz'),
(143, 195, 'Cantabria', 'Cantabria'),
(144, 195, 'Castellon', 'Castellon'),
(145, 195, 'Ceuta', 'Ceuta'),
(146, 195, 'Ciudad Real', 'Ciudad Real'),
(147, 195, 'Cordoba', 'Cordoba'),
(148, 195, 'Cuenca', 'Cuenca'),
(149, 195, 'Girona', 'Girona'),
(150, 195, 'Granada', 'Granada'),
(151, 195, 'Guadalajara', 'Guadalajara'),
(152, 195, 'Guipuzcoa', 'Guipuzcoa'),
(153, 195, 'Huelva', 'Huelva'),
(154, 195, 'Huesca', 'Huesca'),
(155, 195, 'Jaen', 'Jaen'),
(156, 195, 'La Rioja', 'La Rioja'),
(157, 195, 'Las Palmas', 'Las Palmas'),
(158, 195, 'Leon', 'Leon'),
(159, 195, 'Lleida', 'Lleida'),
(160, 195, 'Lugo', 'Lugo'),
(161, 195, 'Madrid', 'Madrid'),
(162, 195, 'Malaga', 'Malaga'),
(163, 195, 'Melilla', 'Melilla'),
(164, 195, 'Murcia', 'Murcia'),
(165, 195, 'Navarra', 'Navarra'),
(166, 195, 'Ourense', 'Ourense'),
(167, 195, 'Palencia', 'Palencia'),
(168, 195, 'Pontevedra', 'Pontevedra'),
(169, 195, 'Salamanca', 'Salamanca'),
(170, 195, 'Santa Cruz de Tenerife', 'Santa Cruz de Tenerife'),
(171, 195, 'Segovia', 'Segovia'),
(172, 195, 'Sevilla', 'Sevilla'),
(173, 195, 'Soria', 'Soria'),
(174, 195, 'Tarragona', 'Tarragona'),
(175, 195, 'Teruel', 'Teruel'),
(176, 195, 'Toledo', 'Toledo'),
(177, 195, 'Valencia', 'Valencia'),
(178, 195, 'Valladolid', 'Valladolid'),
(179, 195, 'Vizcaya', 'Vizcaya'),
(180, 195, 'Zamora', 'Zamora'),
(181, 195, 'Zaragoza', 'Zaragoza');

--
-- Truncate table before insert `zones_to_geo_zones`
--

TRUNCATE TABLE `zones_to_geo_zones`;COMMIT;

/*!40101 SET CHARACTER_SET_CLIENT=@OLD_CHARACTER_SET_CLIENT */;
/*!40101 SET CHARACTER_SET_RESULTS=@OLD_CHARACTER_SET_RESULTS */;
/*!40101 SET COLLATION_CONNECTION=@OLD_COLLATION_CONNECTION */;
